ID, Name, Org Name, Total Networks Searched, Time Frame, License Plate, Reason, Case #, Filters, Search Time, Search Type, Text Prompt, Moderation
0a528fe7-c146-4c66-8f14-fda7caf93c6c,Jacob White,Lee's Summit MO PD,2,"06/27/2026, 07:30:40 PM UTC
07/27/2026, 07:30:40 PM UTC",REDACTED ,Wanted Person (Arrest Warrant/Fugitive),REDACTED ,,"07/28/2026, 01:48:50 AM UTC",lookup,,
5d093176-d388-4707-bbb7-88e132e9c994,Jacob White,Lee's Summit MO PD,2,"06/27/2026, 07:30:40 PM UTC
07/27/2026, 07:30:40 PM UTC",REDACTED ,Wanted Person (Arrest Warrant/Fugitive),REDACTED ,,"07/28/2026, 01:45:47 AM UTC",lookup,,
c1823f0b-84c0-4ca5-bcc8-39a3488ee073,Jacob White,Lee's Summit MO PD,2,"06/27/2026, 07:30:40 PM UTC
07/27/2026, 07:30:40 PM UTC",REDACTED ,Wanted Person (Arrest Warrant/Fugitive),REDACTED ,,"07/27/2026, 11:05:14 PM UTC",lookup,,
c8a3b4cd-af97-466d-90c7-771ab51dc776,Jacob White,Lee's Summit MO PD,2,"06/27/2026, 07:30:40 PM UTC
07/27/2026, 07:30:40 PM UTC",REDACTED ,Wanted Person (Arrest Warrant/Fugitive),REDACTED ,,"07/27/2026, 11:02:49 PM UTC",lookup,,
8c5231ab-5bd7-4544-b030-95a4ecad7843,Jacob White,Lee's Summit MO PD,2,"06/27/2026, 07:30:40 PM UTC
07/27/2026, 07:30:40 PM UTC",REDACTED ,Wanted Person (Arrest Warrant/Fugitive),REDACTED ,,"07/27/2026, 10:31:16 PM UTC",lookup,,
6579bed9-3ca4-434d-985d-7db0f0db043f,Todd Weger,Lee's Summit MO PD,1,"07/25/2026, 08:00:00 PM UTC
07/25/2026, 10:55:00 PM UTC",REDACTED ,Larceny/Theft Offenses - stealing,REDACTED ,"Coupe, Sedan, Nissan, black, kansas","07/27/2026, 09:35:30 PM UTC",lookup,,
ec20f1e6-5749-4f50-8907-53ee4da8ad49,Todd Weger,Lee's Summit MO PD,1,"07/25/2026, 08:00:00 PM UTC
07/25/2026, 10:55:00 PM UTC",REDACTED ,Larceny/Theft Offenses - stealing,REDACTED ,"Coupe, Sedan, Nissan, black, kansas","07/27/2026, 09:35:19 PM UTC",lookup,,
d77c305a-0928-432d-bacb-f2b6907b70a4,Todd Weger,Lee's Summit MO PD,1,"07/25/2026, 08:00:00 PM UTC
07/25/2026, 10:55:00 PM UTC",REDACTED ,Larceny/Theft Offenses - stealing,REDACTED ,"Coupe, Sedan, Nissan, black, kansas","07/27/2026, 09:34:47 PM UTC",lookup,,
a5d926fa-3ab2-42c6-8696-5698395dd4c4,Todd Weger,Lee's Summit MO PD,2,"07/25/2026, 08:00:00 PM UTC
07/25/2026, 10:55:00 PM UTC",REDACTED ,Larceny/Theft Offenses - stealing,REDACTED ,"Coupe, Sedan, Nissan, black, kansas","07/27/2026, 09:34:21 PM UTC",lookup,,
aa43b277-fec8-4299-ae5c-e5fb9c6040f8,Amanda Schulte,Lee's Summit MO PD,1016,"06/27/2026, 09:00:30 PM UTC
07/27/2026, 09:00:30 PM UTC",REDACTED ,Driving Under the Influence (DUI/DWI/OWI/OVI),REDACTED ,missouri,"07/27/2026, 08:47:32 PM UTC",lookup,,
9eff1654-c5d1-473e-9846-3da06ae67786,Todd Weger,Lee's Summit MO PD,1,"07/25/2026, 08:00:00 PM UTC
07/25/2026, 10:55:00 PM UTC",REDACTED ,Larceny/Theft Offenses - stealing,REDACTED ,"Coupe, Sedan, Nissan, black","07/27/2026, 08:40:41 PM UTC",search,,
3645ed98-839c-4f6c-b3bf-ba1b1fedecbe,Todd Weger,Lee's Summit MO PD,1,"07/25/2026, 08:00:00 PM UTC
07/25/2026, 10:55:00 PM UTC",REDACTED ,Larceny/Theft Offenses - stealing,REDACTED ,"Coupe, Sedan, Nissan, black","07/27/2026, 08:39:48 PM UTC",search,,
d1642336-2a0f-478f-92bd-93a44af738a1,Todd Weger,Lee's Summit MO PD,1,"07/25/2026, 08:00:00 PM UTC
07/25/2026, 10:55:00 PM UTC",REDACTED ,Larceny/Theft Offenses - stealing,REDACTED ,"Coupe, Sedan, Nissan, black","07/27/2026, 08:39:37 PM UTC",search,,
c9c26daa-8ddc-4988-8e01-f4bf7a1a4b93,Todd Weger,Lee's Summit MO PD,1,"07/25/2026, 08:00:00 PM UTC
07/25/2026, 10:55:00 PM UTC",REDACTED ,Larceny/Theft Offenses - stealing,REDACTED ,"Coupe, Sedan, Nissan, black","07/27/2026, 08:34:49 PM UTC",search,,
f5e4dce8-3eb8-4c40-895d-f0c5d7e28662,Todd Weger,Lee's Summit MO PD,1,"07/25/2026, 08:00:00 PM UTC
07/25/2026, 10:55:00 PM UTC",REDACTED ,Larceny/Theft Offenses - stealing,REDACTED ,"Coupe, Sedan, Nissan, black","07/27/2026, 08:34:39 PM UTC",search,,
03b23416-a6ac-4026-8b96-daf727187177,Todd Weger,Lee's Summit MO PD,1,"07/25/2026, 08:00:00 PM UTC
07/25/2026, 10:55:00 PM UTC",REDACTED ,Larceny/Theft Offenses - stealing,REDACTED ,"Coupe, Sedan, Nissan, black","07/27/2026, 08:34:19 PM UTC",search,,
95a4bea6-5131-4a4e-b88d-d77ef2bc4ce8,Todd Weger,Lee's Summit MO PD,1,"07/25/2026, 08:00:00 PM UTC
07/25/2026, 10:55:00 PM UTC",REDACTED ,Larceny/Theft Offenses - stealing,REDACTED ,"Coupe, Sedan, Nissan, black","07/27/2026, 08:34:10 PM UTC",search,,
47b5fa19-0537-4eab-b28f-5078196fc00c,Todd Weger,Lee's Summit MO PD,1,"07/25/2026, 08:00:00 PM UTC
07/25/2026, 10:55:00 PM UTC",REDACTED ,Larceny/Theft Offenses - stealing,REDACTED ,"Coupe, Sedan, Nissan, black","07/27/2026, 08:33:57 PM UTC",search,,
bfab215d-3615-4820-9515-592a1dc263dd,Todd Weger,Lee's Summit MO PD,1,"07/25/2026, 08:00:00 PM UTC
07/25/2026, 10:55:00 PM UTC",REDACTED ,Larceny/Theft Offenses - stealing,REDACTED ,"Coupe, Sedan, Nissan, black","07/27/2026, 08:33:32 PM UTC",search,,
a9b426eb-0a0d-4a5d-84c4-707adc00f734,Todd Weger,Lee's Summit MO PD,2,"07/25/2026, 08:00:00 PM UTC
07/25/2026, 10:55:00 PM UTC",REDACTED ,Larceny/Theft Offenses - stealing,REDACTED ,"Coupe, Sedan, Nissan, black","07/27/2026, 08:33:24 PM UTC",search,,
b38791c1-3dab-42e8-b43f-7559f3741b4b,Todd Weger,Lee's Summit MO PD,1,"07/25/2026, 09:00:00 PM UTC
07/25/2026, 09:55:00 PM UTC",REDACTED ,Larceny/Theft Offenses - stealing,REDACTED ,Nissan,"07/27/2026, 08:32:20 PM UTC",search,,
47668424-e724-46c8-8501-ccbfdeae2272,Todd Weger,Lee's Summit MO PD,1,"07/25/2026, 09:00:00 PM UTC
07/25/2026, 09:55:00 PM UTC",REDACTED ,Larceny/Theft Offenses - stealing,REDACTED ,Nissan,"07/27/2026, 08:31:34 PM UTC",search,,
834d6bbf-df11-4dca-afdd-a0b8361daa0f,Todd Weger,Lee's Summit MO PD,2,"07/25/2026, 09:00:00 PM UTC
07/25/2026, 09:55:00 PM UTC",REDACTED ,Larceny/Theft Offenses - stealing,REDACTED ,Nissan,"07/27/2026, 08:31:13 PM UTC",search,,
c7c38b75-f9ce-4558-8411-27bce4bfe29c,Todd Weger,Lee's Summit MO PD,2,"07/25/2026, 09:00:00 PM UTC
07/25/2026, 09:55:00 PM UTC",REDACTED ,Larceny/Theft Offenses - stealing,REDACTED ,Nissan,"07/27/2026, 08:30:07 PM UTC",search,,
8893d955-6093-4246-a810-0548946fa5f6,Todd Weger,Lee's Summit MO PD,1015,"07/25/2026, 09:00:00 PM UTC
07/25/2026, 09:55:00 PM UTC",REDACTED ,Larceny/Theft Offenses - stealing,REDACTED ,Nissan,"07/27/2026, 08:29:57 PM UTC",search,,
bdc994fd-14cc-4d22-8fcd-87ca4994051a,Jacob White,Lee's Summit MO PD,2,"06/27/2026, 07:30:40 PM UTC
07/27/2026, 07:30:40 PM UTC",REDACTED ,Wanted Person (Arrest Warrant/Fugitive),REDACTED ,,"07/27/2026, 07:26:25 PM UTC",lookup,,
8f5473a8-344e-4abd-9f25-e3dffea5bff0,Jacob White,Lee's Summit MO PD,2,"06/27/2026, 07:30:40 PM UTC
07/27/2026, 07:30:40 PM UTC",REDACTED ,Wanted Person (Arrest Warrant/Fugitive),REDACTED ,,"07/27/2026, 07:16:41 PM UTC",lookup,,
e0b0627b-6457-4a57-9724-742b1d69752e,Jacob White,Lee's Summit MO PD,2,"07/20/2026, 06:30:20 PM UTC
07/27/2026, 06:30:20 PM UTC",REDACTED ,Wanted Person (Arrest Warrant/Fugitive),REDACTED ,,"07/27/2026, 07:16:36 PM UTC",lookup,,
bbc90285-d1cb-4e38-9737-d2a7b3214993,Derrick Liggett,Lee's Summit MO PD,2,"06/27/2026, 07:30:33 PM UTC
07/27/2026, 07:30:33 PM UTC",REDACTED ,Hit and Run/Car Accident,REDACTED ,,"07/27/2026, 07:15:34 PM UTC",lookup,,
becee4d9-8f52-4b92-b4dd-90c3a6e538b6,Derrick Liggett,Lee's Summit MO PD,1016,"06/27/2026, 07:30:00 PM UTC
07/27/2026, 07:30:00 PM UTC",REDACTED ,Hit and Run/Car Accident,REDACTED ,,"07/27/2026, 07:15:09 PM UTC",lookup,,
271313b4-250b-4770-814b-b0329de45985,Derrick Liggett,Lee's Summit MO PD,1016,"06/27/2026, 07:30:00 PM UTC
07/27/2026, 07:30:00 PM UTC",REDACTED ,Hit and Run/Car Accident,REDACTED ,,"07/27/2026, 07:14:42 PM UTC",lookup,,
a0391957-8a72-4aed-8086-f1b84edaad70,Derrick Liggett,Lee's Summit MO PD,1016,"06/27/2026, 07:30:00 PM UTC
07/27/2026, 07:30:00 PM UTC",REDACTED ,Hit and Run/Car Accident,REDACTED ,REDACTED ,"07/27/2026, 07:14:20 PM UTC",search,,
4dfe2d2a-b52e-44cc-bcdc-3c9172c5aca2,Derrick Liggett,Lee's Summit MO PD,1016,"06/27/2026, 07:30:00 PM UTC
07/27/2026, 07:30:00 PM UTC",REDACTED ,Hit and Run/Car Accident,REDACTED ,REDACTED ,"07/27/2026, 07:13:31 PM UTC",search,,
4d908ac0-db87-44ea-b387-0b4831f1f20e,Derrick Liggett,Lee's Summit MO PD,1016,"06/27/2026, 07:30:00 PM UTC
07/27/2026, 07:30:00 PM UTC",REDACTED ,Hit and Run/Car Accident,REDACTED ,,"07/27/2026, 07:13:22 PM UTC",lookup,,
e1b539d0-bfcf-4b86-9546-1b53b565c2a7,Derrick Liggett,Lee's Summit MO PD,1016,"06/27/2026, 07:30:00 PM UTC
07/27/2026, 07:30:00 PM UTC",REDACTED ,Hit and Run/Car Accident,REDACTED ,,"07/27/2026, 07:13:02 PM UTC",lookup,,
cfb2d9d6-5ba2-450e-b4c7-967f021902aa,Derrick Liggett,Lee's Summit MO PD,1016,"07/15/2026, 04:30:00 PM UTC
07/15/2026, 11:30:00 PM UTC",REDACTED ,Hit and Run/Car Accident,REDACTED ,,"07/27/2026, 07:12:23 PM UTC",lookup,,
6f2fcec9-d394-4a83-8c91-acfe42666b4a,Derrick Liggett,Lee's Summit MO PD,1016,"07/27/2026, 12:30:00 PM UTC
07/27/2026, 04:30:00 PM UTC",REDACTED ,Assault/Battery Offenses,REDACTED ,"Honda, blue","07/27/2026, 07:11:19 PM UTC",search,,
703283d1-4dc2-4201-8e89-47d0aa3f054e,Jacob White,Lee's Summit MO PD,2,"07/20/2026, 06:30:20 PM UTC
07/27/2026, 06:30:20 PM UTC",REDACTED ,Wanted Person (Arrest Warrant/Fugitive),REDACTED ,,"07/27/2026, 06:46:21 PM UTC",lookup,,
91dce122-e078-4220-adcd-63093b4f8816,Jacob White,Lee's Summit MO PD,2,"07/20/2026, 06:30:20 PM UTC
07/27/2026, 06:30:20 PM UTC",REDACTED ,Wanted Person (Arrest Warrant/Fugitive),REDACTED ,,"07/27/2026, 06:46:13 PM UTC",lookup,,
925b5a39-a96a-4b23-942f-2a2f48878e44,Amanda Schulte,Lee's Summit MO PD,2,"07/25/2026, 06:30:00 PM UTC
07/27/2026, 06:30:00 PM UTC",REDACTED ,Assault/Battery Offenses - AGG BATTERY HOME INVASION,REDACTED ,,"07/27/2026, 06:10:02 PM UTC",visual,,
6cf77960-c8cc-476d-9423-e4e38d85bd11,Amanda Schulte,Lee's Summit MO PD,1016,"07/25/2026, 06:30:00 PM UTC
07/27/2026, 06:30:00 PM UTC",REDACTED ,Assault/Battery Offenses - AGG BATTERY HOME INVASION,REDACTED ,kansas,"07/27/2026, 06:09:04 PM UTC",lookup,,
d73cecfe-8f0d-4ed0-b69f-0480f57fede5,Jacob White,Lee's Summit MO PD,2,"07/20/2026, 06:30:20 PM UTC
07/27/2026, 06:30:20 PM UTC",REDACTED ,Wanted Person (Arrest Warrant/Fugitive),REDACTED ,,"07/27/2026, 06:05:24 PM UTC",lookup,,
e41466f6-4190-43a0-b2ff-38a9b41d10e4,Sydni Beeman-Price,Lee's Summit MO PD,996,"07/26/2026, 06:00:51 PM UTC
07/27/2026, 06:00:51 PM UTC",REDACTED ,Counterfeiting/Forgery,REDACTED ,"Ford, blue, E318","07/27/2026, 06:00:52 PM UTC",search - Mobile,,
9a576c0e-d059-47b1-82a2-a27816ee9e8d,Sydni Beeman-Price,Lee's Summit MO PD,996,"07/26/2026, 06:00:26 PM UTC
07/27/2026, 06:00:26 PM UTC",REDACTED ,Counterfeiting/Forgery,REDACTED ,"Ford, blue, E318","07/27/2026, 06:00:28 PM UTC",search - Mobile,,
bd1e56ba-d249-42ab-afc5-85737180b212,Amanda Schulte,Lee's Summit MO PD,1016,"07/13/2026, 06:30:22 PM UTC
07/27/2026, 06:30:22 PM UTC",REDACTED ,Wanted Person (Arrest Warrant/Fugitive),REDACTED ,,"07/27/2026, 06:00:26 PM UTC",lookup,,
311085b0-52b4-4d57-8a9f-773216c54b3d,Sydni Beeman-Price,Lee's Summit MO PD,2,"07/26/2026, 05:59:29 PM UTC
07/27/2026, 05:59:29 PM UTC",REDACTED ,Counterfeiting/Forgery,REDACTED ,kansas,"07/27/2026, 05:59:32 PM UTC",search - Mobile,,
d3ea5908-6ce1-4308-a825-efcb5c90ae34,Amanda Schulte,Lee's Summit MO PD,2,"07/20/2026, 06:00:47 PM UTC
07/27/2026, 06:00:47 PM UTC",REDACTED ,Wanted Person (Arrest Warrant/Fugitive),REDACTED ,,"07/27/2026, 05:59:28 PM UTC",lookup,,
a1efc99e-e236-463f-b801-f7925705bea7,Sydni Beeman-Price,Lee's Summit MO PD,2,"07/26/2026, 05:58:30 PM UTC
07/27/2026, 05:58:30 PM UTC",REDACTED ,Counterfeiting/Forgery,REDACTED ,,"07/27/2026, 05:58:32 PM UTC",search - Mobile,,
291585da-30e5-4d51-8987-a2e8972a5ada,Sydni Beeman-Price,Lee's Summit MO PD,996,"07/26/2026, 05:58:15 PM UTC
07/27/2026, 05:58:15 PM UTC",REDACTED ,Counterfeiting/Forgery,REDACTED ,,"07/27/2026, 05:58:19 PM UTC",search - Mobile,,
1c950b76-3857-494d-8cee-23b9a666f0e8,Amanda Schulte,Lee's Summit MO PD,2,"07/20/2026, 06:00:47 PM UTC
07/27/2026, 06:00:47 PM UTC",REDACTED ,Threats/Harassment,REDACTED ,,"07/27/2026, 05:56:48 PM UTC",lookup,,
085f5f82-239e-4608-adba-f6fcf82e064e,Sydni Beeman-Price,Lee's Summit MO PD,1015,"07/26/2026, 06:00:09 PM UTC
07/27/2026, 06:00:09 PM UTC",REDACTED ,Drugs/Narcotics,REDACTED ,,"07/27/2026, 05:55:59 PM UTC",lookup,,
f29de08d-063a-4f18-939e-0cc4ac26f20f,Sydni Beeman-Price,Lee's Summit MO PD,1015,"07/26/2026, 06:00:09 PM UTC
07/27/2026, 06:00:09 PM UTC",REDACTED ,Drugs/Narcotics,REDACTED ,REDACTED ,"07/27/2026, 05:55:13 PM UTC",search,,
ca2f0be3-ea20-4c2d-8f41-9f019a9511cb,Sydni Beeman-Price,Lee's Summit MO PD,2,"07/25/2026, 06:00:32 PM UTC
07/27/2026, 06:00:32 PM UTC",REDACTED ,Drugs/Narcotics,REDACTED ,REDACTED ,"07/27/2026, 05:54:37 PM UTC",search,,
3168d294-bd49-4b59-8c7b-726a4cb696b9,Sydni Beeman-Price,Lee's Summit MO PD,2,"07/25/2026, 06:00:32 PM UTC
07/27/2026, 06:00:32 PM UTC",REDACTED ,Drugs/Narcotics,REDACTED ,REDACTED ,"07/27/2026, 05:54:28 PM UTC",search,,
aa655f4d-da42-4899-b232-523360b80f3f,Sydni Beeman-Price,Lee's Summit MO PD,2,"07/25/2026, 06:00:32 PM UTC
07/27/2026, 06:00:32 PM UTC",REDACTED ,Drugs/Narcotics,REDACTED ,REDACTED ,"07/27/2026, 05:53:43 PM UTC",search,,
04c711a7-d924-4dd0-a199-db95f72502a2,Sydni Beeman-Price,Lee's Summit MO PD,2,"07/26/2026, 06:00:00 PM UTC
07/27/2026, 06:00:00 PM UTC",REDACTED ,Drugs/Narcotics,REDACTED ,REDACTED ,"07/27/2026, 05:53:27 PM UTC",search,,
7fd21168-f636-4524-aff8-0585f97930c1,Sydni Beeman-Price,Lee's Summit MO PD,2,"07/26/2026, 06:00:00 PM UTC
07/27/2026, 06:00:00 PM UTC",REDACTED ,Drugs/Narcotics,REDACTED ,REDACTED ,"07/27/2026, 05:53:17 PM UTC",search,,
14873de8-cfbe-4ed3-9133-41567dd43d5d,Sydni Beeman-Price,Lee's Summit MO PD,2,"07/26/2026, 06:00:00 PM UTC
07/27/2026, 06:00:00 PM UTC",REDACTED ,Drugs/Narcotics,REDACTED ,REDACTED ,"07/27/2026, 05:52:39 PM UTC",search,,
3c0e783a-d8b1-4e79-b78e-71345e86ee23,Sydni Beeman-Price,Lee's Summit MO PD,2,"07/26/2026, 06:00:00 PM UTC
07/27/2026, 06:00:00 PM UTC",REDACTED ,Drugs/Narcotics,REDACTED ,REDACTED ,"07/27/2026, 05:52:32 PM UTC",search,,
25801fdd-870c-4020-9f98-2703f56b2cdd,Sydni Beeman-Price,Lee's Summit MO PD,2,"07/26/2026, 06:00:00 PM UTC
07/27/2026, 06:00:00 PM UTC",REDACTED ,Drugs/Narcotics,REDACTED ,REDACTED ,"07/27/2026, 05:52:11 PM UTC",search,,
8138ba6c-952d-4e9f-96a3-8dc488ecca0a,Sydni Beeman-Price,Lee's Summit MO PD,2,"07/26/2026, 06:00:00 PM UTC
07/27/2026, 06:00:00 PM UTC",REDACTED ,Drugs/Narcotics,REDACTED ,,"07/27/2026, 05:52:08 PM UTC",lookup,,
5dcb9227-4175-4ad2-89b5-7c5bad691fab,Sydni Beeman-Price,Lee's Summit MO PD,2,"07/26/2026, 06:00:00 PM UTC
07/27/2026, 06:00:00 PM UTC",REDACTED ,Drugs/Narcotics,REDACTED ,REDACTED ,"07/27/2026, 05:52:01 PM UTC",search,,
d86b101d-f748-4999-812a-1674d6cc0955,Sydni Beeman-Price,Lee's Summit MO PD,2,"07/27/2026, 04:00:46 PM UTC
07/27/2026, 06:00:46 PM UTC",REDACTED ,Drugs/Narcotics,REDACTED ,REDACTED ,"07/27/2026, 05:51:57 PM UTC",search,,
7f40f4fe-d0d4-4d34-b6e2-3e9926d8c1a7,Jacob White,Lee's Summit MO PD,2,"06/27/2026, 06:00:00 PM UTC
07/27/2026, 06:00:00 PM UTC",REDACTED ,Wanted Person (Arrest Warrant/Fugitive),REDACTED ,,"07/27/2026, 05:38:39 PM UTC",lookup,,
d56f3386-b11d-48cf-bffb-2e1b36be5b7b,Jacob White,Lee's Summit MO PD,2,"06/27/2026, 06:00:00 PM UTC
07/27/2026, 06:00:00 PM UTC",REDACTED ,Wanted Person (Arrest Warrant/Fugitive),REDACTED ,,"07/27/2026, 05:38:01 PM UTC",lookup,,
3df82901-cee6-4f99-bc1b-05e257ec0550,Derrick Liggett,Lee's Summit MO PD,1016,"07/27/2026, 12:30:00 PM UTC
07/27/2026, 04:30:00 PM UTC",REDACTED ,Assault/Battery Offenses,REDACTED ,"Honda, blue","07/27/2026, 04:29:56 PM UTC",search,,
08172995-4ff9-4c0d-9c6f-35e6025b3024,Ryan Brownell,Lee's Summit MO PD,6196,"06/27/2026, 04:30:03 PM UTC
07/27/2026, 04:30:03 PM UTC",REDACTED ,Animal Offenses (cruelty/neglect),REDACTED ,,"07/27/2026, 04:10:27 PM UTC",lookup,,
29b113b7-4917-4b4f-b97c-df855954f157,Derrick Liggett,Lee's Summit MO PD,1016,"07/27/2026, 12:30:00 PM UTC
07/27/2026, 04:30:00 PM UTC",REDACTED ,Assault/Battery Offenses,REDACTED ,"Honda, blue","07/27/2026, 04:09:34 PM UTC",search,,
3571dc3c-32f3-43d9-aa4e-6bf69bbef564,Derrick Liggett,Lee's Summit MO PD,1016,"07/27/2026, 02:30:11 PM UTC
07/27/2026, 04:30:11 PM UTC",REDACTED ,Assault/Battery Offenses,REDACTED ,"Honda, blue","07/27/2026, 04:09:12 PM UTC",search,,
5dd03b6e-2d10-4c3d-9ba7-845df0450ae1,Derrick Liggett,Lee's Summit MO PD,1016,"07/20/2026, 04:00:27 PM UTC
07/27/2026, 04:00:27 PM UTC",REDACTED ,Assault/Battery Offenses,REDACTED ,"Honda, blue","07/27/2026, 04:08:35 PM UTC",search,,
56114a3e-c76c-4b99-ab6a-c1898e980329,Derrick Liggett,Lee's Summit MO PD,1016,"07/20/2026, 04:00:27 PM UTC
07/27/2026, 04:00:27 PM UTC",REDACTED ,Assault/Battery Offenses,REDACTED ,,"07/27/2026, 04:08:06 PM UTC",lookup,,
451ddbb2-daa8-48e8-8a09-3a6910bd5c73,Sydni Beeman-Price,Lee's Summit MO PD,2,"07/27/2026, 02:00:13 PM UTC
07/27/2026, 04:00:13 PM UTC",REDACTED ,Assault/Battery Offenses,REDACTED ,"Sedan, Honda","07/27/2026, 04:07:19 PM UTC",search,,
66b09f2e-820d-4ade-b3f7-b888a596280b,Sydni Beeman-Price,Lee's Summit MO PD,2,"07/27/2026, 02:00:13 PM UTC
07/27/2026, 04:00:13 PM UTC",REDACTED ,Assault/Battery Offenses,REDACTED ,"Sedan, Honda, blue","07/27/2026, 04:06:53 PM UTC",search,,
fd55f164-ae79-4d11-9616-654885a1742f,Sydni Beeman-Price,Lee's Summit MO PD,2,"07/27/2026, 02:00:13 PM UTC
07/27/2026, 04:00:13 PM UTC",REDACTED ,Assault/Battery Offenses,REDACTED ,"Sedan, Honda, blue","07/27/2026, 04:06:41 PM UTC",search,,
14f9187f-02a8-453f-a044-2aae74c5bcc5,Sydni Beeman-Price,Lee's Summit MO PD,2,"07/27/2026, 02:00:13 PM UTC
07/27/2026, 04:00:13 PM UTC",REDACTED ,Assault/Battery Offenses,REDACTED ,"Sedan, Honda, blue","07/27/2026, 04:05:00 PM UTC",search,,
1c29b463-61a7-43a1-8f57-cea00085c845,Ryan Brownell,Lee's Summit MO PD,6196,"06/27/2026, 04:30:03 PM UTC
07/27/2026, 04:30:03 PM UTC",REDACTED ,Animal Offenses (cruelty/neglect),REDACTED ,,"07/27/2026, 04:00:11 PM UTC",lookup,,
85c18805-e31a-4217-9615-b0cc4d0e0b76,Derrick Liggett,Lee's Summit MO PD,2,"07/20/2026, 04:00:27 PM UTC
07/27/2026, 04:00:27 PM UTC",REDACTED ,Assault/Battery Offenses,REDACTED ,,"07/27/2026, 03:59:29 PM UTC",lookup,,
fd1e4cfd-7200-49fc-aefd-2b92b505a3a8,Derrick Liggett,Lee's Summit MO PD,2,"07/26/2026, 04:00:22 PM UTC
07/27/2026, 04:00:22 PM UTC",REDACTED ,Assault/Battery Offenses,REDACTED ,,"07/27/2026, 03:59:24 PM UTC",lookup,,
ec6fbaae-95b4-4ba4-816e-48fce7c66e8b,Derrick Liggett,Lee's Summit MO PD,2,"07/27/2026, 10:00:11 AM UTC
07/27/2026, 04:00:11 PM UTC",REDACTED ,Assault/Battery Offenses,REDACTED ,,"07/27/2026, 03:59:07 PM UTC",freeform,objectClass:vehicle blue car with stickers on back,allow
4a43f4d7-27cf-4d2c-b708-74ebb8963ad6,Ryan Brownell,Lee's Summit MO PD,2,"06/27/2026, 04:00:51 PM UTC
07/27/2026, 04:00:51 PM UTC",REDACTED ,Assault/Battery Offenses,REDACTED ,,"07/27/2026, 03:59:03 PM UTC",lookup,,
9749694e-a02f-43bd-b750-32c133feb144,Ryan Brownell,Lee's Summit MO PD,2,"06/27/2026, 04:00:51 PM UTC
07/27/2026, 04:00:51 PM UTC",REDACTED ,Assault/Battery Offenses,REDACTED ,"Sedan, Coupe, Honda, blue","07/27/2026, 03:58:58 PM UTC",lookup,,
9382f4b3-02f4-41f7-b180-274d6a153004,Ryan Brownell,Lee's Summit MO PD,2,"06/27/2026, 04:00:51 PM UTC
07/27/2026, 04:00:51 PM UTC",REDACTED ,Assault/Battery Offenses,REDACTED ,"Sedan, Coupe, Honda, blue, missouri","07/27/2026, 03:58:34 PM UTC",lookup,,
2219b17c-3306-4c01-b0c5-f97e01688afb,Derrick Liggett,Lee's Summit MO PD,2,"07/27/2026, 10:00:11 AM UTC
07/27/2026, 04:00:11 PM UTC",REDACTED ,Assault/Battery Offenses,REDACTED ,,"07/27/2026, 03:57:16 PM UTC",freeform,objectClass:vehicle blue car with stickers on back,allow
eff8dd0a-d171-4440-8466-d4c3625e06b6,Derrick Liggett,Lee's Summit MO PD,2,"07/27/2026, 02:00:02 PM UTC
07/27/2026, 04:00:02 PM UTC",REDACTED ,Assault/Battery Offenses,REDACTED ,blue,"07/27/2026, 03:56:46 PM UTC",search,,
c6c443f6-c1da-480f-bedf-8bb742002272,Derrick Liggett,Lee's Summit MO PD,2,"07/27/2026, 02:00:02 PM UTC
07/27/2026, 04:00:02 PM UTC",REDACTED ,Assault/Battery Offenses,REDACTED ,"Honda, blue","07/27/2026, 03:56:35 PM UTC",search,,
5d1f8570-7a6f-48bc-b2ad-06252bc0cf13,Derrick Liggett,Lee's Summit MO PD,1016,"07/27/2026, 02:00:02 PM UTC
07/27/2026, 04:00:02 PM UTC",REDACTED ,Assault/Battery Offenses,REDACTED ,"Honda, blue","07/27/2026, 03:56:18 PM UTC",search,,
7e87ef3a-ee12-45e0-88db-7db725c249ab,Ryan Brownell,Lee's Summit MO PD,6196,"06/27/2026, 04:00:51 PM UTC
07/27/2026, 04:00:51 PM UTC",REDACTED ,Assault/Battery Offenses,REDACTED ,"Sedan, Coupe, Honda, blue","07/27/2026, 03:56:03 PM UTC",lookup,,
44102d9a-0d3e-4c95-b3f3-7d6724e4eb84,Ryan Brownell,Lee's Summit MO PD,6196,"06/27/2026, 04:00:51 PM UTC
07/27/2026, 04:00:51 PM UTC",REDACTED ,Assault/Battery Offenses,REDACTED ,"Sedan, Coupe, Honda, blue","07/27/2026, 03:56:00 PM UTC",lookup,,
62bd827a-1a84-4a0e-9fc0-c121e4a6c316,Ryan Brownell,Lee's Summit MO PD,6196,"06/27/2026, 04:00:51 PM UTC
07/27/2026, 04:00:51 PM UTC",REDACTED ,Assault/Battery Offenses,REDACTED ,"Sedan, Coupe, Hatchback, Honda, blue","07/27/2026, 03:55:54 PM UTC",lookup,,
a70e9d20-cf42-4e7c-adfb-44a04acdc706,Ryan Brownell,Lee's Summit MO PD,2,"07/27/2026, 02:00:12 PM UTC
07/27/2026, 04:00:12 PM UTC",REDACTED ,Assault/Battery Offenses,REDACTED ,"Sedan, Coupe, Hatchback, Honda, blue","07/27/2026, 03:55:30 PM UTC",lookup,,
f8fdbc91-8e57-44af-945a-029da204a100,Ryan Brownell,Lee's Summit MO PD,2,"07/27/2026, 02:00:12 PM UTC
07/27/2026, 04:00:12 PM UTC",REDACTED ,Assault/Battery Offenses,REDACTED ,"Sedan, Coupe, Hatchback, Honda, blue","07/27/2026, 03:55:04 PM UTC",lookup,,
b89abeac-5e2e-4a84-ab57-e9cd53ddff83,Ryan Brownell,Lee's Summit MO PD,2,"07/27/2026, 02:00:12 PM UTC
07/27/2026, 04:00:12 PM UTC",REDACTED ,Assault/Battery Offenses,REDACTED ,"Sedan, Coupe, Hatchback, Honda, blue","07/27/2026, 03:54:50 PM UTC",lookup,,
e76efc2e-e4d3-4b37-98ea-09e44b894b71,Ryan Brownell,Lee's Summit MO PD,2,"07/27/2026, 02:00:12 PM UTC
07/27/2026, 04:00:12 PM UTC",REDACTED ,Assault/Battery Offenses,REDACTED ,"Sedan, Coupe, Hatchback, Honda, blue","07/27/2026, 03:54:40 PM UTC",lookup,,
9bd2bb1b-8134-4570-b11a-6b85efd90c6d,Sydni Beeman-Price,Lee's Summit MO PD,2,"07/27/2026, 02:00:13 PM UTC
07/27/2026, 04:00:13 PM UTC",REDACTED ,Assault/Battery Offenses,REDACTED ,"Sedan, Honda, blue","07/27/2026, 03:52:11 PM UTC",search,,
d75a15ae-d61e-47a0-856f-dde25d465242,Sydni Beeman-Price,Lee's Summit MO PD,2,"07/27/2026, 02:00:13 PM UTC
07/27/2026, 04:00:13 PM UTC",REDACTED ,Assault/Battery Offenses,REDACTED ,"Sedan, Honda, blue","07/27/2026, 03:52:01 PM UTC",search,,
96d06c1c-17ef-46c8-9e6a-9a6f805ba715,Sydni Beeman-Price,Lee's Summit MO PD,2,"07/27/2026, 02:00:13 PM UTC
07/27/2026, 04:00:13 PM UTC",REDACTED ,Assault/Battery Offenses,REDACTED ,"Sedan, Honda, blue","07/27/2026, 03:51:30 PM UTC",search,,
66c1f675-b0e2-450d-bd95-07eacacdc2c3,Ryan Brownell,Lee's Summit MO PD,1,"07/27/2026, 02:00:42 PM UTC
07/27/2026, 04:00:42 PM UTC",REDACTED ,Missing/Endangered Person/Runaway,REDACTED ,,"07/27/2026, 03:49:39 PM UTC",search,,
06f0a9f7-1448-475a-9d4c-e78866b9ca8a,Ryan Brownell,Lee's Summit MO PD,1,"07/27/2026, 02:00:42 PM UTC
07/27/2026, 04:00:42 PM UTC",REDACTED ,Missing/Endangered Person/Runaway,REDACTED ,,"07/27/2026, 03:48:19 PM UTC",search,,
73c6afef-5aef-4f40-befb-fd1e0bb7f286,Ryan Brownell,Lee's Summit MO PD,1016,"07/27/2026, 02:00:42 PM UTC
07/27/2026, 04:00:42 PM UTC",REDACTED ,Missing/Endangered Person/Runaway,REDACTED ,,"07/27/2026, 03:47:52 PM UTC",search,,
2bf706f9-feaf-4935-8b87-37b65b84bd0a,Sydni Beeman-Price,Lee's Summit MO PD,2,"07/27/2026, 02:00:13 PM UTC
07/27/2026, 04:00:13 PM UTC",REDACTED ,Assault/Battery Offenses,REDACTED ,"Sedan, Honda, blue","07/27/2026, 03:46:45 PM UTC",search,,
d7b2680e-114c-4ceb-bb14-41d95e84f37d,Kent Miller,Lee's Summit MO PD,2,"07/27/2026, 02:00:27 PM UTC
07/27/2026, 04:00:27 PM UTC",REDACTED ,Welfare Check - suicidal party,REDACTED ,"Honda, blue","07/27/2026, 03:44:24 PM UTC",search,,
6cd97334-c806-47ae-ae07-bd087993596d,Kent Miller,Lee's Summit MO PD,2,"07/27/2026, 02:00:27 PM UTC
07/27/2026, 04:00:27 PM UTC",REDACTED ,Welfare Check - suicidal party,REDACTED ,"Honda, blue","07/27/2026, 03:44:08 PM UTC",search,,
36dff0db-42d5-4831-9e55-20e7253a910d,Kent Miller,Lee's Summit MO PD,1015,"07/27/2026, 02:00:27 PM UTC
07/27/2026, 04:00:27 PM UTC",REDACTED ,Welfare Check - suicidal party,REDACTED ,"Honda, blue","07/27/2026, 03:43:51 PM UTC",search,,
dea991e7-7fb4-4a7e-9147-55f299bdf5a7,Stephanie Kennedy,Lee's Summit MO PD,2,"07/27/2026, 02:00:45 PM UTC
07/27/2026, 04:00:45 PM UTC",REDACTED ,Assault/Battery Offenses,REDACTED ,"Honda, blue","07/27/2026, 03:41:33 PM UTC",search,,
029ab375-c282-4e30-be58-2699e16a1ce9,Stephanie Kennedy,Lee's Summit MO PD,1015,"07/27/2026, 02:00:45 PM UTC
07/27/2026, 04:00:45 PM UTC",REDACTED ,Assault/Battery Offenses,REDACTED ,"Honda, blue","07/27/2026, 03:41:05 PM UTC",search,,
fe3fe841-c4b0-4518-a9c9-a9cd8abeb36e,Amanda Schulte,Lee's Summit MO PD,1016,"07/20/2026, 03:30:08 PM UTC
07/27/2026, 03:30:08 PM UTC",REDACTED ,Wanted Person (Arrest Warrant/Fugitive),REDACTED ,,"07/27/2026, 03:39:16 PM UTC",lookup,,
2200d3ad-2539-4392-945e-9231c51b692b,Amanda Schulte,Lee's Summit MO PD,1016,"07/20/2026, 03:30:08 PM UTC
07/27/2026, 03:30:08 PM UTC",REDACTED ,Wanted Person (Arrest Warrant/Fugitive),REDACTED ,,"07/27/2026, 03:36:52 PM UTC",lookup,,
96b2bf16-85bf-4622-ab7c-790b4998cb4a,Kent Miller,Lee's Summit MO PD,2,"07/27/2026, 09:36:14 AM UTC
07/27/2026, 03:36:14 PM UTC",REDACTED ,Welfare Check - Suicidal,REDACTED ,"Sedan, Honda, blue","07/27/2026, 03:36:16 PM UTC",search - Mobile,,
b905bee7-6bc7-410a-8782-208dbe70d5a5,Kent Miller,Lee's Summit MO PD,996,"07/27/2026, 09:35:37 AM UTC
07/27/2026, 03:35:37 PM UTC",REDACTED ,Welfare Check - Suicidal,REDACTED ,"Sedan, Honda, blue","07/27/2026, 03:35:40 PM UTC",search - Mobile,,
d2aa3f59-108a-4b78-9481-8042044d18e3,Amanda Schulte,Lee's Summit MO PD,1016,"07/20/2026, 03:30:08 PM UTC
07/27/2026, 03:30:08 PM UTC",REDACTED ,Wanted Person (Arrest Warrant/Fugitive),REDACTED ,,"07/27/2026, 03:21:10 PM UTC",lookup,,
82e62478-84ed-402c-bd00-eb9ea3eab090,Ben Griffin,Lee's Summit MO PD,1016,"07/23/2026, 10:00:00 PM UTC
07/23/2026, 10:55:00 PM UTC",REDACTED ,Hit and Run/Car Accident - Hit and Run Suspect,REDACTED ,"Hatchback, Wagon, SUV, white, kansas","07/27/2026, 02:25:32 PM UTC",search,,
7059d070-8e99-45a3-9619-26c84faf3c2d,Ben Griffin,Lee's Summit MO PD,1016,"07/23/2026, 10:00:00 PM UTC
07/23/2026, 10:05:00 PM UTC",REDACTED ,Hit and Run/Car Accident - Hit and Run Suspect,REDACTED ,"Hatchback, Wagon, SUV, white, kansas","07/27/2026, 02:25:06 PM UTC",search,,
7c193d21-bc18-40d6-8397-6f6901aac319,Ben Griffin,Lee's Summit MO PD,1016,"07/23/2026, 10:00:00 PM UTC
07/23/2026, 10:05:00 PM UTC",REDACTED ,Hit and Run/Car Accident - Hit and Run Suspect,REDACTED ,"Hatchback, Wagon, SUV, white, kansas","07/27/2026, 02:24:40 PM UTC",search,,
88e267f1-1b26-4692-ab52-9938ee0774fe,Ben Griffin,Lee's Summit MO PD,1016,"07/23/2026, 10:00:00 PM UTC
07/23/2026, 10:05:00 PM UTC",REDACTED ,Hit and Run/Car Accident - Hit and Run Suspect,REDACTED ,"Hatchback, Wagon, SUV, white, kansas","07/27/2026, 02:24:03 PM UTC",search,,
9be848b5-c558-4bcf-be5a-033e2aba1652,Clayton Majors,Lee's Summit MO PD,1016,"07/26/2026, 09:30:45 AM UTC
07/27/2026, 09:30:45 AM UTC",REDACTED ,Assault/Battery Offenses - Atl Subjects for Possible shooting,REDACTED ,"Sedan, white, missouri","07/27/2026, 09:17:51 AM UTC",lookup,,
5ec3b54c-50bb-4e23-a3bc-2e30f7bd73c3,Clayton Majors,Lee's Summit MO PD,1016,"07/26/2026, 09:30:45 AM UTC
07/27/2026, 09:30:45 AM UTC",REDACTED ,Assault/Battery Offenses - Atl Subjects for Possible shooting,REDACTED ,"Sedan, white, missouri","07/27/2026, 09:13:55 AM UTC",lookup,,
acd9bf69-98e1-4454-98fa-97d10f6242f1,Clayton Majors,Lee's Summit MO PD,1016,"07/26/2026, 09:30:45 AM UTC
07/27/2026, 09:30:45 AM UTC",REDACTED ,Assault/Battery Offenses - Atl Subjects for Possible shooting,REDACTED ,"Sedan, white, missouri","07/27/2026, 09:11:33 AM UTC",lookup,,
eeedc671-ad78-4d2a-a166-249467b61d67,Clayton Majors,Lee's Summit MO PD,1016,"07/26/2026, 09:30:45 AM UTC
07/27/2026, 09:30:45 AM UTC",REDACTED ,Assault/Battery Offenses - Atl Subjects for Possible shooting,REDACTED ,"Sedan, white, missouri","07/27/2026, 09:10:46 AM UTC",lookup,,
16a28555-6684-4cb0-9baa-3e10d47ae78a,Clayton Majors,Lee's Summit MO PD,1016,"07/13/2026, 09:30:48 AM UTC
07/27/2026, 09:30:48 AM UTC",REDACTED ,Assault/Battery Offenses - Atl Subjects for Possible shooting,REDACTED ,"Sedan, white, missouri","07/27/2026, 09:08:27 AM UTC",lookup,,
5a9e4419-b03f-4645-a9e4-c7b5f623c83b,Clayton Majors,Lee's Summit MO PD,1016,"07/13/2026, 09:30:48 AM UTC
07/27/2026, 09:30:48 AM UTC",REDACTED ,Assault/Battery Offenses - Atl Subjects for Possible shooting,REDACTED ,"Sedan, white, missouri","07/27/2026, 09:08:03 AM UTC",lookup,,
3e4c7609-6567-4240-88ce-174592760823,Clayton Majors,Lee's Summit MO PD,1016,"07/13/2026, 09:30:48 AM UTC
07/27/2026, 09:30:48 AM UTC",REDACTED ,Assault/Battery Offenses - Atl Subjects for Possible shooting,REDACTED ,"Sedan, white, missouri","07/27/2026, 09:00:51 AM UTC",lookup,,
427e38aa-52b0-483e-b1b1-272a1abc3eba,Clayton Majors,Lee's Summit MO PD,1016,"07/20/2026, 09:30:22 AM UTC
07/27/2026, 09:30:22 AM UTC",REDACTED ,Assault/Battery Offenses - Atl Subjects for Possible shooting,REDACTED ,"Sedan, white, missouri","07/27/2026, 09:00:24 AM UTC",lookup,,
12ce1916-03c0-491a-8b93-339290e75265,Clayton Majors,Lee's Summit MO PD,1016,"07/26/2026, 08:30:00 AM UTC
07/27/2026, 11:30:00 AM UTC",REDACTED ,Assault/Battery Offenses - Atl Subjects for Possible shooting,REDACTED ,"Sedan, white, missouri","07/27/2026, 08:58:40 AM UTC",lookup,,
20b9c1f0-9f2a-47eb-a6b4-63012da42b8e,Clayton Majors,Lee's Summit MO PD,1016,"07/26/2026, 08:30:00 AM UTC
07/27/2026, 11:30:00 AM UTC",REDACTED ,Assault/Battery Offenses - Atl Subjects for Possible shooting,REDACTED ,"Sedan, white, missouri","07/27/2026, 08:55:50 AM UTC",lookup,,
9873ae89-cdd7-4a75-ae3c-7ca8256703bd,Clayton Majors,Lee's Summit MO PD,1016,"07/26/2026, 08:30:00 AM UTC
07/27/2026, 11:30:00 AM UTC",REDACTED ,Assault/Battery Offenses - Atl Subjects for Possible shooting,REDACTED ,"Sedan, white, missouri","07/27/2026, 08:53:52 AM UTC",lookup,,
9c8c0065-0390-425a-b6e7-3b125c9fb0ad,Clayton Majors,Lee's Summit MO PD,1016,"07/26/2026, 08:30:00 AM UTC
07/27/2026, 11:30:00 AM UTC",REDACTED ,Assault/Battery Offenses - Atl Subjects for Possible shooting,REDACTED ,missouri,"07/27/2026, 08:52:40 AM UTC",lookup,,
b1c0b27e-9740-4fbd-b010-d5a73a5b73cf,Clayton Majors,Lee's Summit MO PD,1016,"07/26/2026, 08:30:00 AM UTC
07/27/2026, 11:30:00 AM UTC",REDACTED ,Assault/Battery Offenses - Atl Subjects for Possible shooting,REDACTED ,missouri,"07/27/2026, 08:52:26 AM UTC",lookup,,
4d913143-2200-4bc5-bfa6-5533a1e7aec9,Clayton Majors,Lee's Summit MO PD,1016,"07/26/2026, 08:30:00 AM UTC
07/27/2026, 11:30:00 AM UTC",REDACTED ,Assault/Battery Offenses - Atl Subjects for Possible shooting,REDACTED ,missouri,"07/27/2026, 08:51:42 AM UTC",lookup,,
593177be-d0db-4dbd-9b6a-2a643bd3aa40,Cameron Egan,Lee's Summit MO PD,2,"07/27/2026, 07:00:13 AM UTC
07/27/2026, 09:00:13 AM UTC",REDACTED ,Threats/Harassment,REDACTED ,,"07/27/2026, 08:50:31 AM UTC",lookup,,
1404259a-05d7-425f-8853-0377c99eaf47,Clayton Majors,Lee's Summit MO PD,1016,"07/26/2026, 08:30:00 AM UTC
07/27/2026, 11:30:00 AM UTC",REDACTED ,Assault/Battery Offenses - Atl Subjects for Possible shooting,REDACTED ,missouri,"07/27/2026, 08:44:00 AM UTC",lookup,,
ef28cfcd-22f4-4f80-b0c0-535a9807fc25,Clayton Majors,Lee's Summit MO PD,1016,"07/26/2026, 08:30:00 AM UTC
07/27/2026, 11:30:00 AM UTC",REDACTED ,Assault/Battery Offenses - Atl Subjects for Possible shooting,REDACTED ,missouri,"07/27/2026, 08:43:31 AM UTC",lookup,,
229588bc-d3d1-4bdc-be43-9d69abf3c857,Clayton Majors,Lee's Summit MO PD,1016,"07/26/2026, 08:30:00 AM UTC
07/27/2026, 11:30:00 AM UTC",REDACTED ,Assault/Battery Offenses - Atl Subjects for Possible shooting,REDACTED ,missouri,"07/27/2026, 08:42:28 AM UTC",lookup,,
0a238dad-5e32-4f73-90c1-db94e9102edc,Cameron Egan,Lee's Summit MO PD,6199,"06/27/2026, 08:41:36 AM UTC
07/27/2026, 08:41:36 AM UTC",REDACTED ,Threats/Harassment,REDACTED ,,"07/27/2026, 08:41:41 AM UTC",lookup,,
5e1e29ab-2ecf-46e0-8a89-05c596926e1f,Clayton Majors,Lee's Summit MO PD,1016,"07/26/2026, 08:30:00 AM UTC
07/27/2026, 11:30:00 AM UTC",REDACTED ,Assault/Battery Offenses - Atl Subjects for Possible shooting,REDACTED ,missouri,"07/27/2026, 08:39:57 AM UTC",lookup,,
ae189842-d28e-4a6d-8573-2510707cead6,Clayton Majors,Lee's Summit MO PD,1016,"07/26/2026, 08:30:00 AM UTC
07/27/2026, 11:30:00 AM UTC",REDACTED ,Assault/Battery Offenses - Atl Subjects for Possible shooting,REDACTED ,missouri,"07/27/2026, 08:39:11 AM UTC",lookup,,
bf9cfff5-67f3-4c3a-a3ea-622f62ae2069,Clayton Majors,Lee's Summit MO PD,1016,"07/26/2026, 08:30:00 AM UTC
07/27/2026, 11:30:00 AM UTC",REDACTED ,Assault/Battery Offenses - Atl Subjects for Possible shooting,REDACTED ,missouri,"07/27/2026, 08:38:42 AM UTC",lookup,,
88ee1a66-c37c-4348-b2dc-c329a35f446c,Clayton Majors,Lee's Summit MO PD,1016,"07/26/2026, 08:30:00 AM UTC
07/27/2026, 11:30:00 AM UTC",REDACTED ,Assault/Battery Offenses - Atl Subjects for Possible shooting,REDACTED ,missouri,"07/27/2026, 08:34:01 AM UTC",lookup,,
0019f1e9-224f-476c-94de-bee0a275737b,Clayton Majors,Lee's Summit MO PD,1016,"07/26/2026, 08:30:00 AM UTC
07/27/2026, 11:30:00 AM UTC",REDACTED ,Assault/Battery Offenses - Atl Subjects for Possible shooting,REDACTED ,missouri,"07/27/2026, 08:33:19 AM UTC",lookup,,
a68dc722-dc53-4b5f-a3f7-6cd47ee7cb69,Clayton Majors,Lee's Summit MO PD,1016,"07/26/2026, 08:30:00 AM UTC
07/27/2026, 11:30:00 AM UTC",REDACTED ,Assault/Battery Offenses - Atl Subjects for Possible shooting,REDACTED ,missouri,"07/27/2026, 08:32:45 AM UTC",lookup,,
9466e674-8b70-4f52-a71c-692b21c415b7,Clayton Majors,Lee's Summit MO PD,1016,"07/26/2026, 08:30:00 AM UTC
07/27/2026, 11:30:00 AM UTC",REDACTED ,Assault/Battery Offenses - Atl Subjects for Possible shooting,REDACTED ,missouri,"07/27/2026, 08:32:40 AM UTC",lookup,,
00665587-3ed3-4efd-b4d0-9ee6a2f02ce0,Clayton Majors,Lee's Summit MO PD,1016,"07/26/2026, 08:30:00 AM UTC
07/27/2026, 11:30:00 AM UTC",REDACTED ,Assault/Battery Offenses - Atl Subjects for Possible shooting,REDACTED ,missouri,"07/27/2026, 08:30:28 AM UTC",lookup,,
e9d13995-bcdf-49d3-be54-0470bb0360c8,Clayton Majors,Lee's Summit MO PD,1016,"07/26/2026, 08:30:00 AM UTC
07/27/2026, 11:30:00 AM UTC",REDACTED ,Assault/Battery Offenses - Atl Subjects for Possible shooting,REDACTED ,missouri,"07/27/2026, 08:30:12 AM UTC",lookup,,
51353165-6578-43f6-b916-0ffa09dcade3,Cameron Egan,Lee's Summit MO PD,1017,"06/27/2026, 09:00:01 AM UTC
07/27/2026, 09:00:01 AM UTC",REDACTED ,Threats/Harassment,REDACTED ,"missouri, false","07/27/2026, 08:30:12 AM UTC",convoy,,
5250a3e8-7281-42da-9342-8ff697135d97,Cameron Egan,Lee's Summit MO PD,1017,"07/26/2026, 08:24:02 AM UTC
07/27/2026, 08:24:02 AM UTC",REDACTED ,Threats/Harassment,REDACTED ,"missouri, false","07/27/2026, 08:29:59 AM UTC",convoy,,
c9006056-7dd4-439c-bca3-ad7c0863b7c7,Cameron Egan,Lee's Summit MO PD,2,"07/26/2026, 08:24:02 AM UTC
07/27/2026, 08:24:02 AM UTC",REDACTED ,Threats/Harassment,REDACTED ,"missouri, false","07/27/2026, 08:29:49 AM UTC",convoy,,
81c5635f-e481-45e1-8ca4-c5ad74735e4a,Clayton Majors,Lee's Summit MO PD,1016,"07/26/2026, 08:30:00 AM UTC
07/27/2026, 11:30:00 AM UTC",REDACTED ,Assault/Battery Offenses - Atl Subjects for Possible shooting,REDACTED ,missouri,"07/27/2026, 08:29:48 AM UTC",lookup,,
89b8001b-35bf-4ed3-9bb5-754267cb032b,Clayton Majors,Lee's Summit MO PD,1016,"07/26/2026, 08:30:00 AM UTC
07/27/2026, 11:30:00 AM UTC",REDACTED ,Assault/Battery Offenses - Atl Subjects for Possible shooting,REDACTED ,missouri,"07/27/2026, 08:29:33 AM UTC",lookup,,
7c15582c-8c31-4ad9-a98d-b0b3fbf0e576,Clayton Majors,Lee's Summit MO PD,1016,"07/26/2026, 08:30:53 AM UTC
07/27/2026, 08:30:53 AM UTC",REDACTED ,Assault/Battery Offenses - Atl Subjects for Possible shooting,REDACTED ,missouri,"07/27/2026, 08:28:37 AM UTC",lookup,,
03b7c9ae-dcc2-437a-bb04-e806636e3986,Clayton Majors,Lee's Summit MO PD,1016,"07/26/2026, 08:30:53 AM UTC
07/27/2026, 08:30:53 AM UTC",REDACTED ,Assault/Battery Offenses - Atl Subjects for Possible shooting,REDACTED ,missouri,"07/27/2026, 08:28:16 AM UTC",lookup,,
f2cef720-cc33-4ef6-b4e7-b03c5fe1c1ef,Dane Wagler,Lee's Summit MO PD,2,"07/27/2026, 06:30:46 AM UTC
07/27/2026, 08:30:46 AM UTC",REDACTED ,Threats/Harassment,REDACTED ,"SUV, Dodge","07/27/2026, 08:27:48 AM UTC",search,,
f09971f1-8d78-4913-8de9-88fc5ccc22ef,Clayton Majors,Lee's Summit MO PD,1016,"07/26/2026, 08:30:53 AM UTC
07/27/2026, 08:30:53 AM UTC",REDACTED ,Assault/Battery Offenses - Atl Subjects for Possible shooting,REDACTED ,missouri,"07/27/2026, 08:26:51 AM UTC",lookup,,
f5cde24e-6afe-4a25-b5af-aafda1ae7aaa,Clayton Majors,Lee's Summit MO PD,1016,"07/26/2026, 08:30:53 AM UTC
07/27/2026, 08:30:53 AM UTC",REDACTED ,Assault/Battery Offenses - Atl Subjects for Possible shooting,REDACTED ,missouri,"07/27/2026, 08:26:42 AM UTC",lookup,,
e8f52bfa-1640-48b0-a504-a0aa4d743bc6,Dane Wagler,Lee's Summit MO PD,351,"07/20/2026, 08:30:11 AM UTC
07/27/2026, 08:30:11 AM UTC",REDACTED ,Threats/Harassment,REDACTED ,,"07/27/2026, 08:26:13 AM UTC",lookup,,
953548b7-667d-4c4b-a340-e750262098aa,Dane Wagler,Lee's Summit MO PD,2,"07/20/2026, 08:30:01 AM UTC
07/27/2026, 08:30:01 AM UTC",REDACTED ,Threats/Harassment,REDACTED ,,"07/27/2026, 08:26:02 AM UTC",lookup,,
735bf2ab-0fb8-4595-9756-615edd8fd166,Dane Wagler,Lee's Summit MO PD,2,"07/26/2026, 08:30:55 AM UTC
07/27/2026, 08:30:55 AM UTC",REDACTED ,Threats/Harassment,REDACTED ,,"07/27/2026, 08:25:57 AM UTC",lookup,,
5acdb3c1-0e97-429e-ba8f-dfaaa7f4be64,Clayton Majors,Lee's Summit MO PD,1016,"07/26/2026, 08:30:53 AM UTC
07/27/2026, 08:30:53 AM UTC",REDACTED ,Assault/Battery Offenses - Atl Subjects for Possible shooting,REDACTED ,missouri,"07/27/2026, 08:23:35 AM UTC",lookup,,
74f26806-7837-4025-9903-92632e2e514e,Clayton Majors,Lee's Summit MO PD,1016,"07/26/2026, 08:30:53 AM UTC
07/27/2026, 08:30:53 AM UTC",REDACTED ,Assault/Battery Offenses - Atl Subjects for Possible shooting,REDACTED ,missouri,"07/27/2026, 08:22:40 AM UTC",lookup,,
2047ff63-3015-4492-a3f1-8a31fa7383d9,Clayton Majors,Lee's Summit MO PD,1016,"07/26/2026, 08:30:53 AM UTC
07/27/2026, 08:30:53 AM UTC",REDACTED ,Assault/Battery Offenses - Atl Subjects for Possible shooting,REDACTED ,missouri,"07/27/2026, 08:20:00 AM UTC",lookup,,
6e39924e-055f-48f5-96db-8e9b14e6a3eb,Clayton Majors,Lee's Summit MO PD,1016,"07/26/2026, 08:30:53 AM UTC
07/27/2026, 08:30:53 AM UTC",REDACTED ,Assault/Battery Offenses - Atl Subjects for Possible shooting,REDACTED ,missouri,"07/27/2026, 08:19:30 AM UTC",lookup,,
9a3fbd8d-4049-463c-aac9-f4feccb5ff28,Addison Smith,Lee's Summit MO PD,6199,"06/27/2026, 08:30:26 AM UTC
07/27/2026, 08:30:26 AM UTC",REDACTED ,Threats/Harassment,REDACTED ,,"07/27/2026, 08:17:28 AM UTC",lookup,,
d960d1c4-e155-465e-b1d3-141827537cbc,Addison Smith,Lee's Summit MO PD,1017,"07/27/2026, 06:30:11 AM UTC
07/27/2026, 08:30:11 AM UTC",REDACTED ,Threats/Harassment,REDACTED ,,"07/27/2026, 08:17:23 AM UTC",lookup,,
c8c5cc5d-19e2-48a5-b985-47d440b417c6,Scott McMilian,Lee's Summit MO PD,1016,"06/27/2026, 08:30:10 AM UTC
07/27/2026, 08:30:10 AM UTC",REDACTED ,Threats/Harassment,REDACTED ,,"07/27/2026, 08:16:15 AM UTC",lookup,,
b495f9aa-af00-4128-a7d6-d41c088314e9,Clayton Majors,Lee's Summit MO PD,1016,"07/26/2026, 08:30:53 AM UTC
07/27/2026, 08:30:53 AM UTC",REDACTED ,Assault/Battery Offenses - Atl Subjects for Possible shooting,REDACTED ,missouri,"07/27/2026, 08:16:05 AM UTC",lookup,,
7931e89e-3f45-4efd-b11d-b58cf3fa2ea8,Clayton Majors,Lee's Summit MO PD,1016,"07/26/2026, 08:30:53 AM UTC
07/27/2026, 08:30:53 AM UTC",REDACTED ,Assault/Battery Offenses - Atl Subjects for Possible shooting,REDACTED ,missouri,"07/27/2026, 08:15:33 AM UTC",lookup,,
f21b8434-7468-4c8a-9032-218966b78a02,Clayton Majors,Lee's Summit MO PD,1016,"07/26/2026, 08:30:53 AM UTC
07/27/2026, 08:30:53 AM UTC",REDACTED ,Assault/Battery Offenses - Atl Subjects for Possible shooting,REDACTED ,missouri,"07/27/2026, 08:13:17 AM UTC",lookup,,
f3644390-0e45-452e-9709-4eefa3b20669,Clayton Majors,Lee's Summit MO PD,1016,"07/26/2026, 08:30:53 AM UTC
07/27/2026, 08:30:53 AM UTC",REDACTED ,Assault/Battery Offenses - Atl Subjects for Possible shooting,REDACTED ,missouri,"07/27/2026, 08:13:01 AM UTC",lookup,,
d748b5e8-f0b5-41b6-853f-420ee1a12de8,Scott McMilian,Lee's Summit MO PD,6198,"06/27/2026, 08:09:29 AM UTC
07/27/2026, 08:09:29 AM UTC",REDACTED ,Threats/Harassment,REDACTED ,,"07/27/2026, 08:09:32 AM UTC",lookup,,
a99b9de1-9bf4-42dc-86ec-e5c5a258125e,Clayton Majors,Lee's Summit MO PD,1016,"07/26/2026, 08:30:53 AM UTC
07/27/2026, 08:30:53 AM UTC",REDACTED ,Assault/Battery Offenses - Atl Subjects for Possible shooting,REDACTED ,missouri,"07/27/2026, 08:08:27 AM UTC",lookup,,
184dfa91-9332-4fa3-a0d2-afa307de55b4,Timothy DeJarnette,Lee's Summit MO PD,351,"06/26/2026, 08:30:00 AM UTC
07/27/2026, 08:30:00 AM UTC",REDACTED ,Threats/Harassment,REDACTED ,missouri,"07/27/2026, 08:08:25 AM UTC",lookup,,
9d9d964b-abfc-4282-963d-ac183fd527ad,Scott McMilian,Lee's Summit MO PD,6198,"06/27/2026, 08:07:22 AM UTC
07/27/2026, 08:07:22 AM UTC",REDACTED ,Threats/Harassment,REDACTED ,,"07/27/2026, 08:07:24 AM UTC",lookup,,
3d39c10f-fd40-4366-bf1d-a7609bcd9482,Scott McMilian,Lee's Summit MO PD,6198,"06/27/2026, 08:06:29 AM UTC
07/27/2026, 08:06:29 AM UTC",REDACTED ,Threats/Harassment,REDACTED ,,"07/27/2026, 08:06:35 AM UTC",lookup,,
21541531-e0d9-4526-bc01-3204f7f6f4c6,Timothy DeJarnette,Lee's Summit MO PD,1016,"07/27/2026, 01:00:00 AM UTC
07/27/2026, 02:00:00 PM UTC",REDACTED ,Threats/Harassment,REDACTED ,missouri,"07/27/2026, 08:06:06 AM UTC",lookup,,
37c715f1-de6c-4f05-ae17-5d183dc1c830,Timothy DeJarnette,Lee's Summit MO PD,1016,"07/27/2026, 04:00:00 AM UTC
07/27/2026, 02:00:00 PM UTC",REDACTED ,Threats/Harassment,REDACTED ,missouri,"07/27/2026, 08:05:49 AM UTC",lookup,,
f04867f7-c5dc-48a3-8be3-2ad887be9b52,Timothy DeJarnette,Lee's Summit MO PD,1016,"07/27/2026, 05:00:00 AM UTC
07/27/2026, 08:30:00 AM UTC",REDACTED ,Threats/Harassment,REDACTED ,missouri,"07/27/2026, 08:05:09 AM UTC",lookup,,
a6aa97af-db64-4ade-8774-c78b80b9e4ad,Clayton Majors,Lee's Summit MO PD,1016,"07/26/2026, 08:30:53 AM UTC
07/27/2026, 08:30:53 AM UTC",REDACTED ,Assault/Battery Offenses - Atl Subjects for Possible shooting,REDACTED ,missouri,"07/27/2026, 08:04:56 AM UTC",lookup,,
7fe6ee5c-4d4d-4207-951f-c07993c4b34c,Scott McMilian,Lee's Summit MO PD,1016,"06/27/2026, 08:30:35 AM UTC
07/27/2026, 08:30:35 AM UTC",REDACTED ,Threats/Harassment,REDACTED ,FALSE,"07/27/2026, 08:04:47 AM UTC",convoy,,
f842726a-8706-48f3-801f-536fb586fe5d,Clayton Majors,Lee's Summit MO PD,1016,"07/26/2026, 08:00:18 AM UTC
07/27/2026, 08:00:18 AM UTC",REDACTED ,Assault/Battery Offenses - Atl Subjects for Possible shooting,REDACTED ,missouri,"07/27/2026, 08:04:42 AM UTC",lookup,,
9e29362d-af1f-4407-b10c-f12acba9c7e1,Scott McMilian,Lee's Summit MO PD,1016,"07/26/2026, 04:44:11 AM UTC
07/27/2026, 04:44:11 AM UTC",REDACTED ,Threats/Harassment,REDACTED ,FALSE,"07/27/2026, 08:03:29 AM UTC",convoy,,
a8f4c481-ebfe-4c35-98d6-bcfb76272a38,Scott McMilian,Lee's Summit MO PD,1016,"07/20/2026, 08:30:25 AM UTC
07/27/2026, 08:30:25 AM UTC",REDACTED ,Threats/Harassment,REDACTED ,,"07/27/2026, 08:02:27 AM UTC",lookup,,
e6118867-8693-460e-b04d-91052170bfff,Clayton Majors,Lee's Summit MO PD,1016,"07/26/2026, 08:00:18 AM UTC
07/27/2026, 08:00:18 AM UTC",REDACTED ,Assault/Battery Offenses - Atl Subjects for Possible shooting,REDACTED ,missouri,"07/27/2026, 08:02:20 AM UTC",lookup,,
0e41302c-7b48-4bef-8daa-5fe85df4adf2,Clayton Majors,Lee's Summit MO PD,1016,"07/26/2026, 08:00:18 AM UTC
07/27/2026, 08:00:18 AM UTC",REDACTED ,Assault/Battery Offenses - Atl Subjects for Possible shooting,REDACTED ,missouri,"07/27/2026, 08:02:14 AM UTC",lookup,,
e42d92ed-b048-499f-a71e-190e1f8327d6,Scott McMilian,Lee's Summit MO PD,2,"07/20/2026, 08:30:48 AM UTC
07/27/2026, 08:30:48 AM UTC",REDACTED ,Threats/Harassment,REDACTED ,,"07/27/2026, 08:01:49 AM UTC",lookup,,
2310cf22-d1f8-4811-aeb8-b0c60ae56345,Clayton Majors,Lee's Summit MO PD,1016,"07/26/2026, 08:00:18 AM UTC
07/27/2026, 08:00:18 AM UTC",REDACTED ,Assault/Battery Offenses - Atl Subjects for Possible shooting,REDACTED ,missouri,"07/27/2026, 07:57:56 AM UTC",lookup,,
44d0b4c4-4944-439a-9962-3694b1fcf142,Scott McMilian,Lee's Summit MO PD,2,"07/27/2026, 07:33:16 AM UTC
07/27/2026, 07:48:16 AM UTC",REDACTED ,Threats/Harassment,REDACTED ,,"07/27/2026, 07:48:18 AM UTC",freeform,objectClass:vehicle DURANGO,allow
af05a7ae-2b79-4421-b76e-157e620aabb5,Scott McMilian,Lee's Summit MO PD,2,"07/27/2026, 02:00:44 AM UTC
07/27/2026, 08:00:44 AM UTC",REDACTED ,Threats/Harassment,REDACTED ,,"07/27/2026, 07:47:47 AM UTC",freeform,objectClass:vehicle DURANGO,allow
526814d3-6d3d-4d0b-a56b-b72c9bb22f45,Scott McMilian,Lee's Summit MO PD,1016,"07/26/2026, 08:00:53 AM UTC
07/27/2026, 08:00:53 AM UTC",REDACTED ,Threats/Harassment,REDACTED ,,"07/27/2026, 07:46:57 AM UTC",lookup,,
69666379-5658-4522-ae26-55e7f1cdf829,Clayton Majors,Lee's Summit MO PD,1016,"07/26/2026, 08:00:18 AM UTC
07/27/2026, 08:00:18 AM UTC",REDACTED ,Assault/Battery Offenses - Atl Subjects for Possible shooting,REDACTED ,missouri,"07/27/2026, 07:46:42 AM UTC",lookup,,
6617a2e4-b8fb-4859-a6e9-1a75f09dfd19,Clayton Majors,Lee's Summit MO PD,1016,"07/26/2026, 08:00:18 AM UTC
07/27/2026, 08:00:18 AM UTC",REDACTED ,Assault/Battery Offenses - Atl Subjects for Possible shooting,REDACTED ,missouri,"07/27/2026, 07:45:48 AM UTC",lookup,,
3dc2c3e2-95b7-4b0c-a3b7-e23b4bcba711,Clayton Majors,Lee's Summit MO PD,1016,"07/26/2026, 08:00:18 AM UTC
07/27/2026, 08:00:18 AM UTC",REDACTED ,Assault/Battery Offenses - Atl Subjects for Possible shooting,REDACTED ,missouri,"07/27/2026, 07:45:42 AM UTC",lookup,,
f81de3f4-221f-46d1-8981-4a293ab06a1b,Clayton Majors,Lee's Summit MO PD,1016,"07/26/2026, 08:00:18 AM UTC
07/27/2026, 08:00:18 AM UTC",REDACTED ,Assault/Battery Offenses - Atl Subjects for Possible shooting,REDACTED ,missouri,"07/27/2026, 07:45:35 AM UTC",lookup,,
793e8006-b93f-460d-9b50-c1aed61ceebd,Clayton Majors,Lee's Summit MO PD,1016,"07/26/2026, 08:00:18 AM UTC
07/27/2026, 08:00:18 AM UTC",REDACTED ,Assault/Battery Offenses - Atl Subjects for Possible shooting,REDACTED ,missouri,"07/27/2026, 07:44:21 AM UTC",lookup,,
1d99c55d-7043-44b5-8f3c-3c700f9acb93,Clayton Majors,Lee's Summit MO PD,1016,"07/26/2026, 08:00:18 AM UTC
07/27/2026, 08:00:18 AM UTC",REDACTED ,Assault/Battery Offenses - Atl Subjects for Possible shooting,REDACTED ,missouri,"07/27/2026, 07:44:16 AM UTC",lookup,,
6e5818ae-e962-4468-862c-36d5edca34ce,Clayton Majors,Lee's Summit MO PD,1016,"07/26/2026, 08:00:18 AM UTC
07/27/2026, 08:00:18 AM UTC",REDACTED ,Assault/Battery Offenses - Atl Subjects for Possible shooting,REDACTED ,missouri,"07/27/2026, 07:44:08 AM UTC",lookup,,
cb132cba-b380-4060-b3ce-1ccf7c563094,Clayton Majors,Lee's Summit MO PD,1016,"07/26/2026, 08:00:18 AM UTC
07/27/2026, 08:00:18 AM UTC",REDACTED ,Assault/Battery Offenses - Atl Subjects for Possible shooting,REDACTED ,missouri,"07/27/2026, 07:44:02 AM UTC",lookup,,
6290f3ea-26c1-48a3-b590-6f20a9aa5c3c,Clayton Majors,Lee's Summit MO PD,1016,"07/26/2026, 08:00:18 AM UTC
07/27/2026, 08:00:18 AM UTC",REDACTED ,Assault/Battery Offenses - Atl Subjects for Possible shooting,REDACTED ,missouri,"07/27/2026, 07:43:47 AM UTC",lookup,,
d03443e6-d4b4-4546-9fc4-e8ff5a3e7324,Clayton Majors,Lee's Summit MO PD,1016,"07/26/2026, 08:00:18 AM UTC
07/27/2026, 08:00:18 AM UTC",REDACTED ,Assault/Battery Offenses - Atl Subjects for Possible shooting,REDACTED ,missouri,"07/27/2026, 07:43:43 AM UTC",lookup,,
a2526fa1-f19f-4c38-a7b1-230db593fee9,Clayton Majors,Lee's Summit MO PD,1016,"07/26/2026, 08:00:18 AM UTC
07/27/2026, 08:00:18 AM UTC",REDACTED ,Assault/Battery Offenses - Atl Subjects for Possible shooting,REDACTED ,missouri,"07/27/2026, 07:43:39 AM UTC",lookup,,
8bb34834-bd44-4077-8fac-e3f8a3ebcc2a,Clayton Majors,Lee's Summit MO PD,1016,"07/26/2026, 08:00:18 AM UTC
07/27/2026, 08:00:18 AM UTC",REDACTED ,Assault/Battery Offenses - Atl Subjects for Possible shooting,REDACTED ,missouri,"07/27/2026, 07:43:20 AM UTC",lookup,,
0311fe06-79d6-4415-846c-d993d1991f47,Scott McMilian,Lee's Summit MO PD,2,"07/27/2026, 06:00:03 AM UTC
07/27/2026, 08:00:03 AM UTC",REDACTED ,Threats/Harassment,REDACTED ,"SUV, Dodge","07/27/2026, 07:43:05 AM UTC",search,,
d651316c-015f-4256-baf1-9e9b4e9c765a,Lukas Pace,Lee's Summit MO PD,1017,"06/27/2026, 08:00:39 AM UTC
07/27/2026, 08:00:39 AM UTC",REDACTED ,Assault/Battery Offenses - Assault Investigation,REDACTED ,missouri,"07/27/2026, 07:42:40 AM UTC",lookup,,
7264be10-c810-42af-841c-599d04cf6a35,Scott McMilian,Lee's Summit MO PD,1016,"06/26/2026, 11:00:28 AM UTC
07/26/2026, 11:00:28 AM UTC",REDACTED ,Motor Vehicle Theft/Stolen,REDACTED ,,"07/27/2026, 04:44:07 AM UTC",lookup,,
de12c6d2-7bfe-44b5-94cd-42b2bd33693b,Jacob Aguayo,Lee's Summit MO PD,2,"07/26/2026, 04:45:00 PM UTC
07/26/2026, 05:00:00 PM UTC",REDACTED ,Stolen Property Offenses,REDACTED ,"Sedan, Coupe, Convertible, Hatchback, Wagon, red","07/26/2026, 11:24:17 PM UTC",search,,
1eb8d1b9-b173-4dd8-844c-19c537143720,Jacob Aguayo,Lee's Summit MO PD,1,"07/26/2026, 09:30:17 PM UTC
07/26/2026, 11:30:17 PM UTC",REDACTED ,Stolen Property Offenses,REDACTED ,"Sedan, Coupe, Convertible, Hatchback, Wagon, red","07/26/2026, 11:22:13 PM UTC",search,,
76bd8fdf-3d74-428c-a876-b35689be520e,Jacob Aguayo,Lee's Summit MO PD,1016,"07/26/2026, 09:30:17 PM UTC
07/26/2026, 11:30:17 PM UTC",REDACTED ,Stolen Property Offenses,REDACTED ,"Sedan, Coupe, Convertible, Hatchback, Wagon, red","07/26/2026, 11:21:57 PM UTC",search,,
75d97963-b65f-4885-a531-652fa4ab4631,Jacob Aguayo,Lee's Summit MO PD,2,"06/26/2026, 11:30:09 PM UTC
07/26/2026, 11:30:09 PM UTC",REDACTED ,Stolen Property Offenses,REDACTED ,,"07/26/2026, 11:19:22 PM UTC",lookup,,
da99facd-96a0-498f-a6c2-7c9b0063f09b,Jacob Aguayo,Lee's Summit MO PD,2,"07/26/2026, 04:30:00 PM UTC
07/26/2026, 05:15:00 PM UTC",REDACTED ,Stolen Property Offenses,REDACTED ,"Sedan, Coupe, Convertible, Hatchback, Wagon, brown, red, black, blue","07/26/2026, 11:07:30 PM UTC",search,,
3b14952d-9bb1-4888-82c4-77da59ac0800,Jacob Aguayo,Lee's Summit MO PD,2,"07/26/2026, 04:30:00 PM UTC
07/26/2026, 05:15:00 PM UTC",REDACTED ,Stolen Property Offenses,REDACTED ,"Sedan, Coupe, Convertible, Hatchback, Wagon, brown, red, black, blue","07/26/2026, 11:06:07 PM UTC",search,,
374c0982-0aaa-4534-a6a8-c79df395d262,Jacob Aguayo,Lee's Summit MO PD,2,"06/12/2026, 11:30:00 PM UTC
06/13/2026, 09:00:00 AM UTC",REDACTED ,Stolen Property Offenses,REDACTED ,,"07/26/2026, 11:05:11 PM UTC",freeform,objectClass:vehicle white buckets in bed of truck,allow
4e5d1d27-9e7d-4641-80d0-5d20825c40d3,Scott McMilian,Lee's Summit MO PD,1016,"06/26/2026, 11:00:28 AM UTC
07/26/2026, 11:00:28 AM UTC",REDACTED ,Motor Vehicle Theft/Stolen,REDACTED ,,"07/26/2026, 10:54:45 AM UTC",lookup,,
c774f17d-675b-4a52-a0d7-59fcfc6153e4,Scott McMilian,Lee's Summit MO PD,1016,"06/26/2026, 11:00:28 AM UTC
07/26/2026, 11:00:28 AM UTC",REDACTED ,Motor Vehicle Theft/Stolen,REDACTED ,,"07/26/2026, 10:53:30 AM UTC",lookup,,
42bfe3b2-4dce-4bf3-bb04-326eeb737245,Scott McMilian,Lee's Summit MO PD,1016,"07/25/2026, 11:00:47 AM UTC
07/26/2026, 11:00:47 AM UTC",REDACTED ,Motor Vehicle Theft/Stolen,REDACTED ,,"07/26/2026, 10:53:15 AM UTC",lookup,,
734e7705-6d53-402f-920a-529379efb377,Scott McMilian,Lee's Summit MO PD,1016,"07/25/2026, 11:00:47 AM UTC
07/26/2026, 11:00:47 AM UTC",REDACTED ,Motor Vehicle Theft/Stolen,REDACTED ,,"07/26/2026, 10:51:23 AM UTC",lookup,,
6da0b65f-8ca2-4e12-970f-24b1ef6dc57d,Scott McMilian,Lee's Summit MO PD,2,"07/25/2026, 11:00:47 AM UTC
07/26/2026, 11:00:47 AM UTC",REDACTED ,Motor Vehicle Theft/Stolen,REDACTED ,,"07/26/2026, 10:51:10 AM UTC",lookup,,
2c5ca80c-12d1-4c3d-ad67-75659b9e95ed,Scott McMilian,Lee's Summit MO PD,1016,"07/19/2026, 10:00:06 AM UTC
07/26/2026, 10:00:06 AM UTC",REDACTED ,Sex Offenses,REDACTED ,,"07/26/2026, 09:57:08 AM UTC",lookup,,
88aedb02-308a-4602-b9f3-0530f5388cf8,Scott McMilian,Lee's Summit MO PD,2,"07/24/2026, 10:00:00 AM UTC
07/25/2026, 08:00:00 AM UTC",REDACTED ,Sex Offenses,REDACTED ,REDACTED,"07/26/2026, 09:52:01 AM UTC",search,,
2571b30c-bd38-46ae-8e61-c17a92365a55,Scott McMilian,Lee's Summit MO PD,2,"07/24/2026, 10:00:00 AM UTC
07/25/2026, 08:00:00 AM UTC",REDACTED ,Sex Offenses,REDACTED ,nevada,"07/26/2026, 09:50:37 AM UTC",search,,
d6313718-86a7-4db2-9174-2c51e3ef6564,Scott McMilian,Lee's Summit MO PD,2,"07/25/2026, 10:00:02 AM UTC
07/26/2026, 10:00:02 AM UTC",REDACTED ,Sex Offenses,REDACTED ,nevada,"07/26/2026, 09:49:04 AM UTC",search,,
c17ac295-5740-4d4f-ab1a-b1d694b1882a,Scott McMilian,Lee's Summit MO PD,1016,"07/19/2026, 10:00:40 AM UTC
07/26/2026, 10:00:40 AM UTC",REDACTED ,Sex Offenses,REDACTED ,,"07/26/2026, 09:48:45 AM UTC",lookup,,
ce534ec0-1524-42df-8706-9837e4e2bd4b,Scott McMilian,Lee's Summit MO PD,2,"07/25/2026, 06:30:40 AM UTC
07/26/2026, 06:30:40 AM UTC",REDACTED ,Driving Under the Influence (DUI/DWI/OWI/OVI),REDACTED ,,"07/26/2026, 06:17:43 AM UTC",lookup,,
c387411f-52c6-40b2-a90a-efb33ea5e7b4,Scott McMilian,Lee's Summit MO PD,6199,"06/26/2026, 06:02:08 AM UTC
07/26/2026, 06:02:08 AM UTC",REDACTED ,Driving Under the Influence (DUI/DWI/OWI/OVI),REDACTED ,,"07/26/2026, 06:02:18 AM UTC",lookup,,
b116be97-c1e7-4bd5-bdc0-dd3bcdd41e49,Scott McMilian,Lee's Summit MO PD,2,"07/25/2026, 06:30:30 AM UTC
07/26/2026, 06:30:30 AM UTC",REDACTED ,Driving Under the Influence (DUI/DWI/OWI/OVI),REDACTED ,Mini,"07/26/2026, 06:01:32 AM UTC",search,,
9cdf87fd-1ee5-4bbd-b715-4400cf73e765,Addison Smith,Lee's Summit MO PD,6200,"06/26/2026, 04:00:06 AM UTC
07/26/2026, 04:00:06 AM UTC",REDACTED ,Assault/Battery Offenses,REDACTED ,missouri,"07/26/2026, 03:32:08 AM UTC",lookup,,
e4f3794b-afcd-4d90-ab65-e331337979d0,Addison Smith,Lee's Summit MO PD,1017,"07/26/2026, 01:30:13 AM UTC
07/26/2026, 03:30:13 AM UTC",REDACTED ,Assault/Battery Offenses,REDACTED ,missouri,"07/26/2026, 03:32:03 AM UTC",lookup,,
93d70acb-75b2-49f3-8841-76e8382eb645,Addison Smith,Lee's Summit MO PD,1017,"07/26/2026, 01:30:13 AM UTC
07/26/2026, 03:30:13 AM UTC",REDACTED ,Assault/Battery Offenses,REDACTED ,missouri,"07/26/2026, 03:31:47 AM UTC",lookup,,
b18d1e99-8775-46a3-979f-d0af0f34366f,Cristopher Drake,Lee's Summit MO PD,2,"07/26/2026, 01:30:45 AM UTC
07/26/2026, 03:30:45 AM UTC",REDACTED ,Motor Vehicle Theft/Stolen,REDACTED ,,"07/26/2026, 03:27:54 AM UTC",lookup,,
a1207afb-903a-4519-91f5-3793b2cdcd54,Cristopher Drake,Lee's Summit MO PD,2,"07/26/2026, 01:30:55 AM UTC
07/26/2026, 03:30:55 AM UTC",REDACTED ,Motor Vehicle Theft/Stolen,REDACTED ,"Sedan, Ford, red","07/26/2026, 03:27:12 AM UTC",search,,
f8e7a75f-e2aa-4d26-ad69-8818d30f13ea,Scott McMilian,Lee's Summit MO PD,6199,"06/26/2026, 03:27:07 AM UTC
07/26/2026, 03:27:07 AM UTC",REDACTED ,Motor Vehicle Theft/Stolen,REDACTED ,,"07/26/2026, 03:27:10 AM UTC",lookup,,
ed4fd727-9a24-4909-9bd9-e53099b59338,Cristopher Drake,Lee's Summit MO PD,1017,"07/26/2026, 01:30:55 AM UTC
07/26/2026, 03:30:55 AM UTC",REDACTED ,Motor Vehicle Theft/Stolen,REDACTED ,"Sedan, Ford, red","07/26/2026, 03:26:32 AM UTC",search,,
9161a000-114b-4b59-8711-5cc65d5db210,Addison Smith,Lee's Summit MO PD,1017,"07/26/2026, 01:30:13 AM UTC
07/26/2026, 03:30:13 AM UTC",REDACTED ,Motor Vehicle Theft/Stolen,REDACTED ,"Sedan, red, missouri, alaska, alabama, arkansas, arizona, california, colorado, connecticut, washington_dc, delaware, florida, georgia, hawaii, iowa, idaho, illinois, indiana, kansas, kentucky, louisiana, massachusetts, maryland, maine, michigan, minnesota, mississippi, montana, north_carolina, north_dakota, nebraska, new_hampshire, new_jersey, new_mexico, nevada, new_york, ohio, oklahoma, oregon, pennsylvania, puerto_rico, rhode_island, south_carolina, south_dakota, tennessee, texas, utah, virginia, virgin_islands, vermont, washington, wisconsin, west_virginia, wyoming, canada, mexico","07/26/2026, 03:25:48 AM UTC",search,,
bd70ed0b-ad4c-49e4-a9d2-8f8658543576,Addison Smith,Lee's Summit MO PD,1017,"07/26/2026, 01:30:13 AM UTC
07/26/2026, 03:30:13 AM UTC",REDACTED ,Motor Vehicle Theft/Stolen,REDACTED ,"Sedan, red","07/26/2026, 03:25:40 AM UTC",search,,
e9f7ea02-ebaf-402c-ae70-362e75f70472,Scott McMilian,Lee's Summit MO PD,2,"07/25/2026, 11:30:19 PM UTC
07/26/2026, 01:30:19 AM UTC",REDACTED ,Motor Vehicle Theft/Stolen,REDACTED ,"Sedan, Ford, red, kansas","07/26/2026, 03:25:39 AM UTC",search,,
54b7a89c-6faa-4729-8650-c27f65008a54,Addison Smith,Lee's Summit MO PD,1017,"07/26/2026, 01:30:13 AM UTC
07/26/2026, 03:30:13 AM UTC",REDACTED ,Motor Vehicle Theft/Stolen,REDACTED ,"Sedan, Ford, red","07/26/2026, 03:25:31 AM UTC",search,,
a863b6a1-b755-467f-9666-a29f04aac780,Addison Smith,Lee's Summit MO PD,1017,"07/26/2026, 01:30:13 AM UTC
07/26/2026, 03:30:13 AM UTC",REDACTED ,Motor Vehicle Theft/Stolen,REDACTED ,"Sedan, Ford, red, kansas","07/26/2026, 03:25:27 AM UTC",search,,
10c9c3ab-3702-4c88-b1af-d16fbaa9d314,Scott McMilian,Lee's Summit MO PD,2,"07/25/2026, 11:30:19 PM UTC
07/26/2026, 01:30:19 AM UTC",REDACTED ,Motor Vehicle Theft/Stolen,REDACTED ,"Ford, red, kansas","07/26/2026, 03:25:03 AM UTC",search,,
b805cb1a-bae6-4923-bc5d-1379a8c4e03c,Noe Martinez,Lee's Summit MO PD,6199,"06/26/2026, 03:00:37 AM UTC
07/26/2026, 03:00:37 AM UTC",REDACTED ,Welfare Check,REDACTED ,,"07/26/2026, 03:02:40 AM UTC",lookup,,
3fda342b-75ed-4294-9028-15d926557238,Noe Martinez,Lee's Summit MO PD,6199,"06/26/2026, 03:00:37 AM UTC
07/26/2026, 03:00:37 AM UTC",REDACTED ,Welfare Check,REDACTED ,,"07/26/2026, 02:55:41 AM UTC",lookup,,
353979e9-74df-4af4-8929-1aae1bb0b8ca,Noe Martinez,Lee's Summit MO PD,6199,"06/26/2026, 03:00:37 AM UTC
07/26/2026, 03:00:37 AM UTC",REDACTED ,Welfare Check,REDACTED ,,"07/26/2026, 02:54:08 AM UTC",lookup,,
adc581dc-e7c6-48e0-8e98-39a49b75740d,Noe Martinez,Lee's Summit MO PD,6199,"06/26/2026, 03:00:37 AM UTC
07/26/2026, 03:00:37 AM UTC",REDACTED ,Welfare Check,REDACTED ,,"07/26/2026, 02:53:40 AM UTC",lookup,,
edc9190b-ff89-4687-b45f-e3c86dfcf60b,Noe Martinez,Lee's Summit MO PD,2,"07/26/2026, 01:00:23 AM UTC
07/26/2026, 03:00:23 AM UTC",REDACTED ,Welfare Check,REDACTED ,,"07/26/2026, 02:53:33 AM UTC",lookup,,
1560ac34-5eba-4d47-9938-fd48dbcc49bd,Owen Colyne,Lee's Summit MO PD,1016,"07/18/2026, 11:00:40 PM UTC
07/25/2026, 11:00:40 PM UTC",REDACTED ,Wanted Person (Arrest Warrant/Fugitive),REDACTED ,,"07/25/2026, 10:58:44 PM UTC",lookup,,
d8359483-d203-4e57-b2c0-a3c23bdca71e,Owen Colyne,Lee's Summit MO PD,1016,"07/25/2026, 09:00:29 PM UTC
07/25/2026, 11:00:29 PM UTC",REDACTED ,Wanted Person (Arrest Warrant/Fugitive) - ,REDACTED ,,"07/25/2026, 10:58:24 PM UTC",search,,
4a987045-f2b9-4af7-bb15-bc78562faf0b,Christy Griffin,Lee's Summit MO PD,1016,"07/25/2026, 05:00:00 PM UTC
07/25/2026, 07:00:00 PM UTC",REDACTED ,Traffic Infraction,REDACTED ,,"07/25/2026, 06:52:33 PM UTC",lookup,,
f31475e4-88b8-4830-8153-870707e30614,Christy Griffin,Lee's Summit MO PD,1016,"07/25/2026, 05:00:00 PM UTC
07/25/2026, 07:00:00 PM UTC",REDACTED ,Traffic Infraction,REDACTED ,,"07/25/2026, 06:40:33 PM UTC",lookup,,
547dc064-4e6d-4c15-b939-29058a9bddc2,Christy Griffin,Lee's Summit MO PD,1016,"07/25/2026, 05:00:00 PM UTC
07/25/2026, 07:00:00 PM UTC",REDACTED ,Traffic Infraction,REDACTED ,,"07/25/2026, 06:40:17 PM UTC",lookup,,
d87d8603-71df-46a9-b1c5-69c77600f93f,Scott McMilian,Lee's Summit MO PD,6197,"06/25/2026, 11:05:12 AM UTC
07/25/2026, 11:05:12 AM UTC",REDACTED ,Hit and Run/Car Accident,REDACTED ,,"07/25/2026, 11:05:16 AM UTC",lookup,,
5714c31d-12b6-449b-8b12-c06c12d60abf,Scott McMilian,Lee's Summit MO PD,1016,"07/18/2026, 11:30:58 AM UTC
07/25/2026, 11:30:58 AM UTC",REDACTED ,Hit and Run/Car Accident,REDACTED ,,"07/25/2026, 11:05:00 AM UTC",lookup,,
54f39008-5a9f-4684-b32f-fbe85052579a,Zach Wittman,Lee's Summit MO PD,1016,"07/24/2026, 11:00:55 AM UTC
07/25/2026, 11:00:55 AM UTC",REDACTED ,Driving Under the Influence (DUI/DWI/OWI/OVI),REDACTED ,ohio,"07/25/2026, 10:47:16 AM UTC",lookup,,
de88feaa-d1ca-4c23-9fe3-e7b3063e69d0,Scott McMilian,Lee's Summit MO PD,1016,"07/24/2026, 08:30:50 AM UTC
07/25/2026, 08:30:50 AM UTC",REDACTED ,Hit and Run/Car Accident,REDACTED ,,"07/25/2026, 08:19:52 AM UTC",lookup,,
bc3f24b4-f25b-4fb7-a7cb-183b3f0662ef,Scott McMilian,Lee's Summit MO PD,2,"07/24/2026, 05:30:54 AM UTC
07/25/2026, 05:30:54 AM UTC",REDACTED ,Stolen Property Offenses,REDACTED ,,"07/25/2026, 05:07:56 AM UTC",lookup,,
dc2a1e90-3c84-4905-9fba-2d76b10fc514,Andrew Hurley,Lee's Summit MO PD,2,"07/25/2026, 01:30:05 AM UTC
07/25/2026, 03:30:05 AM UTC",REDACTED ,Criminal Motor Vehicle Offense (incl. Road Rage/Reckless),REDACTED ,,"07/25/2026, 03:15:09 AM UTC",lookup,,
e655fb9b-3141-44b6-ad4c-f16a36de07f9,Andrew Hurley,Lee's Summit MO PD,2,"07/25/2026, 01:30:05 AM UTC
07/25/2026, 03:30:05 AM UTC",REDACTED ,Criminal Motor Vehicle Offense (incl. Road Rage/Reckless),REDACTED ,,"07/25/2026, 03:14:26 AM UTC",lookup,,
f1834470-3fcd-4c94-8f1c-8743fca90cf2,Scott McMilian,Lee's Summit MO PD,2,"07/18/2026, 03:30:00 AM UTC
07/25/2026, 03:30:00 AM UTC",REDACTED ,Stolen Property Offenses,REDACTED ,,"07/25/2026, 03:07:28 AM UTC",lookup,,
e5539b72-d87c-449f-b842-85ba54fe67dd,Scott McMilian,Lee's Summit MO PD,1016,"07/18/2026, 03:30:00 AM UTC
07/25/2026, 03:30:00 AM UTC",REDACTED ,Stolen Property Offenses,REDACTED ,,"07/25/2026, 03:06:03 AM UTC",lookup,,
17bcda68-ab78-4586-a349-6d940f87f542,Scott McMilian,Lee's Summit MO PD,1016,"07/24/2026, 03:00:07 AM UTC
07/25/2026, 03:00:07 AM UTC",REDACTED ,Stolen Property Offenses,REDACTED ,,"07/25/2026, 02:40:26 AM UTC",lookup,,
86a36aa3-ad7f-4e65-ba65-9de6d772b175,Scott McMilian,Lee's Summit MO PD,1016,"07/24/2026, 03:00:07 AM UTC
07/25/2026, 03:00:07 AM UTC",REDACTED ,Stolen Property Offenses,REDACTED ,,"07/25/2026, 02:40:19 AM UTC",lookup,,
4f893aa6-c0e9-44a1-8509-3af7d46b6e85,Scott McMilian,Lee's Summit MO PD,1016,"07/24/2026, 03:00:07 AM UTC
07/25/2026, 03:00:07 AM UTC",REDACTED ,Stolen Property Offenses,REDACTED ,,"07/25/2026, 02:40:00 AM UTC",lookup,,
8b4df69f-3878-415f-a123-5784b094e8de,Scott McMilian,Lee's Summit MO PD,1016,"07/24/2026, 03:00:07 AM UTC
07/25/2026, 03:00:07 AM UTC",REDACTED ,Welfare Check,REDACTED ,,"07/25/2026, 02:39:09 AM UTC",lookup,,
b0fdf19c-1028-4b04-a458-3984270a87bd,Scott McMilian,Lee's Summit MO PD,1016,"07/17/2026, 01:30:20 AM UTC
07/24/2026, 01:30:20 AM UTC",REDACTED ,Welfare Check,REDACTED ,,"07/25/2026, 02:38:59 AM UTC",lookup,,
eda9a3da-fc72-481c-8aa7-aea7e41a66df,Cristopher Drake,Lee's Summit MO PD,2,"07/21/2026, 09:00:00 AM UTC
07/22/2026, 11:00:00 AM UTC",REDACTED ,Motor Vehicle Theft/Stolen,REDACTED ,,"07/25/2026, 01:55:27 AM UTC",lookup,,
0541129d-a998-49d9-b08b-80c4dd3c2639,Cristopher Drake,Lee's Summit MO PD,2,"07/21/2026, 09:00:00 AM UTC
07/22/2026, 11:00:00 AM UTC",REDACTED ,Motor Vehicle Theft/Stolen,REDACTED ,,"07/25/2026, 01:54:07 AM UTC",lookup,,
3bebed77-0fed-404d-a0b8-490921cacaca,Ashley Spring,Lee's Summit MO PD,1017,"07/24/2026, 05:30:47 PM UTC
07/24/2026, 07:30:47 PM UTC",REDACTED ,Stolen Property Offenses - Inves,REDACTED ,missouri,"07/24/2026, 09:04:05 PM UTC",lookup,,
8b8f00cb-83d4-4522-97a9-54686eab0119,Ryan Small,Lee's Summit MO PD,2,"07/14/2026, 06:00:00 AM UTC
07/14/2026, 07:30:00 AM UTC",REDACTED ,Larceny/Theft Offenses,REDACTED ,,"07/24/2026, 09:02:00 PM UTC",search,,
13e3f63a-76b7-45b8-a80a-6e072c344937,Ryan Small,Lee's Summit MO PD,2,"07/14/2026, 06:00:00 AM UTC
07/14/2026, 07:30:00 AM UTC",REDACTED ,Larceny/Theft Offenses,REDACTED ,Motorcycle,"07/24/2026, 09:01:55 PM UTC",search,,
c4c67cd8-035f-4307-b46e-b4fcdbb97ce1,Ryan Small,Lee's Summit MO PD,2,"07/14/2026, 06:00:00 AM UTC
07/14/2026, 07:30:00 AM UTC",REDACTED ,Larceny/Theft Offenses,REDACTED ,,"07/24/2026, 09:01:48 PM UTC",search,,
1c5bb285-b3bd-4aab-874f-8385afa73197,Ryan Small,Lee's Summit MO PD,2,"07/14/2026, 01:30:00 PM UTC
07/15/2026, 01:30:00 AM UTC",REDACTED ,Larceny/Theft Offenses,REDACTED ,,"07/24/2026, 09:00:01 PM UTC",freeform,objectClass:vehicle white ford pickup extended cab with no tailgate and black hood,allow
a17ac517-8ec4-4589-b336-d485efa1900d,Ryan Small,Lee's Summit MO PD,2,"07/14/2026, 01:30:00 PM UTC
07/15/2026, 01:30:00 AM UTC",REDACTED ,Larceny/Theft Offenses,REDACTED ,,"07/24/2026, 08:59:42 PM UTC",freeform,objectClass:vehicle white ford pickup with no tailgate and black hood,allow
c6fb789d-c21c-477c-bcee-1c817277d315,Ryan Small,Lee's Summit MO PD,2,"07/14/2026, 01:30:00 PM UTC
07/15/2026, 01:30:00 AM UTC",REDACTED ,Larceny/Theft Offenses,REDACTED ,,"07/24/2026, 08:59:25 PM UTC",freeform,objectClass:vehicle white ford pickup with black hood,allow
d59d477d-ab90-4f1f-988f-4d5a01bcf43c,Ryan Small,Lee's Summit MO PD,2,"07/14/2026, 01:30:00 PM UTC
07/15/2026, 07:30:00 PM UTC",REDACTED ,Larceny/Theft Offenses,REDACTED ,,"07/24/2026, 08:33:25 PM UTC",freeform,objectClass:vehicle white ford pickup with black hood,allow
a56dc578-0aac-4fb9-901e-686061d10e45,Ryan Small,Lee's Summit MO PD,2,"07/14/2026, 01:30:00 PM UTC
07/15/2026, 07:30:00 PM UTC",REDACTED ,Larceny/Theft Offenses,REDACTED ,,"07/24/2026, 07:18:48 PM UTC",freeform,objectClass:vehicle white pickup with black hood,allow
ebe8b25f-f85c-4c84-b32a-a25880b05cdf,David Arnold,Lee's Summit MO PD,1017,"06/24/2026, 06:00:58 PM UTC
07/24/2026, 06:00:58 PM UTC",REDACTED ,Larceny/Theft Offenses,REDACTED ,,"07/24/2026, 05:43:00 PM UTC",lookup,,
0b85cbd9-3fc1-470a-be93-96a5bd091370,Ashley Spring,Lee's Summit MO PD,1017,"07/17/2026, 04:00:01 PM UTC
07/24/2026, 04:00:01 PM UTC",REDACTED ,Stolen Property Offenses,REDACTED ,,"07/24/2026, 03:33:04 PM UTC",lookup,,
dd1bcfd6-d219-4bf8-ba01-92581330c2c0,Ashley Spring,Lee's Summit MO PD,1017,"07/23/2026, 04:00:07 PM UTC
07/24/2026, 04:00:07 PM UTC",REDACTED ,Stolen Property Offenses,REDACTED ,,"07/24/2026, 03:32:09 PM UTC",lookup,,
bc09b41e-a0d5-49ea-bb7b-c6a0e6fe7aac,Christy Griffin,Lee's Summit MO PD,2,"07/17/2026, 03:00:09 PM UTC
07/24/2026, 03:00:09 PM UTC",REDACTED ,Larceny/Theft Offenses,REDACTED ,,"07/24/2026, 02:56:12 PM UTC",lookup,,
32f0ad51-0411-40f0-8ba0-a0ccd30aca64,Ashley Spring,Lee's Summit MO PD,1017,"07/23/2026, 03:00:40 PM UTC
07/24/2026, 03:00:40 PM UTC",REDACTED ,Stolen Property Offenses - Investigation,REDACTED ,,"07/24/2026, 02:36:42 PM UTC",lookup,,
5027b08a-5074-45ce-9491-61da97c6ea80,Ashley Spring,Lee's Summit MO PD,1017,"07/24/2026, 01:00:28 PM UTC
07/24/2026, 03:00:28 PM UTC",REDACTED ,Stolen Property Offenses - Investigation,REDACTED ,,"07/24/2026, 02:36:38 PM UTC",lookup,,
91cd7938-9fe6-4900-97d6-bcd8bff314f7,David Arnold,Lee's Summit MO PD,1017,"06/24/2026, 02:30:21 PM UTC
07/24/2026, 02:30:21 PM UTC",REDACTED ,Larceny/Theft Offenses,REDACTED ,,"07/24/2026, 02:03:24 PM UTC",lookup,,
51ba15cb-1d67-48fc-a710-69d65f0314d0,Ashley Spring,Lee's Summit MO PD,1017,"07/23/2026, 02:00:01 PM UTC
07/24/2026, 02:00:01 PM UTC",REDACTED ,Stolen Property Offenses - Investigation,REDACTED ,missouri,"07/24/2026, 01:40:04 PM UTC",lookup,,
f4257060-29a6-4d38-ba2e-8f41cc0fd535,Ashley Spring,Lee's Summit MO PD,1017,"07/22/2026, 06:30:00 PM UTC
07/23/2026, 07:40:00 PM UTC",REDACTED ,Stolen Property Offenses - Investigation,REDACTED ,missouri,"07/24/2026, 01:39:37 PM UTC",lookup,,
94ef6a32-2960-4d0b-afde-d6a20925da24,Jacob Aguayo,Lee's Summit MO PD,1016,"06/24/2026, 01:30:49 PM UTC
07/24/2026, 01:30:49 PM UTC",REDACTED ,Stolen Property Offenses,REDACTED ,tennessee,"07/24/2026, 01:23:22 PM UTC",lookup,,
13ef8e59-0a44-4a9e-9457-b94dbc54e9ec,Jacob Aguayo,Lee's Summit MO PD,1016,"06/24/2026, 01:30:49 PM UTC
07/24/2026, 01:30:49 PM UTC",REDACTED ,Stolen Property Offenses,REDACTED ,,"07/24/2026, 01:23:06 PM UTC",lookup,,
f138dd86-f638-43f8-8f74-20765bbf6d1c,Jacob Aguayo,Lee's Summit MO PD,2,"06/24/2026, 01:30:49 PM UTC
07/24/2026, 01:30:49 PM UTC",REDACTED ,Stolen Property Offenses,REDACTED ,,"07/24/2026, 01:22:54 PM UTC",lookup,,
9792017b-29e7-4ec8-b9b7-3549b84bab71,Jacob Aguayo,Lee's Summit MO PD,2,"06/12/2026, 11:30:00 PM UTC
06/13/2026, 09:00:00 AM UTC",REDACTED ,Stolen Property Offenses,REDACTED ,,"07/24/2026, 01:22:41 PM UTC",freeform,objectClass:vehicle white buckets in bed of truck,allow
16b7a0b1-b5bd-4be6-a9ce-60422d45e854,Dalton Sterbenz,Lee's Summit MO PD,6196,"07/23/2026, 03:30:36 AM UTC
07/24/2026, 03:30:36 AM UTC",REDACTED ,Motor Vehicle Theft/Stolen,REDACTED ,,"07/24/2026, 03:30:01 AM UTC",lookup,,
9520449e-d63f-43bc-8bb4-1e93a4a5d189,Dalton Sterbenz,Lee's Summit MO PD,6196,"07/23/2026, 03:30:36 AM UTC
07/24/2026, 03:30:36 AM UTC",REDACTED ,Motor Vehicle Theft/Stolen,REDACTED ,,"07/24/2026, 03:27:38 AM UTC",lookup,,
d65a6042-c454-4508-9bbb-5e623365a75f,Andrew Ewing,Lee's Summit MO PD,1017,"07/24/2026, 01:30:20 AM UTC
07/24/2026, 03:30:20 AM UTC",REDACTED ,Motor Vehicle Theft/Stolen,REDACTED ,,"07/24/2026, 03:25:15 AM UTC",lookup,,
b1e4d103-e2a8-4948-a70a-8b60c3a352da,Jacob White,Lee's Summit MO PD,2,"07/17/2026, 03:30:26 AM UTC
07/24/2026, 03:30:26 AM UTC",REDACTED ,Motor Vehicle Theft/Stolen,REDACTED ,,"07/24/2026, 03:24:28 AM UTC",lookup,,
e1cc4a29-5ee1-49e0-b3f6-e4c41d10e67a,Jacob White,Lee's Summit MO PD,2,"07/23/2026, 12:00:46 AM UTC
07/24/2026, 12:00:46 AM UTC",REDACTED ,Motor Vehicle Theft/Stolen,REDACTED ,,"07/24/2026, 03:24:21 AM UTC",lookup,,
27ebd185-f0d4-473d-8cf4-1a5e69af69e3,Andrew Ewing,Lee's Summit MO PD,1017,"07/24/2026, 01:30:20 AM UTC
07/24/2026, 03:30:20 AM UTC",REDACTED ,Motor Vehicle Theft/Stolen,REDACTED ,,"07/24/2026, 03:23:42 AM UTC",lookup,,
f3a805c7-6d76-4073-9fa5-edacaa9c40d5,Dalton Sterbenz,Lee's Summit MO PD,1016,"07/24/2026, 01:30:25 AM UTC
07/24/2026, 03:30:25 AM UTC",REDACTED ,Motor Vehicle Theft/Stolen,REDACTED ,,"07/24/2026, 03:21:43 AM UTC",lookup,,
ae815e57-2542-460a-9891-8991d6031a69,Jordan McWhorter,Lee's Summit MO PD,6196,"06/24/2026, 12:00:54 AM UTC
07/24/2026, 12:00:54 AM UTC",REDACTED ,Kidnapping/Abduction,REDACTED ,,"07/24/2026, 02:04:50 AM UTC",lookup,,
49f18b04-373d-429a-a9fa-141eee881e85,Dalton Sterbenz,Lee's Summit MO PD,6196,"06/24/2026, 01:30:44 AM UTC
07/24/2026, 01:30:44 AM UTC",REDACTED ,Assault/Battery Offenses,REDACTED ,,"07/24/2026, 01:21:46 AM UTC",lookup,,
5fe5ff2e-6c7c-40bc-8d82-d4712f3b6e42,Jacob White,Lee's Summit MO PD,2,"07/23/2026, 12:00:46 AM UTC
07/24/2026, 12:00:46 AM UTC",REDACTED ,Wanted Person (Arrest Warrant/Fugitive),REDACTED ,,"07/24/2026, 01:10:32 AM UTC",lookup,,
d92d3e6f-9ff3-4b99-8372-886e1a93c4b2,Jacob White,Lee's Summit MO PD,2,"07/23/2026, 12:00:46 AM UTC
07/24/2026, 12:00:46 AM UTC",REDACTED ,Wanted Person (Arrest Warrant/Fugitive),REDACTED ,,"07/24/2026, 01:09:01 AM UTC",lookup,,
672beba2-45b2-4f83-a8c7-863a1e6db7be,Jordan McWhorter,Lee's Summit MO PD,6196,"06/24/2026, 12:00:54 AM UTC
07/24/2026, 12:00:54 AM UTC",REDACTED ,Kidnapping/Abduction,REDACTED ,,"07/24/2026, 01:04:04 AM UTC",lookup,,
eac001dd-b170-4629-a044-f411b4a9c098,Scott McMilian,Lee's Summit MO PD,1016,"07/17/2026, 01:30:20 AM UTC
07/24/2026, 01:30:20 AM UTC",REDACTED ,Welfare Check,REDACTED ,,"07/24/2026, 01:01:27 AM UTC",lookup,,
a5bd8aa4-4cca-4ffe-a6c5-134181d2be63,Scott McMilian,Lee's Summit MO PD,1016,"07/17/2026, 01:30:20 AM UTC
07/24/2026, 01:30:20 AM UTC",REDACTED ,Welfare Check,REDACTED ,,"07/24/2026, 01:00:22 AM UTC",lookup,,
7010fb3a-be57-4f90-83d0-2f681efb111b,Dalton Sterbenz,Lee's Summit MO PD,6196,"07/23/2026, 01:00:37 AM UTC
07/24/2026, 01:00:37 AM UTC",REDACTED ,Kidnapping/Abduction,REDACTED ,,"07/24/2026, 12:55:39 AM UTC",lookup,,
99b05434-57d1-47e4-a231-e41e88396a24,Andrew Ewing,Lee's Summit MO PD,1017,"07/23/2026, 12:00:29 AM UTC
07/24/2026, 12:00:29 AM UTC",REDACTED ,Traffic Infraction,REDACTED ,,"07/23/2026, 11:59:49 PM UTC",lookup,,
97f42941-1a93-44b5-8e86-20677fef316e,Jordan McWhorter,Lee's Summit MO PD,350,"06/24/2026, 12:00:15 AM UTC
07/24/2026, 12:00:15 AM UTC",REDACTED ,Obstructing the Police (Fleeing/Eluding),REDACTED ,,"07/23/2026, 11:59:17 PM UTC",lookup,,
ac57871a-3b56-462c-92d0-7a9bfe400256,Andrew Ewing,Lee's Summit MO PD,1017,"07/23/2026, 12:00:29 AM UTC
07/24/2026, 12:00:29 AM UTC",REDACTED ,Traffic Infraction,REDACTED ,,"07/23/2026, 11:57:28 PM UTC",lookup,,
6f7cf442-934d-4b95-b078-91ddb4c22ec1,Andrew Ewing,Lee's Summit MO PD,1017,"07/23/2026, 12:00:29 AM UTC
07/24/2026, 12:00:29 AM UTC",REDACTED ,Traffic Infraction,REDACTED ,,"07/23/2026, 11:57:21 PM UTC",lookup,,
f81f743a-4d1a-4bae-875f-802250fd8544,Jacob White,Lee's Summit MO PD,2,"07/23/2026, 12:00:46 AM UTC
07/24/2026, 12:00:46 AM UTC",REDACTED ,Wanted Person (Arrest Warrant/Fugitive),REDACTED ,,"07/23/2026, 11:55:47 PM UTC",lookup,,
68b53668-8f7a-405b-917d-9184e3f6d286,Dalton Sterbenz,Lee's Summit MO PD,6196,"06/24/2026, 12:00:53 AM UTC
07/24/2026, 12:00:53 AM UTC",REDACTED ,Obstructing the Police (Fleeing/Eluding),REDACTED ,,"07/23/2026, 11:54:56 PM UTC",lookup,,
2eff6073-589b-4584-bf1d-f10271c64e30,Jacob White,Lee's Summit MO PD,1016,"07/22/2026, 11:30:57 PM UTC
07/23/2026, 11:30:57 PM UTC",REDACTED ,Wanted Person (Arrest Warrant/Fugitive),REDACTED ,,"07/23/2026, 11:54:56 PM UTC",lookup,,
286182c6-00fa-4926-a1b5-e1cff259250a,Andrew Ewing,Lee's Summit MO PD,1017,"07/23/2026, 12:00:29 AM UTC
07/24/2026, 12:00:29 AM UTC",REDACTED ,Traffic Infraction,REDACTED ,,"07/23/2026, 11:52:25 PM UTC",lookup,,
045af5ae-5007-4d60-ae53-bda3fe627d1e,Dalton Sterbenz,Lee's Summit MO PD,1016,"07/17/2026, 12:00:58 AM UTC
07/24/2026, 12:00:58 AM UTC",REDACTED ,Obstructing the Police (Fleeing/Eluding),REDACTED ,,"07/23/2026, 11:52:00 PM UTC",lookup,,
31cd2e27-10b8-4393-9e02-6063cf445391,Dalton Sterbenz,Lee's Summit MO PD,1016,"07/23/2026, 10:00:44 PM UTC
07/24/2026, 12:00:44 AM UTC",REDACTED ,Obstructing the Police (Fleeing/Eluding),REDACTED ,,"07/23/2026, 11:49:54 PM UTC",lookup,,
888b2f0a-1b51-4604-b922-f6ccd88f2705,Jacob White,Lee's Summit MO PD,1016,"07/22/2026, 11:30:57 PM UTC
07/23/2026, 11:30:57 PM UTC",REDACTED ,Wanted Person (Arrest Warrant/Fugitive),REDACTED ,,"07/23/2026, 11:49:43 PM UTC",lookup,,
8f161115-8b6f-4487-900b-d94315a55d42,Andrew Ewing,Lee's Summit MO PD,1017,"07/23/2026, 12:00:29 AM UTC
07/24/2026, 12:00:29 AM UTC",REDACTED ,Traffic Infraction,REDACTED ,,"07/23/2026, 11:48:53 PM UTC",lookup,,
dc4954f7-a717-4771-bdf4-e40d58b35396,Andrew Ewing,Lee's Summit MO PD,1017,"07/23/2026, 12:00:29 AM UTC
07/24/2026, 12:00:29 AM UTC",REDACTED ,Traffic Infraction,REDACTED ,,"07/23/2026, 11:46:31 PM UTC",lookup,,
dcb94b23-bcd7-4e8b-a85f-1c6e146400b5,Jordan McWhorter,Lee's Summit MO PD,6196,"06/24/2026, 12:00:54 AM UTC
07/24/2026, 12:00:54 AM UTC",REDACTED ,Kidnapping/Abduction,REDACTED ,,"07/23/2026, 11:33:56 PM UTC",lookup,,
ba486729-f189-49c7-b501-91db33c8d3c1,Dalton Sterbenz,Lee's Summit MO PD,6196,"06/23/2026, 11:30:35 PM UTC
07/23/2026, 11:30:35 PM UTC",REDACTED ,Kidnapping/Abduction,REDACTED ,,"07/23/2026, 11:15:36 PM UTC",lookup,,
628a133f-093f-4f34-9664-a2600bb47aef,Dalton Sterbenz,Lee's Summit MO PD,1016,"07/23/2026, 09:30:21 PM UTC
07/23/2026, 11:30:21 PM UTC",REDACTED ,Kidnapping/Abduction,REDACTED ,,"07/23/2026, 11:15:30 PM UTC",lookup,,
0982c4aa-8ef6-4ab1-bee3-9a1d1c05a99e,Andrew Ewing,Lee's Summit MO PD,1017,"06/23/2026, 11:30:20 PM UTC
07/23/2026, 11:30:20 PM UTC",REDACTED ,Wanted Person (Arrest Warrant/Fugitive),REDACTED ,"SUV, white, florida","07/23/2026, 11:12:17 PM UTC",search,,
42487c10-ffa2-428e-9ef3-ec36c17455ec,Andrew Ewing,Lee's Summit MO PD,1017,"06/23/2026, 11:30:20 PM UTC
07/23/2026, 11:30:20 PM UTC",REDACTED ,Wanted Person (Arrest Warrant/Fugitive),REDACTED ,"SUV, Ford, florida","07/23/2026, 11:11:51 PM UTC",search,,
ea533be8-d8cc-4cd6-b117-eab6d8f3076b,Andrew Ewing,Lee's Summit MO PD,1017,"06/23/2026, 11:30:20 PM UTC
07/23/2026, 11:30:20 PM UTC",REDACTED ,Wanted Person (Arrest Warrant/Fugitive),REDACTED ,"Ford, white, florida","07/23/2026, 11:11:34 PM UTC",search,,
f2d5620b-df68-4cae-b961-2fc4d1e783ed,Andrew Ewing,Lee's Summit MO PD,1017,"06/23/2026, 11:30:20 PM UTC
07/23/2026, 11:30:20 PM UTC",REDACTED ,Wanted Person (Arrest Warrant/Fugitive),REDACTED ,"SUV, Ford, white, florida","07/23/2026, 11:11:26 PM UTC",search,,
aedc5018-dc82-47a1-99c8-99155c674d4f,Andrew Ewing,Lee's Summit MO PD,1017,"07/22/2026, 11:30:15 PM UTC
07/23/2026, 11:30:15 PM UTC",REDACTED ,Wanted Person (Arrest Warrant/Fugitive),REDACTED ,"SUV, Ford, white, florida","07/23/2026, 11:11:17 PM UTC",search,,
5dda27dc-539e-4451-882c-1daf59ba09ff,Jacob White,Lee's Summit MO PD,1016,"07/22/2026, 11:30:57 PM UTC
07/23/2026, 11:30:57 PM UTC",REDACTED ,Wanted Person (Arrest Warrant/Fugitive),REDACTED ,,"07/23/2026, 11:10:06 PM UTC",lookup,,
5d4630ab-c267-4dba-8cae-ccdab50ff19f,Jacob White,Lee's Summit MO PD,2,"07/22/2026, 11:30:57 PM UTC
07/23/2026, 11:30:57 PM UTC",REDACTED ,Wanted Person (Arrest Warrant/Fugitive),REDACTED ,,"07/23/2026, 11:10:00 PM UTC",lookup,,
aae5c877-6b6d-417f-93eb-7e41a7064471,Jacob White,Lee's Summit MO PD,2,"06/23/2026, 11:30:17 PM UTC
07/23/2026, 11:30:17 PM UTC",REDACTED ,Wanted Person (Arrest Warrant/Fugitive),REDACTED ,,"07/23/2026, 11:09:52 PM UTC",lookup,,
1fa9330a-4544-42d7-bafe-de82d3ca779a,Jacob White,Lee's Summit MO PD,2,"06/23/2026, 11:30:17 PM UTC
07/23/2026, 11:30:17 PM UTC",REDACTED ,Wanted Person (Arrest Warrant/Fugitive),REDACTED ,,"07/23/2026, 11:09:20 PM UTC",lookup,,
d6d468e4-f59a-43f3-be4c-e37871c6ba23,Dalton Sterbenz,Lee's Summit MO PD,1016,"07/22/2026, 11:30:28 PM UTC
07/23/2026, 11:30:28 PM UTC",REDACTED ,Kidnapping/Abduction,REDACTED ,,"07/23/2026, 11:06:29 PM UTC",lookup,,
efa73cbd-7e6e-4eeb-8682-a5c0f6a65ba1,Dalton Sterbenz,Lee's Summit MO PD,6196,"06/23/2026, 11:30:30 PM UTC
07/23/2026, 11:30:30 PM UTC",REDACTED ,Assault/Battery Offenses,REDACTED ,,"07/23/2026, 11:00:34 PM UTC",lookup,,
9051dc27-2de6-49ae-9e48-35877b3e51f7,Dalton Sterbenz,Lee's Summit MO PD,6196,"07/22/2026, 11:00:06 PM UTC
07/23/2026, 11:00:06 PM UTC",REDACTED ,Kidnapping/Abduction,REDACTED ,,"07/23/2026, 10:51:22 PM UTC",lookup,,
3888c3e0-2b7c-400b-9503-2b36991f4080,Jordan McWhorter,Lee's Summit MO PD,6196,"06/23/2026, 10:49:24 PM UTC
07/23/2026, 10:49:24 PM UTC",REDACTED ,Kidnapping/Abduction,REDACTED ,,"07/23/2026, 10:49:28 PM UTC",lookup,,
960379e0-3559-4794-95e1-e89f8402605d,Jordan McWhorter,Lee's Summit MO PD,1016,"07/23/2026, 09:00:41 PM UTC
07/23/2026, 11:00:41 PM UTC",REDACTED ,Kidnapping/Abduction,REDACTED ,"SUV, Chevrolet","07/23/2026, 10:48:26 PM UTC",search,,
3303f605-d25f-490c-ba21-6d734cd0abf2,Jordan McWhorter,Lee's Summit MO PD,1016,"07/23/2026, 09:00:41 PM UTC
07/23/2026, 11:00:41 PM UTC",REDACTED ,Kidnapping/Abduction,REDACTED ,"SUV, Chevrolet, black","07/23/2026, 10:48:14 PM UTC",search,,
839b61f4-0f24-4af9-bf0b-de06bd9761f3,Dalton Sterbenz,Lee's Summit MO PD,6196,"07/22/2026, 11:00:12 PM UTC
07/23/2026, 11:00:12 PM UTC",REDACTED ,Kidnapping/Abduction,REDACTED ,nevada,"07/23/2026, 10:48:14 PM UTC",lookup,,
8db64f28-4f20-44df-9a4a-3cff5c497f15,Jordan McWhorter,Lee's Summit MO PD,1016,"07/23/2026, 09:00:41 PM UTC
07/23/2026, 11:00:41 PM UTC",REDACTED ,Kidnapping/Abduction,REDACTED ,"Chevrolet, black","07/23/2026, 10:46:28 PM UTC",search,,
272ac212-cc62-42f0-b40e-2a1a038279ac,Nicolet Dyer,Lee's Summit MO PD,1017,"07/16/2026, 11:00:51 PM UTC
07/23/2026, 11:00:51 PM UTC",REDACTED ,Assault/Battery Offenses,REDACTED ,,"07/23/2026, 10:43:21 PM UTC",lookup,,
e58c51d4-f87b-4034-b36a-05bcb62425e6,Dalton Sterbenz,Lee's Summit MO PD,6196,"07/16/2026, 11:00:37 PM UTC
07/23/2026, 11:00:37 PM UTC",REDACTED ,Kidnapping/Abduction,REDACTED ,nevada,"07/23/2026, 10:35:40 PM UTC",lookup,,
1f311247-0119-4ed7-bf65-33733500556b,Nicolet Dyer,Lee's Summit MO PD,1017,"07/16/2026, 11:00:51 PM UTC
07/23/2026, 11:00:51 PM UTC",REDACTED ,Assault/Battery Offenses,REDACTED ,,"07/23/2026, 10:34:30 PM UTC",lookup,,
a24a892c-53c0-4468-af9e-577e4c974bd6,Nicolet Dyer,Lee's Summit MO PD,1017,"07/16/2026, 11:00:51 PM UTC
07/23/2026, 11:00:51 PM UTC",REDACTED ,Assault/Battery Offenses,REDACTED ,,"07/23/2026, 10:31:52 PM UTC",lookup,,
e752d506-985e-4d53-a1bc-3ae6289dd06b,Nicolet Dyer,Lee's Summit MO PD,1017,"07/23/2026, 09:00:58 PM UTC
07/23/2026, 11:00:58 PM UTC",REDACTED ,Assault/Battery Offenses,REDACTED ,,"07/23/2026, 10:31:04 PM UTC",lookup,,
934d6de5-2f5f-46a7-965a-21f1423af948,Dalton Sterbenz,Lee's Summit MO PD,6196,"07/22/2026, 11:00:48 PM UTC
07/23/2026, 11:00:48 PM UTC",REDACTED ,Kidnapping/Abduction,REDACTED ,nevada,"07/23/2026, 10:30:50 PM UTC",lookup,,
bdf957f3-023c-4e66-8976-a6744627217a,Dalton Sterbenz,Lee's Summit MO PD,6196,"06/23/2026, 11:00:19 PM UTC
07/23/2026, 11:00:19 PM UTC",REDACTED ,Kidnapping/Abduction,REDACTED ,nevada,"07/23/2026, 10:30:21 PM UTC",lookup,,
35db5716-1cc1-4035-b3c2-1ac0a32e8a1b,Nicolet Dyer,Lee's Summit MO PD,350,"06/23/2026, 10:30:56 PM UTC
07/23/2026, 10:30:56 PM UTC",REDACTED ,Welfare Check,REDACTED ,,"07/23/2026, 10:13:58 PM UTC",lookup,,
a036603f-8c00-4a5e-bfca-c1e432b0c959,Dalton Sterbenz,Lee's Summit MO PD,1016,"07/22/2026, 10:30:03 PM UTC
07/23/2026, 10:30:03 PM UTC",REDACTED ,Kidnapping/Abduction,REDACTED ,nevada,"07/23/2026, 10:12:07 PM UTC",lookup,,
c67d25c6-8d32-4c40-9056-870b407541fa,Dalton Sterbenz,Lee's Summit MO PD,1016,"07/23/2026, 08:30:12 PM UTC
07/23/2026, 10:30:12 PM UTC",REDACTED ,Kidnapping/Abduction,REDACTED ,nevada,"07/23/2026, 10:11:37 PM UTC",lookup,,
85295337-9042-45a4-8c71-9c9afcbf7d34,Nicolet Dyer,Lee's Summit MO PD,1017,"07/23/2026, 08:30:42 PM UTC
07/23/2026, 10:30:42 PM UTC",REDACTED ,Welfare Check,REDACTED ,,"07/23/2026, 10:11:06 PM UTC",lookup,,
e2213142-c72a-4e83-855c-361834084e87,Dalton Sterbenz,Lee's Summit MO PD,1016,"07/23/2026, 08:30:12 PM UTC
07/23/2026, 10:30:12 PM UTC",REDACTED ,Kidnapping/Abduction,REDACTED ,nevada,"07/23/2026, 10:10:28 PM UTC",lookup,,
897fd6c3-f7c0-4435-894a-ab7ccb68b394,Nicolet Dyer,Lee's Summit MO PD,1017,"07/23/2026, 08:30:43 PM UTC
07/23/2026, 10:30:43 PM UTC",REDACTED ,Assault/Battery Offenses,REDACTED ,,"07/23/2026, 10:07:00 PM UTC",lookup,,
df512061-872a-4f5c-9fe3-b3a418b4f25d,Andrew Ewing,Lee's Summit MO PD,1017,"07/16/2026, 09:30:02 PM UTC
07/23/2026, 09:30:02 PM UTC",REDACTED ,Motor Vehicle Theft/Stolen,REDACTED ,,"07/23/2026, 09:50:22 PM UTC",lookup,,
e92bc0db-44dc-4dc5-9a82-fb5c3d1157d6,Dalton Sterbenz,Lee's Summit MO PD,1016,"07/16/2026, 10:00:24 PM UTC
07/23/2026, 10:00:24 PM UTC",REDACTED ,Motor Vehicle Theft/Stolen,REDACTED ,virginia,"07/23/2026, 09:39:27 PM UTC",lookup,,
1bc423ca-42b8-4c2b-96ac-4ba569d83f27,Bryan Gilbert,Lee's Summit MO PD,998,"06/23/2026, 09:17:35 PM UTC
07/23/2026, 09:17:35 PM UTC",REDACTED ,Motor Vehicle Theft/Stolen,REDACTED ,,"07/23/2026, 09:17:37 PM UTC",lookup - Mobile,,
c305d6c6-46d9-4ac5-a5b1-4a75a884b0fd,Andrew Ewing,Lee's Summit MO PD,1017,"07/16/2026, 09:30:02 PM UTC
07/23/2026, 09:30:02 PM UTC",REDACTED ,Motor Vehicle Theft/Stolen,REDACTED ,,"07/23/2026, 09:12:05 PM UTC",lookup,,
5053b907-258b-4d08-ac09-57ae1a7f616f,Andrew Ewing,Lee's Summit MO PD,1017,"07/22/2026, 09:30:54 PM UTC
07/23/2026, 09:30:54 PM UTC",REDACTED ,Motor Vehicle Theft/Stolen,REDACTED ,,"07/23/2026, 09:11:56 PM UTC",lookup,,
c3d32b4e-2614-476d-bf9a-3dd806a2d5a6,Johnathon Ketelsen,Lee's Summit MO PD,1016,"07/22/2026, 09:00:07 PM UTC
07/23/2026, 09:00:07 PM UTC",REDACTED ,Motor Vehicle Theft/Stolen - stolen,REDACTED ,,"07/23/2026, 08:49:09 PM UTC",lookup,,
3c5e6f8a-d2f6-4d81-b2c2-d78efd8847e8,Dalton Sterbenz,Lee's Summit MO PD,997,"07/23/2026, 02:46:14 PM UTC
07/23/2026, 08:46:14 PM UTC",REDACTED ,Motor Vehicle Theft/Stolen,REDACTED ,,"07/23/2026, 08:46:14 PM UTC",lookup - Mobile,,
f7fcf196-ea99-462a-aa7e-7440765d03d0,Dalton Sterbenz,Lee's Summit MO PD,2,"07/16/2026, 08:46:02 PM UTC
07/23/2026, 08:46:02 PM UTC",REDACTED ,Motor Vehicle Theft/Stolen,REDACTED ,,"07/23/2026, 08:46:04 PM UTC",lookup - Mobile,,
f07a2c6d-3f1a-486c-95c1-015a9e9d5738,Dalton Sterbenz,Lee's Summit MO PD,2,"07/22/2026, 08:46:00 PM UTC
07/23/2026, 08:46:00 PM UTC",REDACTED ,Motor Vehicle Theft/Stolen,REDACTED ,,"07/23/2026, 08:46:01 PM UTC",lookup - Mobile,,
935057fe-dd66-4e7e-90aa-e014c34ad8c5,Ryan Small,Lee's Summit MO PD,2,"07/14/2026, 08:15:00 AM UTC
07/14/2026, 09:00:00 AM UTC",REDACTED ,Larceny/Theft Offenses,REDACTED ,,"07/23/2026, 08:41:33 PM UTC",search,,
64b19c4d-d935-4289-af1b-263e09c9e90d,Ryan Small,Lee's Summit MO PD,1017,"06/23/2026, 09:00:08 PM UTC
07/23/2026, 09:00:08 PM UTC",REDACTED ,Larceny/Theft Offenses,REDACTED ,,"07/23/2026, 08:38:37 PM UTC",lookup,,
2474f65b-08a2-4dc6-a983-af300e2543b0,Ryan Small,Lee's Summit MO PD,1017,"06/23/2026, 09:00:08 PM UTC
07/23/2026, 09:00:08 PM UTC",REDACTED ,Larceny/Theft Offenses,REDACTED ,,"07/23/2026, 08:38:19 PM UTC",lookup,,
b4776cce-a3bf-47f8-b39d-283adf3a69bf,Ryan Brownell,Lee's Summit MO PD,1,"07/23/2026, 06:30:53 PM UTC
07/23/2026, 08:30:53 PM UTC",REDACTED ,Assault/Battery Offenses,REDACTED ,missouri,"07/23/2026, 08:19:33 PM UTC",lookup,,
6e834f15-59f1-423d-bd2a-b18fc456e892,Ryan Brownell,Lee's Summit MO PD,1,"07/23/2026, 06:30:53 PM UTC
07/23/2026, 08:30:53 PM UTC",REDACTED ,Assault/Battery Offenses,REDACTED ,missouri,"07/23/2026, 08:19:21 PM UTC",lookup,,
240c0830-9aae-482d-a4d5-40c227b04400,Ryan Brownell,Lee's Summit MO PD,1017,"07/23/2026, 06:30:53 PM UTC
07/23/2026, 08:30:53 PM UTC",REDACTED ,Assault/Battery Offenses,REDACTED ,missouri,"07/23/2026, 08:19:08 PM UTC",lookup,,
1e3a17c5-254e-429e-8258-f29be1c750fc,Darcy Boorem,Lee's Summit MO PD,1017,"06/23/2026, 08:00:54 PM UTC
07/23/2026, 08:00:54 PM UTC",REDACTED ,Larceny/Theft Offenses,REDACTED ,,"07/23/2026, 07:54:56 PM UTC",lookup,,
4f64e5eb-3118-44cc-a2b2-637f273d7f10,Mahmoud Albawwab,Lee's Summit MO PD,1016,"07/22/2026, 08:00:47 PM UTC
07/23/2026, 08:00:47 PM UTC",REDACTED ,Wanted Person (Arrest Warrant/Fugitive),REDACTED ,,"07/23/2026, 07:49:51 PM UTC",lookup,,
2442f099-b034-436d-95e0-cd35cbc6ec3a,Andrew Ewing,Lee's Summit MO PD,1017,"07/16/2026, 08:00:21 PM UTC
07/23/2026, 08:00:21 PM UTC",REDACTED ,Wanted Person (Arrest Warrant/Fugitive),REDACTED ,,"07/23/2026, 07:37:22 PM UTC",lookup,,
c592629e-86db-4273-ad6a-ce521820ead4,Andrew Ewing,Lee's Summit MO PD,1017,"07/22/2026, 08:00:17 PM UTC
07/23/2026, 08:00:17 PM UTC",REDACTED ,Wanted Person (Arrest Warrant/Fugitive),REDACTED ,,"07/23/2026, 07:37:18 PM UTC",lookup,,
19c61550-726a-4665-bd8d-0ca61c89166c,Ashley Spring,Lee's Summit MO PD,1017,"07/22/2026, 06:30:00 PM UTC
07/23/2026, 07:40:00 PM UTC",REDACTED ,Stolen Property Offenses - Investigation,REDACTED ,missouri,"07/23/2026, 06:59:29 PM UTC",lookup,,
6dce5f3b-d7e8-4ef3-9ab0-22d54d3f2598,Ashley Spring,Lee's Summit MO PD,1017,"07/22/2026, 06:30:00 PM UTC
07/23/2026, 07:40:00 PM UTC",REDACTED ,Stolen Property Offenses - Investigation,REDACTED ,missouri,"07/23/2026, 06:35:13 PM UTC",lookup,,
f519f060-2219-4b10-be5b-6834a84c6535,Ashley Spring,Lee's Summit MO PD,1017,"07/22/2026, 06:30:00 PM UTC
07/23/2026, 07:40:00 PM UTC",REDACTED ,Stolen Property Offenses - Investigation,REDACTED ,missouri,"07/23/2026, 06:12:47 PM UTC",lookup,,
8d3cb387-9478-407f-9e0b-1b172cbeba66,Charles Gippner,Lee's Summit MO PD,1016,"07/23/2026, 04:30:50 PM UTC
07/23/2026, 06:30:50 PM UTC",REDACTED ,Illegal Dumping/Littering,REDACTED ,"Kia, missouri","07/23/2026, 06:10:59 PM UTC",lookup,,
21e75748-b91f-492b-b7da-a643b1e104c6,Ashley Spring,Lee's Summit MO PD,1017,"07/22/2026, 06:30:00 PM UTC
07/23/2026, 03:40:00 PM UTC",REDACTED ,Stolen Property Offenses - Investigation,REDACTED ,missouri,"07/23/2026, 05:27:24 PM UTC",lookup,,
132b235e-9d53-48f0-b471-c939a9c5f4cb,Ashley Spring,Lee's Summit MO PD,1017,"07/22/2026, 03:00:00 PM UTC
07/23/2026, 03:40:00 PM UTC",REDACTED ,Stolen Property Offenses - Investigation,REDACTED ,missouri,"07/23/2026, 05:27:06 PM UTC",lookup,,
1f7bf257-5944-4719-8de1-55495ae21329,Ryan Small,Lee's Summit MO PD,1017,"06/23/2026, 05:30:55 PM UTC
07/23/2026, 05:30:55 PM UTC",REDACTED ,Larceny/Theft Offenses,REDACTED ,,"07/23/2026, 05:23:02 PM UTC",lookup,,
186f56d0-1440-456d-8ad1-3edb4f5a19f5,Mahmoud Albawwab,Lee's Summit MO PD,1016,"07/21/2026, 05:30:01 PM UTC
07/23/2026, 05:30:01 PM UTC",REDACTED ,Wanted Person (Arrest Warrant/Fugitive),REDACTED ,,"07/23/2026, 05:16:36 PM UTC",lookup,,
b2fcc0f5-c0eb-4cef-97c0-1b25e7e62c6e,Mahmoud Albawwab,Lee's Summit MO PD,2,"07/21/2026, 05:30:01 PM UTC
07/23/2026, 05:30:01 PM UTC",REDACTED ,Wanted Person (Arrest Warrant/Fugitive),REDACTED ,,"07/23/2026, 05:15:10 PM UTC",lookup,,
867923a7-aec0-4cfb-a048-ee76d69b7d38,Brett Sinclair,Lee's Summit MO PD,1,"06/23/2026, 05:00:50 PM UTC
07/23/2026, 05:00:50 PM UTC",REDACTED ,Larceny/Theft Offenses - Suspect Vehicle,REDACTED ,california,"07/23/2026, 05:08:30 PM UTC",lookup,,
21b255c4-e129-4ab8-9dc8-99762b415fe4,Ryan Small,Lee's Summit MO PD,1,"07/14/2026, 07:30:00 AM UTC
07/14/2026, 09:30:00 AM UTC",REDACTED ,Larceny/Theft Offenses,REDACTED ,,"07/23/2026, 05:08:26 PM UTC",search,,
7149b963-532c-4997-aa13-272e7080c59a,Brett Sinclair,Lee's Summit MO PD,1,"06/23/2026, 05:00:50 PM UTC
07/23/2026, 05:00:50 PM UTC",REDACTED ,Larceny/Theft Offenses - Suspect Vehicle,REDACTED ,california,"07/23/2026, 05:08:25 PM UTC",lookup,,
2423249e-637f-4e3a-ba7b-9746d7c8f137,Brett Sinclair,Lee's Summit MO PD,1,"06/23/2026, 05:00:50 PM UTC
07/23/2026, 05:00:50 PM UTC",REDACTED ,Larceny/Theft Offenses - Suspect Vehicle,REDACTED ,california,"07/23/2026, 05:08:16 PM UTC",lookup,,
d30ac9ae-795b-404b-a428-6e319167a91b,Brett Sinclair,Lee's Summit MO PD,1016,"06/23/2026, 05:00:50 PM UTC
07/23/2026, 05:00:50 PM UTC",REDACTED ,Larceny/Theft Offenses - Suspect Vehicle,REDACTED ,california,"07/23/2026, 04:51:53 PM UTC",lookup,,
b88a9f64-1e1b-4e12-bbe7-4a4e664ba0f7,Jennifer Kudzinski,Lee's Summit MO PD,1017,"02/01/2026, 06:30:00 AM UTC
03/01/2026, 05:30:00 AM UTC",REDACTED ,Assault/Battery Offenses - Looking for Suspect,REDACTED ,,"07/23/2026, 04:19:59 PM UTC",lookup,,
111ec7ec-6fdc-4b94-8561-3599acda5bef,Jennifer Kudzinski,Lee's Summit MO PD,2,"02/01/2026, 06:30:00 AM UTC
03/01/2026, 05:30:00 AM UTC",REDACTED ,Assault/Battery Offenses - Looking for Suspect,REDACTED ,,"07/23/2026, 04:19:29 PM UTC",lookup,,
3740d86a-2288-4337-9e17-b536dbb3769f,David Arnold,Lee's Summit MO PD,6206,"06/21/2026, 07:14:17 PM UTC
07/21/2026, 07:14:17 PM UTC",REDACTED ,Larceny/Theft Offenses,REDACTED ,,"07/23/2026, 03:48:32 PM UTC",lookup,,
576f5e7a-1466-42ac-83e7-070a87389b30,Ashley Spring,Lee's Summit MO PD,1017,"07/22/2026, 03:00:00 PM UTC
07/23/2026, 03:40:00 PM UTC",REDACTED ,Stolen Property Offenses - Investigation,REDACTED ,missouri,"07/23/2026, 03:35:46 PM UTC",lookup,,
eba4fb26-e76f-49cd-8b56-8c51e3cacec6,Ashley Spring,Lee's Summit MO PD,1017,"07/22/2026, 03:00:00 PM UTC
07/23/2026, 03:40:00 PM UTC",REDACTED ,Stolen Property Offenses - Investigation,REDACTED ,missouri,"07/23/2026, 03:32:24 PM UTC",lookup,,
3c99f748-f4db-4f0f-a1ff-fb75d925e0c2,Ashley Spring,Lee's Summit MO PD,1017,"07/22/2026, 03:00:00 PM UTC
07/23/2026, 03:30:00 PM UTC",REDACTED ,Stolen Property Offenses - Investigation,REDACTED ,missouri,"07/23/2026, 03:23:43 PM UTC",lookup,,
b257919d-42e0-4f34-935f-4e7250db0d9d,Ashley Spring,Lee's Summit MO PD,1017,"07/22/2026, 03:00:00 PM UTC
07/23/2026, 03:30:00 PM UTC",REDACTED ,Stolen Property Offenses - Investigation,REDACTED ,missouri,"07/23/2026, 03:20:05 PM UTC",lookup,,
a22a2119-8ebf-4c60-b83a-69de262374b8,Ashley Spring,Lee's Summit MO PD,1017,"07/22/2026, 03:00:00 PM UTC
07/23/2026, 03:30:00 PM UTC",REDACTED ,Stolen Property Offenses - Investigation,REDACTED ,missouri,"07/23/2026, 03:19:27 PM UTC",lookup,,
7a579114-d49d-47aa-88a9-082128d8773c,Ashley Spring,Lee's Summit MO PD,1017,"07/22/2026, 03:00:00 PM UTC
07/23/2026, 03:30:00 PM UTC",REDACTED ,Stolen Property Offenses - Investigation,REDACTED ,missouri,"07/23/2026, 03:19:01 PM UTC",lookup,,
017325a6-b834-4d27-9c17-878f809cb5c0,Ashley Spring,Lee's Summit MO PD,1017,"07/22/2026, 03:00:00 PM UTC
07/23/2026, 03:30:00 PM UTC",REDACTED ,Stolen Property Offenses - Investigation,REDACTED ,missouri,"07/23/2026, 03:11:45 PM UTC",lookup,,
cf47c6f0-4ce7-42f2-9306-6de4c8ec7931,Ashley Spring,Lee's Summit MO PD,1017,"07/22/2026, 03:00:43 PM UTC
07/23/2026, 03:00:43 PM UTC",REDACTED ,Stolen Property Offenses - Investigation,REDACTED ,missouri,"07/23/2026, 03:11:25 PM UTC",lookup,,
ea561a86-d1ed-4253-bfe9-fbbdf2135d6d,Mahmoud Albawwab,Lee's Summit MO PD,2,"07/16/2026, 03:30:58 PM UTC
07/23/2026, 03:30:58 PM UTC",REDACTED ,Wanted Person (Arrest Warrant/Fugitive),REDACTED ,,"07/23/2026, 03:08:59 PM UTC",lookup,,
e813d75c-8cca-4be2-9b31-36061de5adb9,Ashley Spring,Lee's Summit MO PD,1017,"07/22/2026, 03:00:43 PM UTC
07/23/2026, 03:00:43 PM UTC",REDACTED ,Stolen Property Offenses - Investigation,REDACTED ,missouri,"07/23/2026, 03:04:54 PM UTC",lookup,,
f224324e-e4a2-4f86-a361-592646f30f06,Ashley Spring,Lee's Summit MO PD,1017,"07/22/2026, 03:00:43 PM UTC
07/23/2026, 03:00:43 PM UTC",REDACTED ,Stolen Property Offenses - Investigation,REDACTED ,missouri,"07/23/2026, 03:01:41 PM UTC",lookup,,
8414a218-af4d-42d9-a458-94466b118db8,Ashley Spring,Lee's Summit MO PD,1017,"07/22/2026, 03:00:43 PM UTC
07/23/2026, 03:00:43 PM UTC",REDACTED ,Stolen Property Offenses - Investigation,REDACTED ,missouri,"07/23/2026, 03:01:22 PM UTC",lookup,,
a0313799-3d6b-46a6-ad6a-87a4e6516311,Ashley Spring,Lee's Summit MO PD,1017,"07/22/2026, 03:00:43 PM UTC
07/23/2026, 03:00:43 PM UTC",REDACTED ,Stolen Property Offenses - Investigation,REDACTED ,missouri,"07/23/2026, 03:00:33 PM UTC",lookup,,
8dede91b-7843-47a4-9fc2-b4a114975c9a,Ashley Spring,Lee's Summit MO PD,1017,"07/22/2026, 03:00:43 PM UTC
07/23/2026, 03:00:43 PM UTC",REDACTED ,Stolen Property Offenses - Investigation,REDACTED ,missouri,"07/23/2026, 02:57:54 PM UTC",lookup,,
4b17e7f6-8f71-48cd-8aaf-ca6457bc233f,Ashley Spring,Lee's Summit MO PD,1017,"07/22/2026, 03:00:43 PM UTC
07/23/2026, 03:00:43 PM UTC",REDACTED ,Stolen Property Offenses - Investigation,REDACTED ,missouri,"07/23/2026, 02:57:32 PM UTC",lookup,,
9ca1cdc3-73e9-4aeb-ae0e-aa0067d0f9d7,Ashley Spring,Lee's Summit MO PD,1017,"07/22/2026, 03:00:43 PM UTC
07/23/2026, 03:00:43 PM UTC",REDACTED ,Stolen Property Offenses - Investigation,REDACTED ,missouri,"07/23/2026, 02:57:22 PM UTC",lookup,,
55cee49f-2d2a-429e-bf2d-1609c955969e,Ashley Spring,Lee's Summit MO PD,1017,"07/22/2026, 03:00:43 PM UTC
07/23/2026, 03:00:43 PM UTC",REDACTED ,Stolen Property Offenses - Investigation,REDACTED ,missouri,"07/23/2026, 02:57:04 PM UTC",lookup,,
43bdca75-dfe8-4e2a-b8e4-8bcf74d7219a,Ashley Spring,Lee's Summit MO PD,1017,"07/22/2026, 03:00:43 PM UTC
07/23/2026, 03:00:43 PM UTC",REDACTED ,Stolen Property Offenses - Investigation,REDACTED ,missouri,"07/23/2026, 02:56:39 PM UTC",lookup,,
8021a99d-f94f-4124-8b32-4e76b05e253d,Ashley Spring,Lee's Summit MO PD,1017,"07/22/2026, 03:00:43 PM UTC
07/23/2026, 03:00:43 PM UTC",REDACTED ,Stolen Property Offenses - Investigation,REDACTED ,missouri,"07/23/2026, 02:55:14 PM UTC",lookup,,
ea5ee281-0f7d-4c6f-b87e-ac1009f53fdb,Ashley Spring,Lee's Summit MO PD,1017,"07/22/2026, 03:00:43 PM UTC
07/23/2026, 03:00:43 PM UTC",REDACTED ,Stolen Property Offenses - Investigation,REDACTED ,missouri,"07/23/2026, 02:51:45 PM UTC",lookup,,
34c1b1fe-5a7d-4226-b3f3-9e28c2df0db2,Mahmoud Albawwab,Lee's Summit MO PD,2,"07/16/2026, 02:00:33 PM UTC
07/23/2026, 02:00:33 PM UTC",REDACTED ,Wanted Person (Arrest Warrant/Fugitive),REDACTED ,,"07/23/2026, 02:05:15 PM UTC",lookup,,
287f8829-6260-418e-b0ba-c849524cb6ba,Mahmoud Albawwab,Lee's Summit MO PD,2,"07/16/2026, 02:00:33 PM UTC
07/23/2026, 02:00:33 PM UTC",REDACTED ,Wanted Person (Arrest Warrant/Fugitive),REDACTED ,,"07/23/2026, 01:52:34 PM UTC",lookup,,
9c5e0eaa-29ba-4d1c-819c-58beed2d4f3a,Mahmoud Albawwab,Lee's Summit MO PD,2,"07/23/2026, 12:00:41 PM UTC
07/23/2026, 02:00:41 PM UTC",REDACTED ,Wanted Person (Arrest Warrant/Fugitive),REDACTED ,,"07/23/2026, 01:52:29 PM UTC",lookup,,
546d0fe4-3de9-421d-a9c9-ba20becbb2ea,Mahmoud Albawwab,Lee's Summit MO PD,1016,"07/16/2026, 02:00:58 PM UTC
07/23/2026, 02:00:58 PM UTC",REDACTED ,Wanted Person (Arrest Warrant/Fugitive),REDACTED ,,"07/23/2026, 01:46:59 PM UTC",lookup,,
dc0ea607-f6f3-40e1-8891-b783da5bdad6,Mahmoud Albawwab,Lee's Summit MO PD,1016,"07/23/2026, 12:00:41 PM UTC
07/23/2026, 02:00:41 PM UTC",REDACTED ,Wanted Person (Arrest Warrant/Fugitive),REDACTED ,,"07/23/2026, 01:46:55 PM UTC",lookup,,
2732fbca-4388-4181-9d2f-6770deede2b4,Ryan Small,Lee's Summit MO PD,1017,"07/09/2026, 01:30:21 PM UTC
07/23/2026, 01:30:21 PM UTC",REDACTED ,Larceny/Theft Offenses,REDACTED ,missouri,"07/23/2026, 01:11:24 PM UTC",lookup,,
cbd55f54-b933-4313-bd33-eff83f3d14a2,Dalton Sterbenz,Lee's Summit MO PD,6206,"07/22/2026, 07:00:39 AM UTC
07/23/2026, 07:00:39 AM UTC",REDACTED ,Motor Vehicle Theft/Stolen,REDACTED ,,"07/23/2026, 06:51:41 AM UTC",lookup,,
89d23f84-e424-45be-8640-7905eaf1bca0,Jacob White,Lee's Summit MO PD,2,"07/15/2026, 11:00:40 PM UTC
07/22/2026, 11:00:40 PM UTC",REDACTED ,Wanted Person (Arrest Warrant/Fugitive),REDACTED ,,"07/23/2026, 06:35:40 AM UTC",lookup,,
29874224-6672-4844-9d48-495e418159a6,Jacob White,Lee's Summit MO PD,2,"07/15/2026, 11:00:40 PM UTC
07/22/2026, 11:00:40 PM UTC",REDACTED ,Wanted Person (Arrest Warrant/Fugitive),REDACTED ,,"07/23/2026, 06:33:41 AM UTC",lookup,,
e2e9c8b6-51f7-4638-bd77-2a26dae26dc6,Jordan McWhorter,Lee's Summit MO PD,350,"06/23/2026, 06:00:45 AM UTC
07/23/2026, 06:00:45 AM UTC",REDACTED ,Motor Vehicle Theft/Stolen,REDACTED ,,"07/23/2026, 05:39:47 AM UTC",lookup,,
ef61f50b-e211-43b1-90ce-c38016c60ea3,Jordan McWhorter,Lee's Summit MO PD,6206,"07/23/2026, 01:00:29 AM UTC
07/23/2026, 03:00:29 AM UTC",REDACTED ,Motor Vehicle Theft/Stolen,REDACTED ,,"07/23/2026, 02:45:37 AM UTC",lookup,,
df369cdb-f13f-4c06-92f7-d568c46502ea,Dalton Sterbenz,Lee's Summit MO PD,1016,"07/16/2026, 02:30:15 AM UTC
07/23/2026, 02:30:15 AM UTC",REDACTED ,Obstructing the Police (Fleeing/Eluding),REDACTED ,,"07/23/2026, 02:03:16 AM UTC",lookup,,
8c7c492b-1171-4616-a669-8b8b9518db3d,Dalton Sterbenz,Lee's Summit MO PD,1016,"07/22/2026, 02:30:09 AM UTC
07/23/2026, 02:30:09 AM UTC",REDACTED ,Obstructing the Police (Fleeing/Eluding),REDACTED ,,"07/23/2026, 02:03:11 AM UTC",lookup,,
bb9b2b06-139c-4c6f-b0eb-4ed348c43885,Dalton Sterbenz,Lee's Summit MO PD,1016,"06/23/2026, 02:30:06 AM UTC
07/23/2026, 02:30:06 AM UTC",REDACTED ,Obstructing the Police (Fleeing/Eluding),REDACTED ,,"07/23/2026, 02:02:51 AM UTC",lookup,,
2d818058-be70-4ff2-855b-b673a1c44ef2,Dalton Sterbenz,Lee's Summit MO PD,6207,"06/23/2026, 02:30:06 AM UTC
07/23/2026, 02:30:06 AM UTC",REDACTED ,Obstructing the Police (Fleeing/Eluding),REDACTED ,,"07/23/2026, 02:02:10 AM UTC",lookup,,
6560d5bc-e0fb-4c3e-beed-0276c16b377f,Brent Evans,Lee's Summit MO PD,998,"06/22/2026, 11:49:22 PM UTC
07/22/2026, 11:49:22 PM UTC",REDACTED ,Wanted Person (Arrest Warrant/Fugitive) - Warrants,REDACTED ,missouri,"07/22/2026, 11:49:24 PM UTC",lookup - Mobile,,
fc034c48-051f-4ffa-8079-db5f74c9597b,Jacob White,Lee's Summit MO PD,2,"07/15/2026, 11:00:40 PM UTC
07/22/2026, 11:00:40 PM UTC",REDACTED ,Wanted Person (Arrest Warrant/Fugitive),REDACTED ,,"07/22/2026, 10:38:42 PM UTC",lookup,,
05d076d5-4a00-46ca-82d8-bc61293448f5,Brent Evans,Lee's Summit MO PD,1017,"06/22/2026, 08:00:51 PM UTC
07/22/2026, 08:00:51 PM UTC",REDACTED ,Wanted Person (Arrest Warrant/Fugitive) - Wanted party,REDACTED ,kansas,"07/22/2026, 07:53:29 PM UTC",lookup,,
4d2b11e2-885f-4945-901d-bb1b1c8dfd7e,Brent Evans,Lee's Summit MO PD,6210,"06/22/2026, 08:00:51 PM UTC
07/22/2026, 08:00:51 PM UTC",REDACTED ,Wanted Person (Arrest Warrant/Fugitive) - Wanted party,REDACTED ,kansas,"07/22/2026, 07:51:56 PM UTC",lookup,,
b0fb6c71-84e8-4d20-aad1-10de4f3d06f8,Brent Evans,Lee's Summit MO PD,6210,"07/22/2026, 06:00:21 PM UTC
07/22/2026, 08:00:21 PM UTC",REDACTED ,Wanted Person (Arrest Warrant/Fugitive) - Wanted party,REDACTED ,kansas,"07/22/2026, 07:51:48 PM UTC",lookup,,
9c6d36ab-3ee1-4fff-89d1-7ac807b2dcae,Brent Evans,Lee's Summit MO PD,6210,"07/22/2026, 06:00:21 PM UTC
07/22/2026, 08:00:21 PM UTC",REDACTED ,Wanted Person (Arrest Warrant/Fugitive) - Wanted party,REDACTED ,,"07/22/2026, 07:51:37 PM UTC",lookup,,
1ebe739b-359f-4157-851f-4135a00d6c14,Jason Reddell,Lee's Summit MO PD,2,"07/22/2026, 05:30:37 PM UTC
07/22/2026, 07:30:37 PM UTC",REDACTED ,Criminal Motor Vehicle Offense (incl. Road Rage/Reckless) - CARELESS AND IMPRUDENT DRIVING,REDACTED ,"Jeep, silver_grey","07/22/2026, 07:09:27 PM UTC",search,,
20cad370-2a01-4dbb-b816-9cd86be2c774,Jason Reddell,Lee's Summit MO PD,2,"07/22/2026, 05:30:37 PM UTC
07/22/2026, 07:30:37 PM UTC",REDACTED ,Criminal Motor Vehicle Offense (incl. Road Rage/Reckless) - CARELESS AND IMPRUDENT DRIVING,REDACTED ,"Jeep, silver_grey","07/22/2026, 07:07:38 PM UTC",search,,
b481762a-6347-40f5-8144-b014523c2a5d,Jason Reddell,Lee's Summit MO PD,2,"07/21/2026, 07:30:02 PM UTC
07/22/2026, 07:30:02 PM UTC",REDACTED ,Criminal Motor Vehicle Offense (incl. Road Rage/Reckless) - CARELESS AND IMPRUDENT DRIVING,REDACTED ,"Jeep, silver_grey","07/22/2026, 07:07:13 PM UTC",search,,
c5c46aae-63e7-4a81-adf6-fb078c7321f2,Jason Reddell,Lee's Summit MO PD,2,"07/21/2026, 07:30:02 PM UTC
07/22/2026, 07:30:02 PM UTC",REDACTED ,Criminal Motor Vehicle Offense (incl. Road Rage/Reckless) - CARELESS AND IMPRUDENT DRIVING,REDACTED ,"Jeep, silver_grey","07/22/2026, 07:03:04 PM UTC",search,,
f12505ae-ad86-458e-9da9-085f8ee6c027,Jason Reddell,Lee's Summit MO PD,2,"07/22/2026, 05:00:07 PM UTC
07/22/2026, 07:00:07 PM UTC",REDACTED ,Criminal Motor Vehicle Offense (incl. Road Rage/Reckless) - CARELESS AND IMPRUDENT DRIVING,REDACTED ,"Jeep, silver_grey","07/22/2026, 07:02:53 PM UTC",search,,
94fc81af-8697-4230-a006-081eec8eb34a,Jason Reddell,Lee's Summit MO PD,2,"07/22/2026, 05:00:07 PM UTC
07/22/2026, 07:00:07 PM UTC",REDACTED ,Criminal Motor Vehicle Offense (incl. Road Rage/Reckless) - CARELESS AND IMPRUDENT DRIVING,REDACTED ,"Jeep, silver_grey","07/22/2026, 07:02:14 PM UTC",search,,
0ab7170a-099a-40e5-96c7-eaec71e6cad3,Jason Reddell,Lee's Summit MO PD,2,"07/22/2026, 05:00:07 PM UTC
07/22/2026, 07:00:07 PM UTC",REDACTED ,Criminal Motor Vehicle Offense (incl. Road Rage/Reckless) - CARELESS AND IMPRUDENT DRIVING,REDACTED ,"Jeep, silver_grey","07/22/2026, 07:02:09 PM UTC",search,,
9395f8f8-0fe4-4558-b237-beff39242999,Jason Reddell,Lee's Summit MO PD,1,"07/22/2026, 05:00:07 PM UTC
07/22/2026, 07:00:07 PM UTC",REDACTED ,Criminal Motor Vehicle Offense (incl. Road Rage/Reckless) - CARELESS AND IMPRUDENT DRIVING,REDACTED ,"Jeep, silver_grey","07/22/2026, 07:00:14 PM UTC",search,,
dd733b24-90dc-426c-b0ab-a3a54463e58b,Jason Reddell,Lee's Summit MO PD,1,"07/22/2026, 05:00:07 PM UTC
07/22/2026, 07:00:07 PM UTC",REDACTED ,Criminal Motor Vehicle Offense (incl. Road Rage/Reckless) - CARELESS AND IMPRUDENT DRIVING,REDACTED ,"Jeep, silver_grey, white","07/22/2026, 06:59:21 PM UTC",search,,
66446f48-fadb-4719-a8fc-bf55c8ce2cbe,Jason Reddell,Lee's Summit MO PD,2,"07/22/2026, 06:41:19 PM UTC
07/22/2026, 06:56:19 PM UTC",REDACTED ,Criminal Motor Vehicle Offense (incl. Road Rage/Reckless) - CARELESS AND IMPRUDENT DRIVING,REDACTED ,"Jeep, silver_grey, white","07/22/2026, 06:57:01 PM UTC",search,,
6b2ebcc6-261c-410d-bb96-96ba57c87a78,Jason Reddell,Lee's Summit MO PD,2,"07/22/2026, 06:41:19 PM UTC
07/22/2026, 06:56:19 PM UTC",REDACTED ,Criminal Motor Vehicle Offense (incl. Road Rage/Reckless) - CARELESS AND IMPRUDENT DRIVING,REDACTED ,"Jeep, silver_grey","07/22/2026, 06:56:39 PM UTC",search,,
f8e1b1af-4f14-4a49-b579-d3a187150e9d,Jason Reddell,Lee's Summit MO PD,1016,"07/22/2026, 06:41:19 PM UTC
07/22/2026, 06:56:19 PM UTC",REDACTED ,Criminal Motor Vehicle Offense (incl. Road Rage/Reckless) - CARELESS AND IMPRUDENT DRIVING,REDACTED ,"Jeep, silver_grey","07/22/2026, 06:56:21 PM UTC",search,,
9052f6de-e538-4054-baeb-2c8558e3abb6,Amanda Schulte,Lee's Summit MO PD,10,"07/19/2026, 05:00:00 AM UTC
07/20/2026, 04:30:00 AM UTC",REDACTED ,Obstructing the Police (Fleeing/Eluding),REDACTED ,,"07/22/2026, 04:28:58 PM UTC",freeform,objectClass:vehicle black 2005-2008 Jeep Grand Cherokee with temporary tag,allow
9798f9d4-81b4-41e0-a71b-19b370546358,Amanda Schulte,Lee's Summit MO PD,1017,"07/22/2026, 02:30:42 PM UTC
07/22/2026, 04:30:42 PM UTC",REDACTED ,Obstructing the Police (Fleeing/Eluding),REDACTED ,,"07/22/2026, 04:26:48 PM UTC",search,,
0cdeb62d-e078-4e95-8b51-0dca474b1aa3,David Arnold,Lee's Summit MO PD,6210,"06/22/2026, 03:44:58 PM UTC
07/22/2026, 03:44:58 PM UTC",REDACTED ,Larceny/Theft Offenses,REDACTED ,,"07/22/2026, 03:45:02 PM UTC",lookup,,
fee73e5d-55ee-4703-b11a-61e47e0e9e29,Bryan Gilbert,Lee's Summit MO PD,1017,"07/08/2026, 04:00:30 PM UTC
07/22/2026, 04:00:30 PM UTC",REDACTED ,Wanted Person (Arrest Warrant/Fugitive) - ,REDACTED ,,"07/22/2026, 03:39:43 PM UTC",lookup,,
4c367f3d-c523-4d53-b45c-7989b5010e11,David Arnold,Lee's Summit MO PD,1017,"06/22/2026, 04:00:42 PM UTC
07/22/2026, 04:00:42 PM UTC",REDACTED ,Larceny/Theft Offenses,REDACTED ,,"07/22/2026, 03:37:50 PM UTC",lookup,,
34107e93-6b65-4574-a1d0-ecfb8ebc0a5c,David Arnold,Lee's Summit MO PD,6208,"06/22/2026, 03:33:03 PM UTC
07/22/2026, 03:33:03 PM UTC",REDACTED ,Larceny/Theft Offenses,REDACTED ,,"07/22/2026, 03:33:08 PM UTC",lookup,,
f68faff9-6e0e-42dd-9950-2200b58d9975,David Arnold,Lee's Summit MO PD,1017,"06/25/2026, 10:30:00 PM UTC
06/25/2026, 11:40:00 PM UTC",REDACTED ,Larceny/Theft Offenses,REDACTED ,"Sedan, Coupe, Convertible, Hatchback, Wagon, black","07/22/2026, 03:31:41 PM UTC",search,,
2e18b69d-473d-4c8f-bf87-bfc9618d8934,David Arnold,Lee's Summit MO PD,1017,"06/25/2026, 10:45:00 PM UTC
06/25/2026, 11:30:00 PM UTC",REDACTED ,Larceny/Theft Offenses,REDACTED ,"Sedan, Coupe, Convertible, Hatchback, Wagon, black","07/22/2026, 03:30:19 PM UTC",search,,
0a348bc3-a8fd-4c41-9bd0-c39f459404a0,David Arnold,Lee's Summit MO PD,6207,"06/22/2026, 03:26:41 PM UTC
07/22/2026, 03:26:41 PM UTC",REDACTED ,Larceny/Theft Offenses,REDACTED ,,"07/22/2026, 03:26:47 PM UTC",lookup,,
2f0ce2e0-476e-4a50-b13f-63c8421dfb10,David Arnold,Lee's Summit MO PD,1017,"06/25/2026, 10:45:00 PM UTC
06/25/2026, 11:30:00 PM UTC",REDACTED ,Larceny/Theft Offenses,REDACTED ,"Sedan, Coupe, Convertible, Hatchback, Wagon, black","07/22/2026, 03:25:55 PM UTC",search,,
467c8507-fd82-4ca8-bcfd-f55c183ed236,David Arnold,Lee's Summit MO PD,1017,"06/25/2026, 10:45:00 PM UTC
06/25/2026, 11:30:00 PM UTC",REDACTED ,Larceny/Theft Offenses,REDACTED ,"Chevrolet, blue","07/22/2026, 03:24:43 PM UTC",search,,
ffc4d369-9d10-4be7-b0bd-d63f1fc2daa0,David Arnold,Lee's Summit MO PD,1017,"06/25/2026, 10:45:00 PM UTC
06/25/2026, 11:30:00 PM UTC",REDACTED ,Larceny/Theft Offenses,REDACTED ,"Sedan, Coupe, Convertible, Hatchback, Wagon, blue","07/22/2026, 03:24:04 PM UTC",search,,
8bb30f5f-f819-400c-b8fe-b98a1c754cc7,David Arnold,Lee's Summit MO PD,1017,"06/22/2026, 03:30:55 PM UTC
07/22/2026, 03:30:55 PM UTC",REDACTED ,Larceny/Theft Offenses,REDACTED ,,"07/22/2026, 03:21:57 PM UTC",lookup,,
e31ac4e1-2d04-4157-9e14-92b50d0ab5df,David Arnold,Lee's Summit MO PD,6207,"06/22/2026, 03:21:10 PM UTC
07/22/2026, 03:21:10 PM UTC",REDACTED ,Larceny/Theft Offenses,REDACTED ,,"07/22/2026, 03:21:15 PM UTC",lookup,,
59587d5f-ea3c-47b1-b3be-db97b2e67ae3,David Arnold,Lee's Summit MO PD,1017,"06/25/2026, 10:45:00 PM UTC
06/25/2026, 11:30:00 PM UTC",REDACTED ,Larceny/Theft Offenses,REDACTED ,"SUV, black","07/22/2026, 03:14:57 PM UTC",search,,
af115496-4de5-4e97-a819-ae209dcea5ba,David Arnold,Lee's Summit MO PD,1017,"06/25/2026, 10:45:00 PM UTC
06/25/2026, 11:30:00 PM UTC",REDACTED ,Larceny/Theft Offenses,REDACTED ,"SUV, black","07/22/2026, 03:13:26 PM UTC",search,,
8dde9622-e00b-4c77-8f5c-807e91810b5e,David Arnold,Lee's Summit MO PD,1017,"06/25/2026, 10:45:00 PM UTC
06/25/2026, 11:30:00 PM UTC",REDACTED ,Larceny/Theft Offenses,REDACTED ,"Sedan, Coupe, Convertible, Hatchback, Wagon, black","07/22/2026, 03:10:28 PM UTC",search,,
ee5680ff-d3de-403e-baa6-699f7c80c700,David Arnold,Lee's Summit MO PD,1017,"06/25/2026, 10:45:00 PM UTC
06/25/2026, 11:30:00 PM UTC",REDACTED ,Larceny/Theft Offenses,REDACTED ,"Sedan, Coupe, Convertible, Hatchback, Wagon, black","07/22/2026, 03:09:42 PM UTC",search,,
7fbd21f0-1a7d-4af9-8a34-bf8c7e357dbc,Mahmoud Albawwab,Lee's Summit MO PD,1016,"07/22/2026, 12:00:06 PM UTC
07/22/2026, 02:00:06 PM UTC",REDACTED ,Welfare Check - Suicidal Party,REDACTED ,,"07/22/2026, 02:08:01 PM UTC",lookup,,
f3c4455f-a50c-42de-acdf-49ff445027c9,Mahmoud Albawwab,Lee's Summit MO PD,1016,"07/22/2026, 12:00:06 PM UTC
07/22/2026, 02:00:06 PM UTC",REDACTED ,Welfare Check - Suicidal Party,REDACTED ,,"07/22/2026, 02:05:59 PM UTC",lookup,,
9a7c06ca-988b-4e7b-8a09-a11b6d55a249,Mahmoud Albawwab,Lee's Summit MO PD,2,"07/22/2026, 12:00:06 PM UTC
07/22/2026, 02:00:06 PM UTC",REDACTED ,Welfare Check - Suicidal Party,REDACTED ,,"07/22/2026, 02:05:56 PM UTC",lookup,,
7fafd288-97ce-481f-a596-f94e19125a22,Mahmoud Albawwab,Lee's Summit MO PD,2,"07/22/2026, 12:00:06 PM UTC
07/22/2026, 02:00:06 PM UTC",REDACTED ,Welfare Check - Suicidal Party,REDACTED ,"Mazda, red","07/22/2026, 01:50:32 PM UTC",search,,
347e0a08-b302-40ab-8aff-5af8f5168b6d,Mahmoud Albawwab,Lee's Summit MO PD,1016,"07/22/2026, 12:00:06 PM UTC
07/22/2026, 02:00:06 PM UTC",REDACTED ,Welfare Check - Suicidal Party,REDACTED ,"Mazda, red","07/22/2026, 01:50:14 PM UTC",search,,
f9232f8e-06bf-45ea-9ddc-46b870e073a3,Nicolet Dyer,Lee's Summit MO PD,350,"06/22/2026, 11:30:42 AM UTC
07/22/2026, 11:30:42 AM UTC",REDACTED ,Threats/Harassment,REDACTED ,,"07/22/2026, 11:18:45 AM UTC",lookup,,
6cf629b1-e1dd-475e-b9d6-2c1064428246,Nicolet Dyer,Lee's Summit MO PD,1018,"07/22/2026, 09:30:08 AM UTC
07/22/2026, 11:30:08 AM UTC",REDACTED ,Threats/Harassment,REDACTED ,,"07/22/2026, 11:18:41 AM UTC",lookup,,
e031a406-f4db-465c-ac5c-ba7f2e8dfe91,Nicolet Dyer,Lee's Summit MO PD,350,"06/22/2026, 11:30:45 AM UTC
07/22/2026, 11:30:45 AM UTC",REDACTED ,Motor Vehicle Theft/Stolen,REDACTED ,,"07/22/2026, 11:17:47 AM UTC",lookup,,
4ed353f1-d042-43b5-b25c-937cc63327f9,Nicolet Dyer,Lee's Summit MO PD,1018,"07/22/2026, 09:30:36 AM UTC
07/22/2026, 11:30:36 AM UTC",REDACTED ,Motor Vehicle Theft/Stolen,REDACTED ,,"07/22/2026, 11:17:38 AM UTC",lookup,,
ae0ce4ee-03ce-4490-b216-0fddd21ba463,Addison Smith,Lee's Summit MO PD,6206,"07/21/2026, 11:00:36 AM UTC
07/22/2026, 11:00:36 AM UTC",REDACTED ,Motor Vehicle Theft/Stolen,REDACTED ,,"07/22/2026, 10:34:38 AM UTC",lookup,,
67e32ec5-b986-4a9a-83a6-adcaba9c9ce8,Cristopher Drake,Lee's Summit MO PD,2,"07/21/2026, 09:00:00 AM UTC
07/22/2026, 11:00:00 AM UTC",REDACTED ,Motor Vehicle Theft/Stolen,REDACTED ,,"07/22/2026, 10:33:01 AM UTC",lookup,,
c555d055-9046-45ca-b4c0-2a5119073d43,Cristopher Drake,Lee's Summit MO PD,2,"07/22/2026, 09:00:06 AM UTC
07/22/2026, 11:00:06 AM UTC",REDACTED ,Motor Vehicle Theft/Stolen,REDACTED ,,"07/22/2026, 10:32:35 AM UTC",lookup,,
10be9b75-2cd1-4f48-85f4-54ab880bb2e9,Owen Colyne,Lee's Summit MO PD,1017,"07/15/2026, 09:30:00 AM UTC
07/22/2026, 09:30:00 AM UTC",REDACTED ,Wanted Person (Arrest Warrant/Fugitive),REDACTED ,,"07/22/2026, 09:02:01 AM UTC",lookup,,
0f6fd137-ebb9-4b6f-87d1-b7c03eb54721,Owen Colyne,Lee's Summit MO PD,1017,"07/22/2026, 07:30:19 AM UTC
07/22/2026, 09:30:19 AM UTC",REDACTED ,Wanted Person (Arrest Warrant/Fugitive),REDACTED ,,"07/22/2026, 09:01:58 AM UTC",lookup,,
f4462910-56a2-4c0a-ad9d-1c5634623de0,Dane Wagler,Lee's Summit MO PD,350,"07/21/2026, 08:30:24 AM UTC
07/22/2026, 08:30:24 AM UTC",REDACTED ,Obstructing the Police (Fleeing/Eluding),REDACTED ,,"07/22/2026, 08:26:27 AM UTC",lookup,,
8457f770-07eb-4dd1-92e2-e20b440b7df5,Dane Wagler,Lee's Summit MO PD,350,"06/22/2026, 07:30:14 AM UTC
07/22/2026, 07:30:14 AM UTC",REDACTED ,Obstructing the Police (Fleeing/Eluding),REDACTED ,,"07/22/2026, 07:16:17 AM UTC",lookup,,
0c205ffc-ce06-4316-a5fb-cd7a9c6614d4,Dane Wagler,Lee's Summit MO PD,2,"07/21/2026, 07:00:53 AM UTC
07/22/2026, 07:00:53 AM UTC",REDACTED ,Obstructing the Police (Fleeing/Eluding),REDACTED ,,"07/22/2026, 07:14:49 AM UTC",lookup,,
68d1c3c7-b5b5-4591-8a73-b714327a3214,Dane Wagler,Lee's Summit MO PD,2,"07/21/2026, 07:00:53 AM UTC
07/22/2026, 07:00:53 AM UTC",REDACTED ,Driving Under the Influence (DUI/DWI/OWI/OVI),REDACTED ,,"07/22/2026, 07:04:12 AM UTC",lookup,,
28ac7147-04e0-4503-9b77-ac5945a3703c,Dane Wagler,Lee's Summit MO PD,2,"07/21/2026, 07:00:53 AM UTC
07/22/2026, 07:00:53 AM UTC",REDACTED ,Driving Under the Influence (DUI/DWI/OWI/OVI),REDACTED ,,"07/22/2026, 06:58:55 AM UTC",lookup,,
f96c8f3e-5c02-4215-986b-8c3a3be3de39,Dane Wagler,Lee's Summit MO PD,2,"07/22/2026, 05:00:15 AM UTC
07/22/2026, 07:00:15 AM UTC",REDACTED ,Driving Under the Influence (DUI/DWI/OWI/OVI),REDACTED ,,"07/22/2026, 06:58:38 AM UTC",lookup,,
30d5b363-6eab-46a0-afd2-98e050da9d03,Owen Colyne,Lee's Summit MO PD,1017,"07/15/2026, 06:30:46 AM UTC
07/22/2026, 06:30:46 AM UTC",REDACTED ,Traffic Infraction,REDACTED ,,"07/22/2026, 06:13:49 AM UTC",lookup,,
cfc056d4-d413-460c-8fa5-0d6867a9ab33,Owen Colyne,Lee's Summit MO PD,1017,"07/15/2026, 06:00:22 AM UTC
07/22/2026, 06:00:22 AM UTC",REDACTED ,Disorderly Conduct/Disturbance,REDACTED ,,"07/22/2026, 05:33:23 AM UTC",lookup,,
f6089952-bfed-4a21-b411-dfa82ae40590,Owen Colyne,Lee's Summit MO PD,1017,"07/15/2026, 06:00:53 AM UTC
07/22/2026, 06:00:53 AM UTC",REDACTED ,Disorderly Conduct/Disturbance,REDACTED ,,"07/22/2026, 05:32:55 AM UTC",lookup,,
7027e93d-2258-4932-8c06-2ddd3af4122f,Andrew Ewing,Lee's Summit MO PD,1018,"07/21/2026, 05:30:43 AM UTC
07/22/2026, 05:30:43 AM UTC",REDACTED ,Wanted Person (Arrest Warrant/Fugitive),REDACTED ,,"07/22/2026, 05:06:48 AM UTC",lookup,,
8c8652de-bd67-4d98-a924-34d88c8d2a57,Andrew Ewing,Lee's Summit MO PD,1018,"07/21/2026, 05:00:10 AM UTC
07/22/2026, 05:00:10 AM UTC",REDACTED ,Wanted Person (Arrest Warrant/Fugitive),REDACTED ,,"07/22/2026, 04:55:13 AM UTC",lookup,,
9db3bb52-34b7-4994-90a1-55cd64e03e80,Andrew Ewing,Lee's Summit MO PD,1018,"07/21/2026, 05:00:33 AM UTC
07/22/2026, 05:00:33 AM UTC",REDACTED ,Wanted Person (Arrest Warrant/Fugitive),REDACTED ,,"07/22/2026, 04:46:35 AM UTC",lookup,,
66ce9ca2-33ee-4c70-92e4-211430bf94bb,Zach Wittman,Lee's Summit MO PD,1017,"07/21/2026, 05:00:21 AM UTC
07/22/2026, 05:00:21 AM UTC",REDACTED ,Wanted Person (Arrest Warrant/Fugitive),REDACTED ,missouri,"07/22/2026, 04:44:13 AM UTC",lookup,,
3c15c135-0d0d-4d8e-8141-70ae7bb045f6,Andrew Ewing,Lee's Summit MO PD,1018,"07/21/2026, 05:00:59 AM UTC
07/22/2026, 05:00:59 AM UTC",REDACTED ,Wanted Person (Arrest Warrant/Fugitive),REDACTED ,,"07/22/2026, 04:44:01 AM UTC",lookup,,
1357e55c-57ee-4774-9bc9-275e85beb042,Andrew Ewing,Lee's Summit MO PD,1018,"07/21/2026, 05:00:37 AM UTC
07/22/2026, 05:00:37 AM UTC",REDACTED ,Wanted Person (Arrest Warrant/Fugitive),REDACTED ,,"07/22/2026, 04:40:40 AM UTC",lookup,,
99568981-a41c-48f4-b812-535a43d4d95b,Zach Wittman,Lee's Summit MO PD,1017,"07/21/2026, 05:00:21 AM UTC
07/22/2026, 05:00:21 AM UTC",REDACTED ,Wanted Person (Arrest Warrant/Fugitive),REDACTED ,missouri,"07/22/2026, 04:39:23 AM UTC",lookup,,
36266938-06a1-4ce8-a112-b57224b74ec2,Andrew Ewing,Lee's Summit MO PD,1018,"07/21/2026, 05:00:21 AM UTC
07/22/2026, 05:00:21 AM UTC",REDACTED ,Wanted Person (Arrest Warrant/Fugitive),REDACTED ,,"07/22/2026, 04:38:23 AM UTC",lookup,,
60416ca9-7965-4d19-9833-84921e9db149,Andrew Ewing,Lee's Summit MO PD,1018,"07/22/2026, 03:00:40 AM UTC
07/22/2026, 05:00:40 AM UTC",REDACTED ,Wanted Person (Arrest Warrant/Fugitive),REDACTED ,,"07/22/2026, 04:36:07 AM UTC",lookup,,
2cfe9f38-a1f8-4359-9877-e3d701dba27c,Clayton Majors,Lee's Summit MO PD,1017,"07/15/2026, 03:00:25 AM UTC
07/22/2026, 03:00:25 AM UTC",REDACTED ,Wanted Person (Arrest Warrant/Fugitive) - ATL person with Full Extradition warrant,REDACTED ,kansas,"07/22/2026, 02:56:27 AM UTC",lookup,,
e387a573-f58b-4b1c-b507-79e69fc2545b,Clayton Majors,Lee's Summit MO PD,1017,"07/21/2026, 03:00:16 AM UTC
07/22/2026, 03:00:16 AM UTC",REDACTED ,Wanted Person (Arrest Warrant/Fugitive) - ATL person with Full Extradition warrant,REDACTED ,kansas,"07/22/2026, 02:56:18 AM UTC",lookup,,
b13881bc-38c7-43b7-a8ec-ab0d786871db,Brent Evans,Lee's Summit MO PD,999,"06/22/2026, 02:12:13 AM UTC
07/22/2026, 02:12:13 AM UTC",REDACTED ,Wanted Person (Arrest Warrant/Fugitive) - Warrants,REDACTED ,kansas,"07/22/2026, 02:12:14 AM UTC",lookup - Mobile,,
630ba9e8-bdea-44b4-8a7b-f3239330c284,Owen Colyne,Lee's Summit MO PD,1017,"07/15/2026, 01:30:41 AM UTC
07/22/2026, 01:30:41 AM UTC",REDACTED ,Obstructing the Police (Fleeing/Eluding),REDACTED ,,"07/22/2026, 01:14:43 AM UTC",lookup,,
7e27694f-37b5-49d5-8c10-03848f3748b3,Andrew Ewing,Lee's Summit MO PD,1018,"07/21/2026, 12:30:23 AM UTC
07/22/2026, 12:30:23 AM UTC",REDACTED ,Traffic Infraction - TRUCK MEET GROUP,REDACTED ,kansas,"07/22/2026, 12:11:25 AM UTC",lookup,,
dcfb6873-0348-49ec-a581-c3cfe80c58a9,Andrew Ewing,Lee's Summit MO PD,1018,"07/21/2026, 12:30:46 AM UTC
07/22/2026, 12:30:46 AM UTC",REDACTED ,Traffic Infraction - TRUCK MEET GROUP,REDACTED ,kansas,"07/22/2026, 12:11:11 AM UTC",lookup,,
80b7f3d5-cbdb-465f-a7bf-495c0b25d2f5,Andrew Ewing,Lee's Summit MO PD,1018,"07/21/2026, 12:30:46 AM UTC
07/22/2026, 12:30:46 AM UTC",REDACTED ,Traffic Infraction - TRUCK MEET GROUP,REDACTED ,,"07/22/2026, 12:08:59 AM UTC",lookup,,
571baaed-c6d5-4d2c-901b-20ec0813c8fd,Andrew Ewing,Lee's Summit MO PD,1018,"07/21/2026, 12:30:46 AM UTC
07/22/2026, 12:30:46 AM UTC",REDACTED ,Traffic Infraction - TRUCK MEET GROUP,REDACTED ,,"07/22/2026, 12:07:48 AM UTC",lookup,,
e0d9d6d6-a928-4e9f-becf-a75d080f89f1,Andrew Ewing,Lee's Summit MO PD,1018,"07/21/2026, 12:30:33 AM UTC
07/22/2026, 12:30:33 AM UTC",REDACTED ,Traffic Infraction - TRUCK MEET GROUP,REDACTED ,,"07/22/2026, 12:04:48 AM UTC",lookup,,
7735a133-3f78-4310-9851-3b778d40282f,Andrew Ewing,Lee's Summit MO PD,1018,"07/21/2026, 12:30:33 AM UTC
07/22/2026, 12:30:33 AM UTC",REDACTED ,Traffic Infraction - TRUCK MEET GROUP,REDACTED ,,"07/22/2026, 12:03:55 AM UTC",lookup,,
11044006-02b3-409f-902e-c2ac25628832,Andrew Ewing,Lee's Summit MO PD,1018,"07/21/2026, 12:30:33 AM UTC
07/22/2026, 12:30:33 AM UTC",REDACTED ,Traffic Infraction - TRUCK MEET GROUP,REDACTED ,,"07/22/2026, 12:03:34 AM UTC",lookup,,
1cafbf2d-9abf-4345-aa8b-d4ac42e388f3,Andrew Ewing,Lee's Summit MO PD,1018,"07/21/2026, 12:30:33 AM UTC
07/22/2026, 12:30:33 AM UTC",REDACTED ,Traffic Infraction - TRUCK MEET GROUP,REDACTED ,,"07/22/2026, 12:02:35 AM UTC",lookup,,
deb645c9-5ba7-4ce5-a694-23eb11f937b1,Andrew Ewing,Lee's Summit MO PD,1018,"07/21/2026, 12:00:52 AM UTC
07/22/2026, 12:00:52 AM UTC",REDACTED ,Traffic Infraction - TRUCK MEET GROUP,REDACTED ,,"07/21/2026, 11:58:25 PM UTC",lookup,,
1b714281-0552-441e-af85-9c0d286ba231,Andrew Ewing,Lee's Summit MO PD,1018,"07/21/2026, 12:00:52 AM UTC
07/22/2026, 12:00:52 AM UTC",REDACTED ,Traffic Infraction - TRUCK MEET GROUP,REDACTED ,missouri,"07/21/2026, 11:58:21 PM UTC",lookup,,
47407413-6c39-413e-b0a8-ff0124791d02,Andrew Ewing,Lee's Summit MO PD,6206,"06/21/2026, 11:51:59 PM UTC
07/21/2026, 11:51:59 PM UTC",REDACTED ,Traffic Infraction,REDACTED ,,"07/21/2026, 11:52:01 PM UTC",lookup,,
61503c4a-6b2b-41b8-8b34-9e58f0401b96,Andrew Ewing,Lee's Summit MO PD,1018,"07/15/2026, 12:00:48 AM UTC
07/22/2026, 12:00:48 AM UTC",REDACTED ,Traffic Infraction,REDACTED ,FALSE,"07/21/2026, 11:51:30 PM UTC",convoy,,
1b94dcbb-4b61-443d-ae69-b1709fd51c74,Andrew Ewing,Lee's Summit MO PD,1018,"07/15/2026, 12:00:48 AM UTC
07/22/2026, 12:00:48 AM UTC",REDACTED ,Traffic Infraction,REDACTED ,FALSE,"07/21/2026, 11:51:23 PM UTC",convoy,,
ecf873d9-0c16-4dd6-9bfc-2a5c931c20e6,Andrew Ewing,Lee's Summit MO PD,1018,"07/15/2026, 12:00:48 AM UTC
07/22/2026, 12:00:48 AM UTC",REDACTED ,Traffic Infraction,REDACTED ,FALSE,"07/21/2026, 11:51:09 PM UTC",convoy,,
ee4ef3bb-99c3-4ab8-b397-c7eaffc70e3c,Andrew Ewing,Lee's Summit MO PD,1018,"07/15/2026, 12:00:48 AM UTC
07/22/2026, 12:00:48 AM UTC",REDACTED ,Traffic Infraction,REDACTED ,FALSE,"07/21/2026, 11:51:06 PM UTC",convoy,,
d704e84d-b7aa-4ed3-a780-895fa3e8805a,Andrew Ewing,Lee's Summit MO PD,1018,"07/15/2026, 12:00:48 AM UTC
07/22/2026, 12:00:48 AM UTC",REDACTED ,Traffic Infraction,REDACTED ,FALSE,"07/21/2026, 11:50:58 PM UTC",convoy,,
0312f6b9-ae25-49f7-b81c-b95614fae24f,Andrew Ewing,Lee's Summit MO PD,1018,"07/21/2026, 12:00:52 AM UTC
07/22/2026, 12:00:52 AM UTC",REDACTED ,Traffic Infraction - TRUCK MEET GROUP ORGANIZER,REDACTED ,missouri,"07/21/2026, 11:49:54 PM UTC",lookup,,
f22ad262-a9cc-47c5-ba39-b65de8955bec,Andrew Ewing,Lee's Summit MO PD,6206,"07/08/2026, 12:00:33 AM UTC
07/22/2026, 12:00:33 AM UTC",REDACTED ,Traffic Infraction - TRUCK MEET GROUP ORGANIZER,REDACTED ,missouri,"07/21/2026, 11:45:35 PM UTC",lookup,,
87b90634-92c4-41df-9e87-21ee0a9481dd,Andrew Ewing,Lee's Summit MO PD,6206,"07/21/2026, 12:00:47 AM UTC
07/22/2026, 12:00:47 AM UTC",REDACTED ,Traffic Infraction - TRUCK MEET GROUP ORGANIZER,REDACTED ,missouri,"07/21/2026, 11:45:07 PM UTC",lookup,,
62f965f2-30cf-43db-a2ef-c0fc88bb0cef,Andrew Ewing,Lee's Summit MO PD,6206,"07/21/2026, 12:00:47 AM UTC
07/22/2026, 12:00:47 AM UTC",REDACTED ,Traffic Infraction - TRUCK MEET GROUP ORGANIZER,REDACTED ,,"07/21/2026, 11:44:48 PM UTC",lookup,,
5dc1cebe-665c-47e2-bbd9-152ad0a4f74d,Andrew Ewing,Lee's Summit MO PD,6206,"07/21/2026, 10:00:38 PM UTC
07/22/2026, 12:00:38 AM UTC",REDACTED ,Traffic Infraction - TRUCK MEET GROUP ORGANIZER,REDACTED ,,"07/21/2026, 11:44:44 PM UTC",lookup,,
6684af0e-b63b-43fa-971d-eefa9de9a109,Andrew Ewing,Lee's Summit MO PD,6206,"07/15/2026, 12:00:09 AM UTC
07/22/2026, 12:00:09 AM UTC",REDACTED ,Larceny/Theft Offenses - FELONY THEFT FROM COSTCO IN INDEPENDENCE,REDACTED ,,"07/21/2026, 11:38:11 PM UTC",lookup,,
dffa269d-6867-4485-9ad8-3126bcf710b1,Andrew Ewing,Lee's Summit MO PD,6206,"07/21/2026, 10:00:55 PM UTC
07/22/2026, 12:00:55 AM UTC",REDACTED ,Larceny/Theft Offenses - FELONY THEFT FROM COSTCO IN INDEPENDENCE,REDACTED ,,"07/21/2026, 11:38:06 PM UTC",lookup,,
d0d6d160-f172-49c0-92f1-e6fe774d791a,Andrew Ewing,Lee's Summit MO PD,1018,"07/14/2026, 11:30:39 PM UTC
07/21/2026, 11:30:39 PM UTC",REDACTED ,Traffic Infraction,REDACTED ,,"07/21/2026, 11:24:48 PM UTC",lookup,,
81e8e682-7729-415c-a13e-027f02601bc3,Andrew Ewing,Lee's Summit MO PD,1018,"07/14/2026, 11:30:39 PM UTC
07/21/2026, 11:30:39 PM UTC",REDACTED ,Traffic Infraction,REDACTED ,,"07/21/2026, 11:24:41 PM UTC",lookup,,
9ef284f4-14ad-47ee-abe8-513f48d5f0fa,Andrew Ewing,Lee's Summit MO PD,6206,"07/07/2026, 11:30:02 PM UTC
07/21/2026, 11:30:02 PM UTC",REDACTED ,Financial Crime (Embezzlement/Fraud) - FRAUD USE OF CC DEVICE ,REDACTED ,,"07/21/2026, 11:17:05 PM UTC",lookup,,
e9ec1398-94ec-4e72-9ea3-93ce71eef941,Andrew Ewing,Lee's Summit MO PD,6206,"07/21/2026, 09:30:52 PM UTC
07/21/2026, 11:30:52 PM UTC",REDACTED ,Financial Crime (Embezzlement/Fraud) - FRAUD USE OF CC DEVICE ,REDACTED ,,"07/21/2026, 11:17:00 PM UTC",lookup,,
5ab70390-22ab-47ff-af83-0900ebbd0ead,Brent Evans,Lee's Summit MO PD,1018,"06/21/2026, 11:00:08 PM UTC
07/21/2026, 11:00:08 PM UTC",REDACTED ,Alcohol Offenses (Non-DUI) - Plates split truck meet up,REDACTED ,"missouri, false","07/21/2026, 10:53:19 PM UTC",convoy,,
3019eb56-3ee1-4b38-a308-20328ac68cbf,Owen Colyne,Lee's Summit MO PD,1017,"07/14/2026, 11:00:51 PM UTC
07/21/2026, 11:00:51 PM UTC",REDACTED ,Wanted Person (Arrest Warrant/Fugitive),REDACTED ,,"07/21/2026, 10:51:53 PM UTC",lookup,,
c4131665-41ae-4e01-88ef-6ece61b4f9e4,Owen Colyne,Lee's Summit MO PD,1017,"07/21/2026, 09:00:29 PM UTC
07/21/2026, 11:00:29 PM UTC",REDACTED ,Wanted Person (Arrest Warrant/Fugitive),REDACTED ,,"07/21/2026, 10:51:49 PM UTC",lookup,,
13ef863d-56dd-425c-a931-5ac2349fa7a6,Brent Evans,Lee's Summit MO PD,6206,"06/21/2026, 10:30:28 PM UTC
07/21/2026, 10:30:28 PM UTC",REDACTED ,Drugs/Narcotics - Drug Investigation,REDACTED ,missouri,"07/21/2026, 10:50:09 PM UTC",lookup,,
33528a54-765e-4079-94da-3379a291ca89,Brent Evans,Lee's Summit MO PD,6206,"06/21/2026, 10:30:28 PM UTC
07/21/2026, 10:30:28 PM UTC",REDACTED ,Drugs/Narcotics - Drug Investigation,REDACTED ,missouri,"07/21/2026, 10:31:36 PM UTC",lookup,,
bc40a106-2317-4be0-acf4-634d0ba05e43,Brent Evans,Lee's Summit MO PD,6206,"06/21/2026, 10:30:28 PM UTC
07/21/2026, 10:30:28 PM UTC",REDACTED ,Drugs/Narcotics - Drug Investigation,REDACTED ,kansas,"07/21/2026, 10:31:27 PM UTC",lookup,,
de5e8574-2feb-40d6-abb5-56760932f0fe,Brent Evans,Lee's Summit MO PD,6206,"06/21/2026, 10:30:28 PM UTC
07/21/2026, 10:30:28 PM UTC",REDACTED ,Drugs/Narcotics - Drug Investigation,REDACTED ,kansas,"07/21/2026, 10:30:53 PM UTC",lookup,,
740a19a2-92d8-4c5f-956f-c3a4af8e7091,Brent Evans,Lee's Summit MO PD,6206,"06/21/2026, 10:30:28 PM UTC
07/21/2026, 10:30:28 PM UTC",REDACTED ,Drugs/Narcotics - Drug Investigation,REDACTED ,,"07/21/2026, 10:30:31 PM UTC",lookup,,
d0cb5413-98ac-4ac9-bf0a-94d8a2d5a90f,Brent Evans,Lee's Summit MO PD,1018,"06/21/2026, 09:32:29 PM UTC
07/21/2026, 09:32:29 PM UTC",REDACTED ,Drugs/Narcotics - Drug Investigation,REDACTED ,"kansas,REDACTED","07/21/2026, 10:26:42 PM UTC",search,,
b9341439-50f2-4c2c-9b8e-77be2272dd78,Brent Evans,Lee's Summit MO PD,1018,"06/21/2026, 09:32:29 PM UTC
07/21/2026, 09:32:29 PM UTC",REDACTED ,Drugs/Narcotics - Drug Investigation,REDACTED ,"Pickup, black, missouri","07/21/2026, 09:59:50 PM UTC",lookup,,
13eef4a5-972a-416b-af07-91b888d45bee,Brent Evans,Lee's Summit MO PD,1018,"06/21/2026, 09:32:29 PM UTC
07/21/2026, 09:32:29 PM UTC",REDACTED ,Drugs/Narcotics - Drug Investigation,REDACTED ,missouri,"07/21/2026, 09:59:29 PM UTC",lookup,,
8ef1cf3d-a0f1-4c62-a1f9-ccc1742cf7af,Brent Evans,Lee's Summit MO PD,1018,"06/21/2026, 09:30:49 PM UTC
07/21/2026, 09:30:49 PM UTC",REDACTED ,Drugs/Narcotics - Drug Investigation,REDACTED ,texas,"07/21/2026, 09:34:09 PM UTC",lookup,,
e6468ecf-fed4-4da7-b780-929d72d49680,Brent Evans,Lee's Summit MO PD,6207,"06/21/2026, 09:32:29 PM UTC
07/21/2026, 09:32:29 PM UTC",REDACTED ,Drugs/Narcotics - Drug Investigation,REDACTED ,,"07/21/2026, 09:32:32 PM UTC",lookup,,
9745c5fc-c83a-4be6-b2ea-0b120eb668c8,Brent Evans,Lee's Summit MO PD,1018,"06/21/2026, 09:25:44 PM UTC
07/21/2026, 09:25:44 PM UTC",REDACTED ,Drugs/Narcotics - Drug Investigation,REDACTED ,kansas,"07/21/2026, 09:31:24 PM UTC",lookup,,
ddd0e4b8-004f-4126-9e3d-18320d6e1d76,Brent Evans,Lee's Summit MO PD,6207,"06/21/2026, 09:25:44 PM UTC
07/21/2026, 09:25:44 PM UTC",REDACTED ,Drugs/Narcotics - Drug Investigation,REDACTED ,,"07/21/2026, 09:25:48 PM UTC",lookup,,
ff8b7bc0-902b-41a0-9e73-10442963713d,Brent Evans,Lee's Summit MO PD,1018,"06/21/2026, 09:30:49 PM UTC
07/21/2026, 09:30:49 PM UTC",REDACTED ,Drugs/Narcotics - Drug Investigation,REDACTED ,missouri,"07/21/2026, 09:25:22 PM UTC",lookup,,
cd97c8ca-352d-4ab4-a432-d3a3ad5d7cf3,Brent Evans,Lee's Summit MO PD,1018,"06/21/2026, 09:30:49 PM UTC
07/21/2026, 09:30:49 PM UTC",REDACTED ,Drugs/Narcotics - Drug Investigation,REDACTED ,missouri,"07/21/2026, 09:15:44 PM UTC",lookup,,
e1299b87-7f6d-4f79-857f-954439022140,Brent Evans,Lee's Summit MO PD,1018,"06/21/2026, 09:30:49 PM UTC
07/21/2026, 09:30:49 PM UTC",REDACTED ,Drugs/Narcotics - Drug Investigation,REDACTED ,kansas,"07/21/2026, 09:12:51 PM UTC",lookup,,
67cb8dc1-695b-4432-992a-e27630c633e0,Bryan Gilbert,Lee's Summit MO PD,2,"07/20/2026, 09:00:46 PM UTC
07/21/2026, 09:00:46 PM UTC",REDACTED ,Wanted Person (Arrest Warrant/Fugitive),REDACTED ,,"07/21/2026, 08:58:49 PM UTC",lookup,,
21bb19c5-4b91-4bca-84d0-89f02dacd2c3,Eric King,Lee's Summit MO PD,1017,"07/20/2026, 09:00:36 PM UTC
07/21/2026, 09:00:36 PM UTC",REDACTED ,Weapons Offense (Guns/Shots Fired) - weapon,REDACTED ,,"07/21/2026, 08:48:39 PM UTC",lookup,,
6bc2c638-e32c-4092-9475-929a5acec42c,Eric King,Lee's Summit MO PD,1017,"06/21/2026, 07:30:34 AM UTC
07/21/2026, 07:30:34 AM UTC",REDACTED ,Weapons Offense (Guns/Shots Fired) - weapon,REDACTED ,,"07/21/2026, 08:48:23 PM UTC",lookup,,
b90a9757-72cb-419e-87c9-f604364518c5,Brett Sinclair,Lee's Summit MO PD,1,"06/21/2026, 08:00:07 PM UTC
07/21/2026, 08:00:07 PM UTC",REDACTED ,Larceny/Theft Offenses - Investigation,REDACTED ,illinois,"07/21/2026, 07:33:46 PM UTC",lookup,,
3d410236-00e8-42b9-990d-31f9ca0e6c09,Brett Sinclair,Lee's Summit MO PD,1017,"06/21/2026, 08:00:07 PM UTC
07/21/2026, 08:00:07 PM UTC",REDACTED ,Larceny/Theft Offenses - Investigation,REDACTED ,illinois,"07/21/2026, 07:32:53 PM UTC",lookup,,
f0352071-3c1a-4d60-a03e-9599a6cf2d9a,Brett Sinclair,Lee's Summit MO PD,1017,"06/21/2026, 08:00:07 PM UTC
07/21/2026, 08:00:07 PM UTC",REDACTED ,Larceny/Theft Offenses - Investigation,REDACTED ,illinois,"07/21/2026, 07:32:26 PM UTC",lookup,,
38363462-42e5-4a08-a660-daafb5976cc1,Brett Sinclair,Lee's Summit MO PD,2,"06/21/2026, 08:00:07 PM UTC
07/21/2026, 08:00:07 PM UTC",REDACTED ,Larceny/Theft Offenses - Investigation,REDACTED ,illinois,"07/21/2026, 07:32:12 PM UTC",lookup,,
e5d43cfd-86d3-4999-9b0d-a6172aeb77c7,Ashley Spring,Lee's Summit MO PD,1018,"06/21/2026, 07:30:37 PM UTC
07/21/2026, 07:30:37 PM UTC",REDACTED ,Stolen Property Offenses - Investigation,REDACTED ,missouri,"07/21/2026, 07:17:40 PM UTC",lookup,,
6fd8d084-4250-4d7e-9414-f0d2e436034b,David Arnold,Lee's Summit MO PD,6207,"06/21/2026, 07:14:17 PM UTC
07/21/2026, 07:14:17 PM UTC",REDACTED ,Larceny/Theft Offenses,REDACTED ,,"07/21/2026, 07:14:24 PM UTC",lookup,,
f9069c43-04f9-45fc-a05e-215e81ff6e28,David Arnold,Lee's Summit MO PD,1018,"06/30/2026, 05:30:00 PM UTC
06/30/2026, 07:30:00 PM UTC",REDACTED ,Larceny/Theft Offenses,REDACTED ,LM????,"07/21/2026, 07:13:00 PM UTC",search,,
f711bcd1-e403-42ef-9c80-713d110f7f06,David Arnold,Lee's Summit MO PD,1018,"06/30/2026, 06:15:00 PM UTC
06/30/2026, 07:00:00 PM UTC",REDACTED ,Larceny/Theft Offenses,REDACTED ,LM????,"07/21/2026, 07:12:15 PM UTC",search,,
083d52e8-5757-44f2-be7b-6c78eb95966c,David Arnold,Lee's Summit MO PD,1018,"06/30/2026, 06:15:00 PM UTC
06/30/2026, 07:00:00 PM UTC",REDACTED ,Larceny/Theft Offenses,REDACTED ,"Sedan, Coupe, Convertible, Hatchback, Wagon, white, silver_grey, LM????","07/21/2026, 07:12:07 PM UTC",search,,
f55a6773-a2d1-4ffe-9904-5a43d9a7a802,David Arnold,Lee's Summit MO PD,1018,"06/30/2026, 06:15:00 PM UTC
06/30/2026, 07:00:00 PM UTC",REDACTED ,Larceny/Theft Offenses,REDACTED ,LM?????,"07/21/2026, 07:11:50 PM UTC",search,,
b1b0671d-05ba-4ecd-86e1-aea17f7befea,David Arnold,Lee's Summit MO PD,1018,"06/30/2026, 06:15:00 PM UTC
06/30/2026, 07:00:00 PM UTC",REDACTED ,Larceny/Theft Offenses,REDACTED ,"Sedan, Coupe, Convertible, Hatchback, Wagon, Nissan, white, silver_grey, LM?????","07/21/2026, 07:11:33 PM UTC",search,,
68ccea08-4208-4506-a770-a0ec980fbade,David Arnold,Lee's Summit MO PD,1018,"06/30/2026, 06:15:00 PM UTC
06/30/2026, 07:00:00 PM UTC",REDACTED ,Larceny/Theft Offenses,REDACTED ,"Sedan, Coupe, Convertible, Hatchback, Wagon, Nissan, white, silver_grey","07/21/2026, 07:10:44 PM UTC",search,,
f5383a97-51e2-4b51-9164-8a78d6ad7c68,Darcy Boorem,Lee's Summit MO PD,1018,"06/21/2026, 07:30:22 PM UTC
07/21/2026, 07:30:22 PM UTC",REDACTED ,Larceny/Theft Offenses,REDACTED ,,"07/21/2026, 07:01:36 PM UTC",lookup,,
439a0200-5c39-437b-b5bc-507a856fa118,Darcy Boorem,Lee's Summit MO PD,1018,"06/21/2026, 07:30:22 PM UTC
07/21/2026, 07:30:22 PM UTC",REDACTED ,Larceny/Theft Offenses,REDACTED ,,"07/21/2026, 07:01:25 PM UTC",lookup,,
76ba11ff-3fc3-4768-b832-62264dcbc7f4,Bryan Gilbert,Lee's Summit MO PD,1,"07/16/2026, 11:00:00 PM UTC
07/16/2026, 11:05:00 PM UTC",REDACTED ,Larceny/Theft Offenses,REDACTED ,,"07/21/2026, 06:39:30 PM UTC",freeform,objectClass:vehicle the front bumper of a white mazda suv no license plate,allow
dddbf49d-6085-47d2-afbd-661aee365f0a,Bryan Gilbert,Lee's Summit MO PD,1,"07/16/2026, 11:00:00 PM UTC
07/16/2026, 11:05:00 PM UTC",REDACTED ,Larceny/Theft Offenses,REDACTED ,,"07/21/2026, 06:38:51 PM UTC",freeform,objectClass:vehicle the front bumper of a white mazda suv no license plate,allow
781725ed-3569-4e35-a440-d1e08263555f,Bryan Gilbert,Lee's Summit MO PD,1,"07/16/2026, 11:00:00 PM UTC
07/16/2026, 11:05:00 PM UTC",REDACTED ,Larceny/Theft Offenses,REDACTED ,,"07/21/2026, 06:37:55 PM UTC",freeform,objectClass:vehicle the front of a white mazda suv,allow
76d1196a-7d3c-4b74-8002-491c34ef938f,Bryan Gilbert,Lee's Summit MO PD,1018,"06/21/2026, 07:00:03 PM UTC
07/21/2026, 07:00:03 PM UTC",REDACTED ,Larceny/Theft Offenses - ,REDACTED ,,"07/21/2026, 06:34:05 PM UTC",lookup,,
c4f8eaba-3c59-4c57-8747-30685d0f6fbf,Amanda Schulte,Lee's Summit MO PD,1018,"06/21/2026, 06:00:26 PM UTC
07/21/2026, 06:00:26 PM UTC",REDACTED ,Larceny/Theft Offenses,REDACTED ,,"07/21/2026, 05:58:35 PM UTC",lookup,,
ae74cd00-df59-4454-bfd0-90ed1cc52673,Amanda Schulte,Lee's Summit MO PD,1018,"06/21/2026, 06:00:26 PM UTC
07/21/2026, 06:00:26 PM UTC",REDACTED ,Larceny/Theft Offenses,REDACTED ,,"07/21/2026, 05:55:29 PM UTC",lookup,,
add5ff95-c676-47a2-aa97-326ca05b4712,William Foutz,Lee's Summit MO PD,2,"07/04/2026, 01:20:00 AM UTC
07/04/2026, 02:00:00 AM UTC",REDACTED ,Stolen Property Offenses - SUSP VEH ID,REDACTED ,"Kia, black","07/21/2026, 05:01:28 PM UTC",search,,
550fb81b-1951-497a-b635-db18af99d33c,William Foutz,Lee's Summit MO PD,2,"07/04/2026, 01:20:00 AM UTC
07/04/2026, 02:00:00 AM UTC",REDACTED ,Stolen Property Offenses - SUSP VEH ID,REDACTED ,"Kia, black","07/21/2026, 05:01:16 PM UTC",search,,
e765202a-1e2d-4008-a162-b46145d58548,William Foutz,Lee's Summit MO PD,1018,"07/04/2026, 01:20:00 AM UTC
07/04/2026, 02:00:00 AM UTC",REDACTED ,Stolen Property Offenses - SUSP VEH ID,REDACTED ,"Kia, black","07/21/2026, 05:00:30 PM UTC",search,,
1f3ac47a-491b-483a-ad95-f74007823177,William Foutz,Lee's Summit MO PD,2,"07/04/2026, 01:20:00 AM UTC
07/04/2026, 02:00:00 AM UTC",REDACTED ,Stolen Property Offenses - SUSP VEH ID,REDACTED ,"Kia, black","07/21/2026, 05:00:25 PM UTC",search,,
9a037e6a-12c9-4227-83d3-a4ecd06a9839,James Treacy,Lee's Summit MO PD,1018,"07/20/2026, 04:30:47 PM UTC
07/21/2026, 04:30:47 PM UTC",REDACTED ,Sex Offenses,REDACTED ,,"07/21/2026, 04:29:50 PM UTC",lookup,,
610fd7e1-114e-48c6-b462-9714e865a2f1,James Treacy,Lee's Summit MO PD,1018,"07/21/2026, 01:30:52 PM UTC
07/21/2026, 03:30:52 PM UTC",REDACTED ,Sex Offenses,REDACTED ,,"07/21/2026, 04:29:43 PM UTC",lookup,,
92bf124d-82fd-4935-a5a3-99f6a017278a,Bryan Gilbert,Lee's Summit MO PD,2,"07/20/2026, 04:00:00 PM UTC
07/21/2026, 04:00:00 PM UTC",REDACTED ,Wanted Person (Arrest Warrant/Fugitive),REDACTED ,"Sedan, Nissan, white","07/21/2026, 04:01:53 PM UTC",search,,
47af5d6c-916a-4661-b8b3-7bcf232f5340,Bryan Gilbert,Lee's Summit MO PD,2,"07/20/2026, 04:00:00 PM UTC
07/21/2026, 04:00:00 PM UTC",REDACTED ,Wanted Person (Arrest Warrant/Fugitive),REDACTED ,"Sedan, Nissan, white","07/21/2026, 04:01:14 PM UTC",search,,
04fb19dd-a7e4-4e4e-8d18-b29d0a9ff3a5,Bryan Gilbert,Lee's Summit MO PD,2,"07/20/2026, 04:00:00 PM UTC
07/21/2026, 04:00:00 PM UTC",REDACTED ,Wanted Person (Arrest Warrant/Fugitive),REDACTED ,"Nissan, white","07/21/2026, 04:00:33 PM UTC",search,,
0b55680c-7e21-421c-95fa-8eb92b194130,Jacob Aguayo,Lee's Summit MO PD,1017,"06/21/2026, 04:00:04 PM UTC
07/21/2026, 04:00:04 PM UTC",REDACTED ,Stolen Property Offenses,REDACTED ,,"07/21/2026, 03:59:04 PM UTC",lookup,,
40215d24-d515-466c-9a05-8e0d2a4e8a31,Bryan Gilbert,Lee's Summit MO PD,1018,"06/21/2026, 04:00:45 PM UTC
07/21/2026, 04:00:45 PM UTC",REDACTED ,Wanted Person (Arrest Warrant/Fugitive),REDACTED ,missouri,"07/21/2026, 03:58:46 PM UTC",lookup,,
7467b2ae-8c52-4737-8e33-51cd95c9cd27,Bryan Gilbert,Lee's Summit MO PD,1018,"07/12/2026, 02:00:00 PM UTC
07/21/2026, 04:00:00 PM UTC",REDACTED ,Wanted Person (Arrest Warrant/Fugitive),REDACTED ,missouri,"07/21/2026, 03:58:41 PM UTC",lookup,,
48c3ae0e-3e73-4d8a-9986-30417dccc35d,Bryan Gilbert,Lee's Summit MO PD,1018,"07/12/2026, 02:00:00 PM UTC
07/21/2026, 04:00:00 PM UTC",REDACTED ,Wanted Person (Arrest Warrant/Fugitive),REDACTED ,"Sedan, Nissan, white, missouri","07/21/2026, 03:58:36 PM UTC",lookup,,
7ff14081-0b76-4feb-be90-2aabe1c8c714,Bryan Gilbert,Lee's Summit MO PD,1018,"07/12/2026, 02:00:00 PM UTC
07/21/2026, 04:00:00 PM UTC",REDACTED ,Wanted Person (Arrest Warrant/Fugitive),REDACTED ,missouri,"07/21/2026, 03:57:48 PM UTC",lookup,,
4ecbacfd-47fc-4620-abe6-5ef14987ce7c,Jacob Aguayo,Lee's Summit MO PD,1017,"06/21/2026, 04:00:04 PM UTC
07/21/2026, 04:00:04 PM UTC",REDACTED ,Stolen Property Offenses,REDACTED ,,"07/21/2026, 03:55:48 PM UTC",lookup,,
278ecd68-39f0-43e3-82ed-78cafaf8ba49,Jacob Aguayo,Lee's Summit MO PD,1017,"06/21/2026, 04:00:04 PM UTC
07/21/2026, 04:00:04 PM UTC",REDACTED ,Stolen Property Offenses,REDACTED ,,"07/21/2026, 03:54:32 PM UTC",lookup,,
abecab5b-f70c-4554-ad17-f4847dc3f9b6,David Arnold,Lee's Summit MO PD,1018,"06/21/2026, 03:00:20 PM UTC
07/21/2026, 03:00:20 PM UTC",REDACTED ,Larceny/Theft Offenses,REDACTED ,,"07/21/2026, 02:37:22 PM UTC",lookup,,
f58ef12b-6630-458a-a515-46d3b557a22d,David Arnold,Lee's Summit MO PD,1018,"07/21/2026, 10:00:21 AM UTC
07/21/2026, 12:00:21 PM UTC",REDACTED ,Larceny/Theft Offenses,REDACTED ,,"07/21/2026, 02:37:12 PM UTC",lookup,,
633131ca-e9fa-471c-ad58-739f6b05a38f,David Arnold,Lee's Summit MO PD,2,"06/21/2026, 02:30:45 PM UTC
07/21/2026, 02:30:45 PM UTC",REDACTED ,Larceny/Theft Offenses,REDACTED ,,"07/21/2026, 02:19:47 PM UTC",lookup,,
a194c87f-b2c0-4c95-b3c8-a1eb98d6f977,David Arnold,Lee's Summit MO PD,1018,"06/24/2026, 01:30:00 PM UTC
06/24/2026, 04:55:00 PM UTC",REDACTED ,Larceny/Theft Offenses,REDACTED ,"Sedan, Coupe, Convertible, Hatchback, Wagon, Hyundai, black","07/21/2026, 02:09:50 PM UTC",search,,
f5ce3d03-47e7-4604-b397-41f0d4729765,David Arnold,Lee's Summit MO PD,1018,"06/24/2026, 01:30:00 PM UTC
06/24/2026, 03:30:00 PM UTC",REDACTED ,Larceny/Theft Offenses,REDACTED ,"Sedan, Coupe, Convertible, Hatchback, Wagon, Hyundai, black","07/21/2026, 02:05:27 PM UTC",search,,
894c904b-8dc2-49cf-b705-e0d52525b488,David Arnold,Lee's Summit MO PD,1018,"06/24/2026, 01:30:00 PM UTC
06/24/2026, 03:30:00 PM UTC",REDACTED ,Larceny/Theft Offenses,REDACTED ,"Sedan, Coupe, Convertible, Hatchback, Wagon, Hyundai, black","07/21/2026, 02:02:17 PM UTC",search,,
6007a146-6214-46ce-aabe-2a896929e44f,David Arnold,Lee's Summit MO PD,1018,"06/24/2026, 01:30:00 PM UTC
06/24/2026, 03:30:00 PM UTC",REDACTED ,Larceny/Theft Offenses,REDACTED ,"Sedan, Coupe, Convertible, Hatchback, Wagon, Hyundai, black","07/21/2026, 02:00:28 PM UTC",search,,
80f9cd85-f816-4f1b-b3f1-f62523b31b95,David Arnold,Lee's Summit MO PD,1018,"06/24/2026, 02:00:00 PM UTC
06/24/2026, 03:00:00 PM UTC",REDACTED ,Larceny/Theft Offenses,REDACTED ,"Sedan, Coupe, Convertible, Hatchback, Wagon, Hyundai, black","07/21/2026, 01:59:45 PM UTC",search,,
27413852-19cd-4b06-8329-4d322cc07e06,David Arnold,Lee's Summit MO PD,1018,"06/24/2026, 02:00:00 PM UTC
06/24/2026, 03:00:00 PM UTC",REDACTED ,Larceny/Theft Offenses,REDACTED ,"Sedan, Coupe, Convertible, Hatchback, Wagon, Hyundai, black","07/21/2026, 01:58:51 PM UTC",search,,
fb4051d4-788e-4e23-90b4-b5099ec63843,David Arnold,Lee's Summit MO PD,1018,"06/21/2026, 01:30:08 PM UTC
07/21/2026, 01:30:08 PM UTC",REDACTED ,Larceny/Theft Offenses,REDACTED ,,"07/21/2026, 01:03:14 PM UTC",lookup,,
a17d1142-b898-4564-8450-082c5a4c42a2,David Arnold,Lee's Summit MO PD,1018,"06/15/2026, 01:00:45 PM UTC
07/15/2026, 01:00:45 PM UTC",REDACTED ,Larceny/Theft Offenses,REDACTED ,,"07/21/2026, 01:02:51 PM UTC",lookup,,
9387be6e-3d73-47c3-b082-bac10b643d41,David Arnold,Lee's Summit MO PD,6206,"06/14/2026, 05:12:03 PM UTC
07/14/2026, 05:12:03 PM UTC",REDACTED ,Larceny/Theft Offenses,REDACTED ,,"07/21/2026, 01:02:44 PM UTC",lookup,,
8b706fa0-e1f6-4bb9-b6a1-066bfccc9296,Ryan Small,Lee's Summit MO PD,999,"07/20/2026, 12:47:24 PM UTC
07/21/2026, 12:47:24 PM UTC",REDACTED ,Sex Offenses,REDACTED ,missouri,"07/21/2026, 12:47:26 PM UTC",lookup - Mobile,,
92f62749-4b7f-4921-afd5-158678fde3e7,Eric King,Lee's Summit MO PD,1017,"06/21/2026, 07:30:34 AM UTC
07/21/2026, 07:30:34 AM UTC",REDACTED ,Weapons Offense (Guns/Shots Fired),REDACTED ,,"07/21/2026, 07:11:37 AM UTC",lookup,,
d8e5a601-7743-435f-a6d9-8d504ed98e06,Eric King,Lee's Summit MO PD,1017,"07/20/2026, 07:30:40 AM UTC
07/21/2026, 07:30:40 AM UTC",REDACTED ,Weapons Offense (Guns/Shots Fired),REDACTED ,,"07/21/2026, 07:11:25 AM UTC",lookup,,
7a04de6d-646c-4d89-bc5b-9e2b7626058d,Eric King,Lee's Summit MO PD,1017,"07/20/2026, 07:30:40 AM UTC
07/21/2026, 07:30:40 AM UTC",REDACTED ,Weapons Offense (Guns/Shots Fired),REDACTED ,,"07/21/2026, 07:08:43 AM UTC",lookup,,
8815042d-f745-41d3-9c36-5db439082a95,Eric King,Lee's Summit MO PD,1017,"07/20/2026, 07:00:51 AM UTC
07/21/2026, 07:00:51 AM UTC",REDACTED ,Weapons Offense (Guns/Shots Fired),REDACTED ,,"07/21/2026, 06:37:54 AM UTC",lookup,,
183758f5-a060-4460-af26-a2fedc1800ec,Eric King,Lee's Summit MO PD,1017,"07/07/2026, 03:30:48 AM UTC
07/21/2026, 03:30:48 AM UTC",REDACTED ,Weapons Offense (Guns/Shots Fired),REDACTED ,,"07/21/2026, 03:18:50 AM UTC",lookup,,
a6afcda4-3f2c-4637-9ba5-ce44f2e6f73b,Eric King,Lee's Summit MO PD,1017,"07/14/2026, 03:30:58 AM UTC
07/21/2026, 03:30:58 AM UTC",REDACTED ,Weapons Offense (Guns/Shots Fired),REDACTED ,,"07/21/2026, 03:18:00 AM UTC",lookup,,
661576a0-06c5-45fd-96a3-aacc5dc69959,Eric King,Lee's Summit MO PD,1017,"07/20/2026, 03:30:53 AM UTC
07/21/2026, 03:30:53 AM UTC",REDACTED ,Weapons Offense (Guns/Shots Fired),REDACTED ,,"07/21/2026, 03:17:55 AM UTC",lookup,,
e0b70afd-e33a-4a36-95a0-b37c2e381c49,Eric King,Lee's Summit MO PD,1017,"07/21/2026, 01:30:35 AM UTC
07/21/2026, 03:30:35 AM UTC",REDACTED ,Weapons Offense (Guns/Shots Fired),REDACTED ,,"07/21/2026, 03:17:48 AM UTC",lookup,,
ace6236e-bc0c-483c-90cf-acb37704b911,Clayton Majors,Lee's Summit MO PD,1017,"07/20/2026, 01:30:45 AM UTC
07/21/2026, 01:30:45 AM UTC",REDACTED ,Welfare Check - atl person for self harm comments,REDACTED ,missouri,"07/21/2026, 01:21:52 AM UTC",lookup,,
3b25d22e-3ee6-4264-9e60-89f7fd345bbd,Clayton Majors,Lee's Summit MO PD,1017,"07/20/2026, 01:30:45 AM UTC
07/21/2026, 01:30:45 AM UTC",REDACTED ,Welfare Check - atl person for self harm comments,REDACTED ,missouri,"07/21/2026, 01:21:47 AM UTC",lookup,,
b7e1b2e4-faa7-41b0-a56a-b24f833f7ea4,Owen Colyne,Lee's Summit MO PD,1017,"07/14/2026, 01:00:10 AM UTC
07/21/2026, 01:00:10 AM UTC",REDACTED ,Wanted Person (Arrest Warrant/Fugitive),REDACTED ,,"07/21/2026, 12:32:12 AM UTC",lookup,,
aa11d5fb-03b8-43ad-88d2-c12d2745c3c4,Owen Colyne,Lee's Summit MO PD,1017,"07/14/2026, 01:00:01 AM UTC
07/21/2026, 01:00:01 AM UTC",REDACTED ,Wanted Person (Arrest Warrant/Fugitive),REDACTED ,,"07/21/2026, 12:31:04 AM UTC",lookup,,
56c04782-6514-4ef4-ad9d-9cfa3a984aa8,Owen Colyne,Lee's Summit MO PD,1017,"07/20/2026, 10:30:03 PM UTC
07/21/2026, 12:30:03 AM UTC",REDACTED ,Wanted Person (Arrest Warrant/Fugitive),REDACTED ,,"07/21/2026, 12:30:56 AM UTC",lookup,,
e82ef8ef-1552-46f5-9159-a213dcd08d04,Amanda Schulte,Lee's Summit MO PD,1018,"06/20/2026, 09:30:49 PM UTC
07/20/2026, 09:30:49 PM UTC",REDACTED ,Driving Under the Influence (DUI/DWI/OWI/OVI),REDACTED ,,"07/20/2026, 09:22:02 PM UTC",lookup,,
0a5386ff-ce1a-4805-8b80-7dd43c535d5f,Amanda Schulte,Lee's Summit MO PD,1018,"06/20/2026, 08:30:00 PM UTC
07/01/2026, 04:30:00 AM UTC",REDACTED ,Motor Vehicle Theft/Stolen,REDACTED ,,"07/20/2026, 08:05:58 PM UTC",lookup,,
5c7266df-f1da-4d67-bcef-904ea3acf257,Amanda Schulte,Lee's Summit MO PD,1018,"06/20/2026, 08:30:00 PM UTC
07/31/2026, 04:30:00 AM UTC",REDACTED ,Motor Vehicle Theft/Stolen,REDACTED ,,"07/20/2026, 08:05:43 PM UTC",lookup,,
dbf266a0-0d32-4bca-bc12-659b2102939f,Amanda Schulte,Lee's Summit MO PD,1018,"06/20/2026, 08:30:15 PM UTC
07/20/2026, 08:30:15 PM UTC",REDACTED ,Motor Vehicle Theft/Stolen,REDACTED ,,"07/20/2026, 08:04:18 PM UTC",lookup,,
cd0ffbfb-88a7-411a-bf2a-329ecf08c035,Phillip Stewart,Lee's Summit MO PD,1018,"07/18/2026, 05:00:00 PM UTC
07/20/2026, 08:00:00 PM UTC",REDACTED ,Motor Vehicle Theft/Stolen - ,REDACTED ,,"07/20/2026, 07:55:42 PM UTC",lookup,,
89b6a24c-1450-4695-b2bc-9b1dc5ec2690,Phillip Stewart,Lee's Summit MO PD,1018,"06/18/2026, 05:00:00 PM UTC
07/20/2026, 08:00:00 PM UTC",REDACTED ,Motor Vehicle Theft/Stolen -,REDACTED ,,"07/20/2026, 07:55:07 PM UTC",lookup,,
1ba9279d-d8e7-4014-858f-8ce2a26c7583,Ryan Small,Lee's Summit MO PD,1018,"07/06/2026, 06:30:25 PM UTC
07/20/2026, 06:30:25 PM UTC",REDACTED ,Sex Offenses,REDACTED ,missouri,"07/20/2026, 07:16:33 PM UTC",lookup,,
df8370d9-daff-4e10-8b0a-4e7405bda7ba,Michael Reese,Lee's Summit MO PD,1018,"06/20/2026, 07:30:37 PM UTC
07/20/2026, 07:30:37 PM UTC",REDACTED ,Counterfeiting/Forgery - Suspect Vehicle,REDACTED ,,"07/20/2026, 07:03:40 PM UTC",lookup,,
e4b3c3b9-6bc6-44b5-8c6b-8262c415a1bd,Nathaniel Funderburk-Mejia,Lee's Summit MO PD,6209,"07/18/2026, 05:00:00 AM UTC
07/20/2026, 07:00:00 PM UTC",REDACTED ,Motor Vehicle Theft/Stolen - investigation,REDACTED ,"Sedan, Honda, missouri","07/20/2026, 06:49:56 PM UTC",lookup,,
8e068e15-433f-44be-83dd-39357fe487e4,Nathaniel Funderburk-Mejia,Lee's Summit MO PD,6209,"06/20/2026, 06:46:40 PM UTC
07/20/2026, 06:46:40 PM UTC",REDACTED ,Motor Vehicle Theft/Stolen - investigation,REDACTED ,,"07/20/2026, 06:46:48 PM UTC",lookup,,
994b5f33-b60c-4275-81f4-5e540019d628,Amanda Schulte,Lee's Summit MO PD,1018,"06/20/2026, 07:00:32 PM UTC
07/20/2026, 07:00:32 PM UTC",REDACTED ,Obstructing the Police (Fleeing/Eluding),REDACTED ,,"07/20/2026, 06:44:34 PM UTC",lookup,,
6feefc0a-5829-4d5d-8d87-1e94f63671d1,Nathaniel Funderburk-Mejia,Lee's Summit MO PD,6209,"06/20/2026, 07:00:51 PM UTC
07/20/2026, 07:00:51 PM UTC",REDACTED ,Motor Vehicle Theft/Stolen - investigation,REDACTED ,missouri,"07/20/2026, 06:42:55 PM UTC",lookup,,
d6de351a-9ccd-427d-84a7-e8cc12b76f27,Nathaniel Funderburk-Mejia,Lee's Summit MO PD,1017,"07/18/2026, 06:00:00 PM UTC
07/20/2026, 07:00:00 PM UTC",REDACTED ,Motor Vehicle Theft/Stolen - investigation,REDACTED ,"missouri, REDACTED","07/20/2026, 06:42:45 PM UTC",search,,
971d16de-8584-452c-bfe3-2789364ae543,Nathaniel Funderburk-Mejia,Lee's Summit MO PD,350,"07/18/2026, 06:00:00 PM UTC
07/20/2026, 07:00:00 PM UTC",REDACTED ,Motor Vehicle Theft/Stolen - investigation,REDACTED ,missouri,"07/20/2026, 06:42:13 PM UTC",lookup,,
897903dd-b648-457e-b511-c1ce4aabbb51,Nathaniel Funderburk-Mejia,Lee's Summit MO PD,1017,"07/18/2026, 07:00:01 PM UTC
07/20/2026, 07:00:01 PM UTC",REDACTED ,Motor Vehicle Theft/Stolen - investigation,REDACTED ,missouri,"07/20/2026, 06:41:17 PM UTC",lookup,,
fef8d9c5-75d9-48b5-958a-8e58c25bb134,Nathaniel Funderburk-Mejia,Lee's Summit MO PD,1017,"07/18/2026, 05:00:00 AM UTC
07/20/2026, 07:00:00 PM UTC",REDACTED ,Motor Vehicle Theft/Stolen - investigation,REDACTED ,missouri,"07/20/2026, 06:39:40 PM UTC",lookup,,
a8c9312f-aa42-45d7-a42c-a31c58a5685f,Ryan Small,Lee's Summit MO PD,1018,"07/06/2026, 06:30:25 PM UTC
07/20/2026, 06:30:25 PM UTC",REDACTED ,Sex Offenses,REDACTED ,missouri,"07/20/2026, 06:28:48 PM UTC",lookup,,
b181c4ec-792a-4033-8322-7bc7a28a7697,Ryan Small,Lee's Summit MO PD,2,"07/06/2026, 06:30:25 PM UTC
07/20/2026, 06:30:25 PM UTC",REDACTED ,Sex Offenses,REDACTED ,missouri,"07/20/2026, 06:28:27 PM UTC",lookup,,
e19645ff-9b78-4068-81b8-24224e355fb9,Bryan Gilbert,Lee's Summit MO PD,1018,"07/06/2026, 05:30:25 PM UTC
07/20/2026, 05:30:25 PM UTC",REDACTED ,Larceny/Theft Offenses -,REDACTED ,,"07/20/2026, 05:15:27 PM UTC",lookup,,
ba3f6331-7cf6-4652-83b8-66e4589325ae,James Treacy,Lee's Summit MO PD,1018,"07/12/2026, 05:30:00 PM UTC
07/17/2026, 05:30:00 PM UTC",REDACTED ,Sex Offenses - Suspect,REDACTED ,,"07/20/2026, 05:06:52 PM UTC",lookup,,
331ce29a-4ee6-45a7-b037-922754a16633,James Treacy,Lee's Summit MO PD,1018,"07/12/2026, 05:30:00 PM UTC
07/17/2026, 05:30:00 PM UTC",REDACTED ,Sex Offenses - Suspect,REDACTED ,,"07/20/2026, 05:04:16 PM UTC",lookup,,
b2fdb197-2e77-4a5e-84f6-bc440789b191,James Treacy,Lee's Summit MO PD,1018,"07/13/2026, 05:30:00 PM UTC
07/17/2026, 05:30:00 PM UTC",REDACTED ,Sex Offenses - Suspect,REDACTED ,,"07/20/2026, 05:02:25 PM UTC",lookup,,
166fd444-6e83-4e94-a38d-73efd5229792,James Treacy,Lee's Summit MO PD,1018,"07/06/2026, 05:30:20 PM UTC
07/20/2026, 05:30:20 PM UTC",REDACTED ,Sex Offenses - Suspect,REDACTED ,,"07/20/2026, 05:01:22 PM UTC",lookup,,
003ece16-435c-4276-b40f-e734086b589d,James Treacy,Lee's Summit MO PD,1018,"07/20/2026, 03:30:32 PM UTC
07/20/2026, 05:30:32 PM UTC",REDACTED ,Sex Offenses - Suspect,REDACTED ,,"07/20/2026, 05:01:15 PM UTC",lookup,,
08ce69e6-daef-42b3-9808-423b0241cb96,Phillip Stewart,Lee's Summit MO PD,1018,"06/20/2026, 05:00:02 PM UTC
07/20/2026, 05:00:02 PM UTC",REDACTED ,Motor Vehicle Theft/Stolen - ,REDACTED ,,"07/20/2026, 04:36:05 PM UTC",lookup,,
f7c24747-3814-4e52-8ba2-6ac678ca3d70,Nathaniel Funderburk-Mejia,Lee's Summit MO PD,1017,"07/20/2026, 10:40:00 AM UTC
07/20/2026, 11:00:00 AM UTC",REDACTED ,Traffic Infraction - Training,REDACTED ,Jeep,"07/20/2026, 03:39:29 PM UTC",search,,
67aed457-fe53-4b57-a554-747e4a58a5e2,Amanda Schulte,Lee's Summit MO PD,1018,"07/15/2026, 06:00:00 AM UTC
07/20/2026, 04:00:00 PM UTC",REDACTED ,Missing/Endangered Person/Runaway,REDACTED ,,"07/20/2026, 03:38:45 PM UTC",lookup,,
2dd414f1-69a6-4e14-81d9-1ee90369ac13,Nathaniel Funderburk-Mejia,Lee's Summit MO PD,1017,"07/13/2026, 02:00:00 PM UTC
07/20/2026, 04:00:00 PM UTC",REDACTED ,Traffic Infraction - Training,REDACTED ,,"07/20/2026, 03:36:07 PM UTC",lookup,,
f7d1d937-1730-4bb5-8cdf-3887548a24f2,Nathaniel Funderburk-Mejia,Lee's Summit MO PD,1017,"07/13/2026, 02:00:00 PM UTC
07/20/2026, 04:00:00 PM UTC",REDACTED ,Traffic Infraction - Training,REDACTED ,,"07/20/2026, 03:35:50 PM UTC",lookup,,
33ddc643-66d9-4818-8ff3-dd99fb5999e4,Bryan Gilbert,Lee's Summit MO PD,1018,"07/15/2026, 09:30:22 PM UTC
07/16/2026, 09:30:22 PM UTC",REDACTED ,Larceny/Theft Offenses - stole at lululemon,REDACTED ,,"07/20/2026, 03:24:04 PM UTC",lookup,,
0b860feb-2fea-4339-b5cd-a58fbc7eabd9,Amanda Schulte,Lee's Summit MO PD,1018,"06/20/2026, 03:30:49 PM UTC
07/20/2026, 03:30:49 PM UTC",REDACTED ,Obstructing the Police (Fleeing/Eluding),REDACTED ,,"07/20/2026, 03:12:52 PM UTC",lookup,,
2723e3fe-0fe1-487d-b295-dd3a5e100236,Amanda Schulte,Lee's Summit MO PD,1018,"06/20/2026, 03:00:34 PM UTC
07/20/2026, 03:00:34 PM UTC",REDACTED ,Obstructing the Police (Fleeing/Eluding),REDACTED ,,"07/20/2026, 02:59:47 PM UTC",lookup,,
804402b5-3bd6-4790-8613-353adfb094ea,Amanda Schulte,Lee's Summit MO PD,2,"06/20/2026, 03:00:34 PM UTC
07/20/2026, 03:00:34 PM UTC",REDACTED ,Obstructing the Police (Fleeing/Eluding),REDACTED ,,"07/20/2026, 02:59:36 PM UTC",lookup,,
eef0ae56-4aaa-4f8f-b95e-eca02d71ffad,Jacob Aguayo,Lee's Summit MO PD,1017,"07/13/2026, 03:00:44 PM UTC
07/20/2026, 03:00:44 PM UTC",REDACTED ,Stolen Property Offenses,REDACTED ,,"07/20/2026, 02:49:46 PM UTC",lookup,,
074e402f-b0d1-4040-a932-159313f5b44d,Michael Reese,Lee's Summit MO PD,1018,"07/19/2026, 03:00:09 PM UTC
07/20/2026, 03:00:09 PM UTC",REDACTED ,Counterfeiting/Forgery - Suspect Vehicle,REDACTED ,"Sedan, Nissan, red","07/20/2026, 02:35:31 PM UTC",lookup,,
9ce5cfb4-389c-497d-bf28-09f2dec37890,Michael Reese,Lee's Summit MO PD,1018,"07/19/2026, 03:00:09 PM UTC
07/20/2026, 03:00:09 PM UTC",REDACTED ,Counterfeiting/Forgery - Suspect Vehicle,REDACTED ,"Sedan, Nissan, red","07/20/2026, 02:30:12 PM UTC",search,,
a48e8547-347c-46ec-aa40-a83da3c511a6,Michael Reese,Lee's Summit MO PD,15,"07/18/2026, 02:30:02 PM UTC
07/20/2026, 02:30:02 PM UTC",REDACTED ,Counterfeiting/Forgery - Suspect Vehicle,REDACTED ,"Sedan, Nissan, red","07/20/2026, 02:27:07 PM UTC",search,,
cff9ed31-ee04-4839-9fb9-37410541a89c,Jacob Aguayo,Lee's Summit MO PD,1017,"07/13/2026, 01:30:36 PM UTC
07/20/2026, 01:30:36 PM UTC",REDACTED ,Stolen Property Offenses,REDACTED ,,"07/20/2026, 01:03:38 PM UTC",lookup,,
e148030a-4659-48ef-bcad-873319723faa,Jacob Aguayo,Lee's Summit MO PD,2,"06/12/2026, 11:30:00 PM UTC
06/13/2026, 09:00:00 AM UTC",REDACTED ,Stolen Property Offenses,REDACTED ,,"07/20/2026, 01:01:04 PM UTC",freeform,objectClass:vehicle white buckets in bed of truck,allow
7e7bb251-41ba-4e87-8d34-fb99e4e4af57,Scott McMilian,Lee's Summit MO PD,2,"07/13/2026, 09:00:41 AM UTC
07/20/2026, 09:00:41 AM UTC",REDACTED ,Motor Vehicle Theft/Stolen,REDACTED ,,"07/20/2026, 09:50:21 AM UTC",lookup,,
eb37f278-2802-4db8-87fa-95a4e7407841,Scott McMilian,Lee's Summit MO PD,2,"07/13/2026, 09:00:41 AM UTC
07/20/2026, 09:00:41 AM UTC",REDACTED ,Motor Vehicle Theft/Stolen,REDACTED ,massachusetts,"07/20/2026, 09:48:13 AM UTC",search,,
b8deb5b8-d399-438b-b246-ac02fc39f8d9,Azlen Metscher,Lee's Summit MO PD,1017,"07/13/2026, 10:00:29 AM UTC
07/20/2026, 10:00:29 AM UTC",REDACTED ,Wanted Person (Arrest Warrant/Fugitive),REDACTED ,missouri,"07/20/2026, 09:42:36 AM UTC",lookup,,
45f3ca07-6a48-41fa-ba8a-4268da53657f,Azlen Metscher,Lee's Summit MO PD,350,"07/19/2026, 10:00:14 AM UTC
07/20/2026, 10:00:14 AM UTC",REDACTED ,Wanted Person (Arrest Warrant/Fugitive),REDACTED ,missouri,"07/20/2026, 09:42:17 AM UTC",lookup,,
a57e5127-2208-4279-86b6-2fb33b150ae0,Azlen Metscher,Lee's Summit MO PD,350,"06/20/2026, 10:00:42 AM UTC
07/20/2026, 10:00:42 AM UTC",REDACTED ,Wanted Person (Arrest Warrant/Fugitive),REDACTED ,missouri,"07/20/2026, 09:41:44 AM UTC",lookup,,
146dee04-72f0-4809-8906-7f45030a847a,Azlen Metscher,Lee's Summit MO PD,350,"06/20/2026, 10:00:24 AM UTC
07/20/2026, 10:00:24 AM UTC",REDACTED ,Wanted Person (Arrest Warrant/Fugitive),REDACTED ,missouri,"07/20/2026, 09:39:27 AM UTC",lookup,,
4dd3346a-6fed-47ba-9b4f-6e2ca6285028,Azlen Metscher,Lee's Summit MO PD,1017,"06/20/2026, 09:00:06 AM UTC
07/20/2026, 09:00:06 AM UTC",REDACTED ,Wanted Person (Arrest Warrant/Fugitive),REDACTED ,missouri,"07/20/2026, 09:39:14 AM UTC",lookup,,
8fa987b8-e0c9-469d-8f2c-5ed76f3bf327,Azlen Metscher,Lee's Summit MO PD,1017,"06/20/2026, 09:00:06 AM UTC
07/20/2026, 09:00:06 AM UTC",REDACTED ,Wanted Person (Arrest Warrant/Fugitive),REDACTED ,missouri,"07/20/2026, 09:37:46 AM UTC",lookup,,
ad4827cc-c79f-497b-afce-5f7c224462ac,Scott McMilian,Lee's Summit MO PD,1017,"07/06/2026, 03:00:47 AM UTC
07/20/2026, 03:00:47 AM UTC",REDACTED ,Assault/Battery Offenses,REDACTED ,,"07/20/2026, 08:37:51 AM UTC",lookup,,
ef3c5cbd-8960-49c0-9c08-97604d996691,Scott McMilian,Lee's Summit MO PD,1017,"07/13/2026, 05:00:15 AM UTC
07/20/2026, 05:00:15 AM UTC",REDACTED ,Burglary/Breaking & Entering,REDACTED ,,"07/20/2026, 08:37:48 AM UTC",lookup,,
f5805cfb-c640-46ac-89ff-1f586d7b0aa3,Scott McMilian,Lee's Summit MO PD,6207,"07/13/2026, 09:00:41 AM UTC
07/20/2026, 09:00:41 AM UTC",REDACTED ,Motor Vehicle Theft/Stolen,REDACTED ,,"07/20/2026, 08:37:42 AM UTC",lookup,,
b312ac5e-c581-4d69-8cc3-4fb363eb06ac,Jordan McWhorter,Lee's Summit MO PD,2,"07/10/2026, 09:00:00 AM UTC
07/20/2026, 09:00:00 AM UTC",REDACTED ,Motor Vehicle Theft/Stolen,REDACTED ,,"07/20/2026, 08:36:01 AM UTC",lookup,,
0419ff65-b4bc-4924-b13b-5a47bb7a7bad,Jordan McWhorter,Lee's Summit MO PD,2,"07/19/2026, 09:00:49 AM UTC
07/20/2026, 09:00:49 AM UTC",REDACTED ,Motor Vehicle Theft/Stolen,REDACTED ,,"07/20/2026, 08:35:51 AM UTC",lookup,,
cb6f6e7b-d022-4b9e-9212-8d96dfd82f79,Jordan McWhorter,Lee's Summit MO PD,2,"07/20/2026, 07:00:36 AM UTC
07/20/2026, 09:00:36 AM UTC",REDACTED ,Motor Vehicle Theft/Stolen,REDACTED ,,"07/20/2026, 08:35:44 AM UTC",lookup,,
2a79dc50-abca-4d53-8fd4-cb96b8588870,Azlen Metscher,Lee's Summit MO PD,350,"06/20/2026, 09:00:06 AM UTC
07/20/2026, 09:00:06 AM UTC",REDACTED ,Motor Vehicle Theft/Stolen,REDACTED ,massachusetts,"07/20/2026, 08:31:08 AM UTC",lookup,,
9d676fb0-dac5-430a-85a8-178176797537,Azlen Metscher,Lee's Summit MO PD,1017,"07/20/2026, 07:00:41 AM UTC
07/20/2026, 09:00:41 AM UTC",REDACTED ,Motor Vehicle Theft/Stolen,REDACTED ,missouri,"07/20/2026, 08:30:53 AM UTC",lookup,,
42705711-a7bd-4855-a951-bf678757c886,Jordan McWhorter,Lee's Summit MO PD,6207,"07/01/2026, 06:30:00 AM UTC
07/20/2026, 08:30:00 AM UTC",REDACTED ,Motor Vehicle Theft/Stolen,REDACTED ,,"07/20/2026, 08:30:15 AM UTC",lookup,,
febc3340-d05b-4fb5-92f3-cded7d0125f9,Jordan McWhorter,Lee's Summit MO PD,6207,"07/01/2026, 06:30:00 AM UTC
07/20/2026, 08:30:00 AM UTC",REDACTED ,Motor Vehicle Theft/Stolen,REDACTED ,,"07/20/2026, 08:30:15 AM UTC",lookup,,
f9990918-c519-4d52-85c8-6e6baeccd94b,Jordan McWhorter,Lee's Summit MO PD,6207,"07/20/2026, 06:30:53 AM UTC
07/20/2026, 08:30:53 AM UTC",REDACTED ,Motor Vehicle Theft/Stolen,REDACTED ,,"07/20/2026, 08:30:08 AM UTC",lookup,,
f62094b8-d959-4307-87c1-aa3b00c3b835,Jordan McWhorter,Lee's Summit MO PD,6207,"07/20/2026, 06:30:53 AM UTC
07/20/2026, 08:30:53 AM UTC",REDACTED ,Motor Vehicle Theft/Stolen,REDACTED ,,"07/20/2026, 08:30:00 AM UTC",lookup,,
8bfaa201-ba7f-4edd-9162-108a548aff71,Jake Christopherson,Lee's Summit MO PD,1017,"07/13/2026, 08:00:41 AM UTC
07/20/2026, 08:00:41 AM UTC",REDACTED ,Motor Vehicle Theft/Stolen,REDACTED ,,"07/20/2026, 08:00:55 AM UTC",lookup,,
8e2fc182-4537-4b7e-9f3f-9c106e83bf1b,Jake Christopherson,Lee's Summit MO PD,1017,"07/13/2026, 08:00:41 AM UTC
07/20/2026, 08:00:41 AM UTC",REDACTED ,Motor Vehicle Theft/Stolen,REDACTED ,,"07/20/2026, 07:57:43 AM UTC",lookup,,
84d2296a-1b20-45ec-bb5a-b0d52800d130,Jordan McWhorter,Lee's Summit MO PD,6207,"07/17/2026, 05:30:00 AM UTC
07/20/2026, 07:30:00 AM UTC",REDACTED ,Motor Vehicle Theft/Stolen,REDACTED ,,"07/20/2026, 07:04:25 AM UTC",lookup,,
e55f9f55-1062-446f-930d-2543f0a94fb2,Jordan McWhorter,Lee's Summit MO PD,6207,"07/20/2026, 05:30:06 AM UTC
07/20/2026, 07:30:06 AM UTC",REDACTED ,Motor Vehicle Theft/Stolen,REDACTED ,,"07/20/2026, 07:04:13 AM UTC",lookup,,
6ed2549d-b379-4544-aadd-4435252e5029,Dalton Sterbenz,Lee's Summit MO PD,6207,"07/19/2026, 07:30:47 AM UTC
07/20/2026, 07:30:47 AM UTC",REDACTED ,Motor Vehicle Theft/Stolen,REDACTED ,,"07/20/2026, 07:01:49 AM UTC",lookup,,
c68c5fd1-3a51-4082-b17a-dfc9aa8ee949,Scott McMilian,Lee's Summit MO PD,1017,"07/13/2026, 02:30:39 AM UTC
07/20/2026, 02:30:39 AM UTC",REDACTED ,Threats/Harassment,REDACTED ,,"07/20/2026, 05:27:45 AM UTC",lookup,,
20abc8cf-4cc8-47f4-a920-8f8e84a190ec,Jacob White,Lee's Summit MO PD,2,"07/13/2026, 05:30:02 AM UTC
07/20/2026, 05:30:02 AM UTC",REDACTED ,Wanted Person (Arrest Warrant/Fugitive),REDACTED ,,"07/20/2026, 05:09:05 AM UTC",lookup,,
2cef76a6-5ca6-4fad-9aa1-96283b069af9,Scott McMilian,Lee's Summit MO PD,1017,"07/13/2026, 05:00:15 AM UTC
07/20/2026, 05:00:15 AM UTC",REDACTED ,Burglary/Breaking & Entering,REDACTED ,,"07/20/2026, 04:31:17 AM UTC",lookup,,
ce2a628c-8254-445a-8d28-0f940e1f66e9,Scott McMilian,Lee's Summit MO PD,1017,"07/06/2026, 03:00:47 AM UTC
07/20/2026, 03:00:47 AM UTC",REDACTED ,Assault/Battery Offenses,REDACTED ,,"07/20/2026, 02:48:48 AM UTC",lookup,,
7147991a-d7cb-47e4-94d1-54ac53a15a9d,Scott McMilian,Lee's Summit MO PD,1017,"07/13/2026, 03:00:34 AM UTC
07/20/2026, 03:00:34 AM UTC",REDACTED ,Assault/Battery Offenses,REDACTED ,,"07/20/2026, 02:47:36 AM UTC",lookup,,
dcd1ed42-1d33-4bc1-8516-50e500860983,Jordan McWhorter,Lee's Summit MO PD,350,"06/20/2026, 03:00:14 AM UTC
07/20/2026, 03:00:14 AM UTC",REDACTED ,Assault/Battery Offenses,REDACTED ,,"07/20/2026, 02:44:07 AM UTC",lookup,,
bfc8a8c9-fbea-4d82-a372-2479fa57f3e6,Dalton Sterbenz,Lee's Summit MO PD,6207,"06/20/2026, 03:00:26 AM UTC
07/20/2026, 03:00:26 AM UTC",REDACTED ,Assault/Battery Offenses,REDACTED ,,"07/20/2026, 02:42:27 AM UTC",lookup,,
a1034ddd-40f9-4981-afe9-796b2b7171e5,Jordan McWhorter,Lee's Summit MO PD,350,"06/20/2026, 03:00:14 AM UTC
07/20/2026, 03:00:14 AM UTC",REDACTED ,Assault/Battery Offenses,REDACTED ,,"07/20/2026, 02:42:16 AM UTC",lookup,,
c95c9719-72c3-47f0-bb87-59e8e7133614,Scott McMilian,Lee's Summit MO PD,1017,"07/13/2026, 02:30:39 AM UTC
07/20/2026, 02:30:39 AM UTC",REDACTED ,Threats/Harassment,REDACTED ,,"07/20/2026, 02:38:04 AM UTC",lookup,,
329a81ab-7f1f-47b5-b869-67bfd20a4b5e,Jordan McWhorter,Lee's Summit MO PD,6207,"05/20/2026, 12:30:00 AM UTC
07/20/2026, 02:30:00 AM UTC",REDACTED ,Stolen Property Offenses,REDACTED ,,"07/20/2026, 02:20:04 AM UTC",lookup,,
6569ecd9-f67d-4c0e-9024-28b5828d84d7,Jordan McWhorter,Lee's Summit MO PD,6207,"07/20/2026, 12:30:45 AM UTC
07/20/2026, 02:30:45 AM UTC",REDACTED ,Stolen Property Offenses,REDACTED ,,"07/20/2026, 02:19:52 AM UTC",lookup,,
e73df9d0-f000-4acc-9f36-ee6f5b03084a,Dalton Sterbenz,Lee's Summit MO PD,6207,"07/13/2026, 02:30:11 AM UTC
07/20/2026, 02:30:11 AM UTC",REDACTED ,Larceny/Theft Offenses,REDACTED ,missouri,"07/20/2026, 02:18:13 AM UTC",lookup,,
d497ac35-e76c-470c-91f5-2c1e5a7c4b42,Dalton Sterbenz,Lee's Summit MO PD,6207,"06/20/2026, 02:30:49 AM UTC
07/20/2026, 02:30:49 AM UTC",REDACTED ,Larceny/Theft Offenses,REDACTED ,missouri,"07/20/2026, 02:18:02 AM UTC",lookup,,
43fabd02-b26e-4af7-9ae4-19edac63e97b,Dalton Sterbenz,Lee's Summit MO PD,6207,"06/20/2026, 02:30:49 AM UTC
07/20/2026, 02:30:49 AM UTC",REDACTED ,Larceny/Theft Offenses,REDACTED ,,"07/20/2026, 02:17:51 AM UTC",lookup,,
69eda6a5-0050-460d-9530-fdb297cd8054,Dalton Sterbenz,Lee's Summit MO PD,6207,"06/20/2026, 02:30:12 AM UTC
07/20/2026, 02:30:12 AM UTC",REDACTED ,Motor Vehicle Theft/Stolen,REDACTED ,,"07/20/2026, 02:11:16 AM UTC",lookup,,
e649a062-3303-4dc9-895d-eeb3e6c02471,Jacob White,Lee's Summit MO PD,2,"06/20/2026, 02:00:16 AM UTC
07/20/2026, 02:00:16 AM UTC",REDACTED ,Wanted Person (Arrest Warrant/Fugitive),REDACTED ,,"07/20/2026, 01:47:01 AM UTC",lookup,,
e402b963-ddad-4b92-bbd4-0dc4f28dbe52,Jacob White,Lee's Summit MO PD,2,"06/20/2026, 02:00:16 AM UTC
07/20/2026, 02:00:16 AM UTC",REDACTED ,Wanted Person (Arrest Warrant/Fugitive),REDACTED ,,"07/20/2026, 01:32:24 AM UTC",lookup,,
7c1508f3-0e7f-43b2-b11d-9a59ace04357,Jacob White,Lee's Summit MO PD,2,"06/20/2026, 02:00:16 AM UTC
07/20/2026, 02:00:16 AM UTC",REDACTED ,Wanted Person (Arrest Warrant/Fugitive),REDACTED ,,"07/20/2026, 01:32:18 AM UTC",lookup,,
4e69d2d6-5b6c-4459-b4f1-d7fb28ec233f,Jacob White,Lee's Summit MO PD,2,"07/19/2026, 11:30:48 PM UTC
07/20/2026, 01:30:48 AM UTC",REDACTED ,Wanted Person (Arrest Warrant/Fugitive),REDACTED ,,"07/20/2026, 01:32:13 AM UTC",lookup,,
0051ff95-8a13-461c-b164-59c6cebf93aa,Jacob White,Lee's Summit MO PD,2,"07/19/2026, 11:30:48 PM UTC
07/20/2026, 01:30:48 AM UTC",REDACTED ,Wanted Person (Arrest Warrant/Fugitive),REDACTED ,,"07/20/2026, 01:32:04 AM UTC",lookup,,
d1ff03ca-e8ba-47b1-b365-16db9633f85c,Jonathan Cooley,Lee's Summit MO PD,2,"07/19/2026, 08:30:31 PM UTC
07/19/2026, 10:30:31 PM UTC",REDACTED ,Larceny/Theft Offenses,REDACTED ,missouri,"07/19/2026, 10:16:04 PM UTC",lookup,,
7907d2ca-cd98-49df-9a9a-6c2304e14b87,Dalton Sterbenz,Lee's Summit MO PD,6207,"07/12/2026, 10:30:08 PM UTC
07/19/2026, 10:30:08 PM UTC",REDACTED ,Larceny/Theft Offenses,REDACTED ,,"07/19/2026, 10:12:10 PM UTC",lookup,,
709765b0-9e05-4b22-92d8-ceb46e9031ed,Dalton Sterbenz,Lee's Summit MO PD,2,"07/19/2026, 08:30:48 PM UTC
07/19/2026, 10:30:48 PM UTC",REDACTED ,Larceny/Theft Offenses,REDACTED ,,"07/19/2026, 10:12:03 PM UTC",lookup,,
c95aacbd-03cd-4923-8e1e-4e238bd251db,Scott McMilian,Lee's Summit MO PD,1017,"07/18/2026, 04:00:53 AM UTC
07/19/2026, 04:00:53 AM UTC",REDACTED ,Hit and Run/Car Accident,REDACTED ,,"07/19/2026, 03:31:55 AM UTC",lookup,,
de666ca9-6dc7-4045-bfe5-b1ebcc6b95cc,Scott McMilian,Lee's Summit MO PD,1017,"07/18/2026, 04:00:24 AM UTC
07/19/2026, 04:00:24 AM UTC",REDACTED ,Hit and Run/Car Accident,REDACTED ,,"07/19/2026, 03:30:27 AM UTC",lookup,,
00a61854-ca0e-4c75-bd92-63bca4ff23c8,Scott McMilian,Lee's Summit MO PD,1017,"07/12/2026, 02:00:45 AM UTC
07/19/2026, 02:00:45 AM UTC",REDACTED ,Stolen Property Offenses,REDACTED ,,"07/19/2026, 01:34:20 AM UTC",lookup,,
7339e1f8-8648-433a-a6c9-c811cac7fa46,Scott McMilian,Lee's Summit MO PD,1017,"07/12/2026, 02:00:45 AM UTC
07/19/2026, 02:00:45 AM UTC",REDACTED ,Stolen Property Offenses,REDACTED ,,"07/19/2026, 01:33:47 AM UTC",lookup,,
617eb8db-2918-4e86-b859-4e20af329c4d,Scott McMilian,Lee's Summit MO PD,1017,"07/18/2026, 02:36:21 AM UTC
07/18/2026, 02:51:21 AM UTC",REDACTED ,Criminal Motor Vehicle Offense (incl. Road Rage/Reckless),REDACTED ,,"07/19/2026, 01:25:19 AM UTC",search,,
dab6fe26-82b1-405e-842e-5a56e931fd93,Dalton Sterbenz,Lee's Summit MO PD,2,"07/18/2026, 11:30:55 PM UTC
07/19/2026, 01:30:55 AM UTC",REDACTED ,Larceny/Theft Offenses,REDACTED ,,"07/19/2026, 01:25:07 AM UTC",lookup,,
4b398b01-e39a-4efd-a1d7-1987f2471f19,Scott McMilian,Lee's Summit MO PD,1017,"07/18/2026, 01:30:09 AM UTC
07/19/2026, 01:30:09 AM UTC",REDACTED ,Stolen Property Offenses,REDACTED ,,"07/19/2026, 01:23:11 AM UTC",lookup,,
fe6c7a74-6962-4bba-a880-d95dca11c39e,Scott McMilian,Lee's Summit MO PD,1017,"07/17/2026, 10:00:31 AM UTC
07/18/2026, 10:00:31 AM UTC",REDACTED ,Motor Vehicle Theft/Stolen,REDACTED ,,"07/19/2026, 12:46:47 AM UTC",lookup,,
d8d1152c-9f21-4f29-8767-3d66b80a1abd,Scott McMilian,Lee's Summit MO PD,2,"07/08/2026, 06:30:00 PM UTC
07/08/2026, 08:30:00 PM UTC",REDACTED ,Missing/Endangered Person/Runaway,REDACTED ,,"07/19/2026, 12:46:15 AM UTC",freeform,objectClass:vehicle RED MUSTANG,allow
c3232800-b3d4-4a66-8365-a61cd375e19e,Jordan McWhorter,Lee's Summit MO PD,6207,"06/19/2026, 12:30:16 AM UTC
07/19/2026, 12:30:16 AM UTC",REDACTED ,Larceny/Theft Offenses,REDACTED ,,"07/19/2026, 12:17:40 AM UTC",lookup,,
e2426a11-72aa-4cbf-ad1c-7d6513cde252,Jordan McWhorter,Lee's Summit MO PD,6207,"06/19/2026, 12:30:16 AM UTC
07/19/2026, 12:30:16 AM UTC",REDACTED ,Larceny/Theft Offenses,REDACTED ,,"07/19/2026, 12:17:17 AM UTC",lookup,,
3f660b7d-c1ec-4d67-bb93-97d221df0e47,Jordan McWhorter,Lee's Summit MO PD,350,"06/19/2026, 12:30:10 AM UTC
07/19/2026, 12:30:10 AM UTC",REDACTED ,Larceny/Theft Offenses,REDACTED ,,"07/19/2026, 12:17:12 AM UTC",lookup,,
c51898fb-6e01-468c-869d-8971afd1c2d3,Jordan McWhorter,Lee's Summit MO PD,350,"06/19/2026, 12:30:05 AM UTC
07/19/2026, 12:30:05 AM UTC",REDACTED ,Larceny/Theft Offenses,REDACTED ,,"07/19/2026, 12:17:08 AM UTC",lookup,,
3981da31-1026-4343-87ff-cbdffd6f0157,Jacob White,Lee's Summit MO PD,2,"06/18/2026, 10:30:12 PM UTC
07/18/2026, 10:30:12 PM UTC",REDACTED ,Wanted Person (Arrest Warrant/Fugitive),REDACTED ,,"07/18/2026, 10:20:14 PM UTC",lookup,,
645f41c7-154e-4191-8958-c030806cb592,Jonathan Cooley,Lee's Summit MO PD,2,"07/18/2026, 03:00:00 PM UTC
07/18/2026, 09:00:00 PM UTC",REDACTED ,Traffic Infraction,REDACTED ,missouri,"07/18/2026, 08:31:43 PM UTC",lookup,,
e5de17d0-f485-46d1-a176-c62de924724d,Jonathan Cooley,Lee's Summit MO PD,1017,"07/18/2026, 03:00:00 PM UTC
07/18/2026, 09:00:00 PM UTC",REDACTED ,Traffic Infraction,REDACTED ,missouri,"07/18/2026, 08:31:18 PM UTC",lookup,,
ade6ec6a-b549-41e4-8438-e9724d872110,Jonathan Cooley,Lee's Summit MO PD,1017,"07/18/2026, 07:00:23 PM UTC
07/18/2026, 09:00:23 PM UTC",REDACTED ,Traffic Infraction,REDACTED ,missouri,"07/18/2026, 08:30:39 PM UTC",lookup,,
b5016901-8945-49d5-ac27-d00aed9298e5,Mahmoud Albawwab,Lee's Summit MO PD,1017,"07/17/2026, 07:00:00 PM UTC
07/18/2026, 07:30:00 PM UTC",REDACTED ,Larceny/Theft Offenses,REDACTED ,,"07/18/2026, 07:20:46 PM UTC",lookup,,
fb82867d-cad1-4ee8-80fd-4300234f0da4,Clarinda Woods,Lee's Summit MO PD,1017,"06/18/2026, 07:30:32 PM UTC
07/18/2026, 07:30:32 PM UTC",REDACTED ,Trespass,REDACTED ,missouri,"07/18/2026, 07:14:37 PM UTC",lookup,,
bd0c82dd-23db-4e87-86f1-8bdf13474632,Clarinda Woods,Lee's Summit MO PD,1017,"07/18/2026, 05:30:12 PM UTC
07/18/2026, 07:30:12 PM UTC",REDACTED ,Trespass,REDACTED ,,"07/18/2026, 07:14:28 PM UTC",lookup,,
19522a50-209a-429f-b166-31ec7dc97809,Mahmoud Albawwab,Lee's Summit MO PD,1017,"07/17/2026, 07:00:11 PM UTC
07/18/2026, 07:00:11 PM UTC",REDACTED ,Larceny/Theft Offenses,REDACTED ,,"07/18/2026, 06:39:15 PM UTC",lookup,,
7d338e19-f4dc-4998-88d0-c370135e9372,Mahmoud Albawwab,Lee's Summit MO PD,1017,"07/17/2026, 06:30:03 PM UTC
07/18/2026, 06:30:03 PM UTC",REDACTED ,Larceny/Theft Offenses,REDACTED ,,"07/18/2026, 06:28:45 PM UTC",lookup,,
0e186390-6a56-4520-9901-3013fd685e9a,Chloe Crowdes,Lee's Summit MO PD,1017,"07/18/2026, 04:30:03 PM UTC
07/18/2026, 06:30:03 PM UTC",REDACTED ,Larceny/Theft Offenses - SHINGLE THEFT SUSPECTS,REDACTED ,,"07/18/2026, 06:25:52 PM UTC",lookup,,
812bbfd4-9cf9-4571-9013-7cf4ed7b9cbc,Mahmoud Albawwab,Lee's Summit MO PD,1017,"07/17/2026, 06:30:03 PM UTC
07/18/2026, 06:30:03 PM UTC",REDACTED ,Larceny/Theft Offenses,REDACTED ,,"07/18/2026, 06:22:57 PM UTC",lookup,,
ddd8b9eb-be91-4ff2-94ab-6c3f946aac8d,Chloe Crowdes,Lee's Summit MO PD,1017,"07/18/2026, 04:30:03 PM UTC
07/18/2026, 06:30:03 PM UTC",REDACTED ,Larceny/Theft Offenses - SHINGLE THEFT SUSPECTS,REDACTED ,,"07/18/2026, 06:22:15 PM UTC",lookup,,
a771789a-55f5-4120-9487-3354df192982,Mahmoud Albawwab,Lee's Summit MO PD,1017,"07/17/2026, 06:30:03 PM UTC
07/18/2026, 06:30:03 PM UTC",REDACTED ,Larceny/Theft Offenses,REDACTED ,,"07/18/2026, 06:18:31 PM UTC",lookup,,
89f02b66-dca1-40d4-bd1c-3348edfbdead,Chloe Crowdes,Lee's Summit MO PD,1017,"07/18/2026, 04:30:03 PM UTC
07/18/2026, 06:30:03 PM UTC",REDACTED ,Larceny/Theft Offenses - SHINGLE THEFT SUSPECTS,REDACTED ,,"07/18/2026, 06:17:18 PM UTC",lookup,,
9486f6ae-e270-4bcc-9208-52f62089dc04,Mahmoud Albawwab,Lee's Summit MO PD,1017,"07/17/2026, 06:30:03 PM UTC
07/18/2026, 06:30:03 PM UTC",REDACTED ,Larceny/Theft Offenses,REDACTED ,,"07/18/2026, 06:16:23 PM UTC",lookup,,
6fde7dbc-49c3-4af1-ab11-f5640797e7b5,Mahmoud Albawwab,Lee's Summit MO PD,1017,"07/17/2026, 06:30:03 PM UTC
07/18/2026, 06:30:03 PM UTC",REDACTED ,Larceny/Theft Offenses,REDACTED ,,"07/18/2026, 06:14:20 PM UTC",lookup,,
5ed3b71f-0ec0-4e6f-90d3-8fccc963a9a0,Chloe Crowdes,Lee's Summit MO PD,1017,"07/18/2026, 04:30:03 PM UTC
07/18/2026, 06:30:03 PM UTC",REDACTED ,Larceny/Theft Offenses - SHINGLE THEFT SUSPECTS,REDACTED ,,"07/18/2026, 06:13:30 PM UTC",lookup,,
8d4d39d9-b107-449d-93ad-4758c58b9ad0,Mahmoud Albawwab,Lee's Summit MO PD,1017,"07/17/2026, 06:30:03 PM UTC
07/18/2026, 06:30:03 PM UTC",REDACTED ,Larceny/Theft Offenses,REDACTED ,,"07/18/2026, 06:12:50 PM UTC",lookup,,
6e8fa30a-caa8-47b7-8fe2-f265ff4a0ec3,Mahmoud Albawwab,Lee's Summit MO PD,1017,"07/17/2026, 06:30:03 PM UTC
07/18/2026, 06:30:03 PM UTC",REDACTED ,Larceny/Theft Offenses,REDACTED ,,"07/18/2026, 06:05:30 PM UTC",lookup,,
aebd008b-72c4-4b41-a7ad-c747e94c282f,Mahmoud Albawwab,Lee's Summit MO PD,1017,"07/17/2026, 06:30:03 PM UTC
07/18/2026, 06:30:03 PM UTC",REDACTED ,Larceny/Theft Offenses,REDACTED ,,"07/18/2026, 06:03:56 PM UTC",lookup,,
e912f104-b55f-4ba1-9051-135cd102a5c0,Mahmoud Albawwab,Lee's Summit MO PD,1017,"07/17/2026, 06:30:03 PM UTC
07/18/2026, 06:30:03 PM UTC",REDACTED ,Larceny/Theft Offenses,REDACTED ,,"07/18/2026, 06:02:09 PM UTC",lookup,,
27d96792-c11c-462a-acc0-e26d77c70fa4,Scott McMilian,Lee's Summit MO PD,1,"07/18/2026, 10:16:56 AM UTC
07/18/2026, 10:17:02 AM UTC",REDACTED ,Assault/Battery Offenses,REDACTED ,,"07/18/2026, 12:15:52 PM UTC",search,,
579131dc-f539-4e7b-b5ca-9239bba4cbc1,Scott McMilian,Lee's Summit MO PD,6207,"06/18/2026, 12:13:34 PM UTC
07/18/2026, 12:13:34 PM UTC",REDACTED ,Assault/Battery Offenses,REDACTED ,,"07/18/2026, 12:13:37 PM UTC",lookup,,
2f8a52ba-4989-4e53-a790-e0d9e9fd77a3,Scott McMilian,Lee's Summit MO PD,6207,"07/18/2026, 10:30:13 AM UTC
07/18/2026, 12:30:13 PM UTC",REDACTED ,Wanted Person (Arrest Warrant/Fugitive),REDACTED ,,"07/18/2026, 12:12:27 PM UTC",lookup,,
14e2228f-c9bf-46bd-aefc-0a9e1b505a45,Scott McMilian,Lee's Summit MO PD,2,"07/18/2026, 10:23:04 AM UTC
07/18/2026, 10:23:10 AM UTC",REDACTED ,Assault/Battery Offenses,REDACTED ,,"07/18/2026, 12:11:32 PM UTC",visual,,
166ad218-d4d1-4236-afdb-375ab49ebd36,Scott McMilian,Lee's Summit MO PD,1,"07/18/2026, 10:23:04 AM UTC
07/18/2026, 10:23:10 AM UTC",REDACTED ,Assault/Battery Offenses,REDACTED ,,"07/18/2026, 12:11:06 PM UTC",search,,
26b2be70-46b5-4b4c-8395-fc3bca02846a,Scott McMilian,Lee's Summit MO PD,1017,"07/11/2026, 12:30:13 PM UTC
07/18/2026, 12:30:13 PM UTC",REDACTED ,Weapons Offense (Guns/Shots Fired),REDACTED ,FALSE,"07/18/2026, 12:10:18 PM UTC",convoy,,
341c9176-90b8-4024-b2aa-876f7d5818b2,Scott McMilian,Lee's Summit MO PD,1017,"07/17/2026, 12:30:54 PM UTC
07/18/2026, 12:30:54 PM UTC",REDACTED ,Weapons Offense (Guns/Shots Fired),REDACTED ,FALSE,"07/18/2026, 12:09:57 PM UTC",convoy,,
e6908c1b-5369-4a83-9608-0c3242c729a2,Scott McMilian,Lee's Summit MO PD,1,"07/18/2026, 10:09:25 AM UTC
07/18/2026, 10:09:31 AM UTC",REDACTED ,Weapons Offense (Guns/Shots Fired),REDACTED ,,"07/18/2026, 12:09:00 PM UTC",search,,
43301d69-55b8-4fcf-b348-2f2cc932df86,Scott McMilian,Lee's Summit MO PD,1,"07/18/2026, 10:04:07 AM UTC
07/18/2026, 10:04:13 AM UTC",REDACTED ,Weapons Offense (Guns/Shots Fired),REDACTED ,,"07/18/2026, 12:08:55 PM UTC",search,,
1635ff9c-f38d-4ebb-8230-07fd2af1f2a3,Scott McMilian,Lee's Summit MO PD,1017,"07/11/2026, 12:30:28 PM UTC
07/18/2026, 12:30:28 PM UTC",REDACTED ,Weapons Offense (Guns/Shots Fired),REDACTED ,,"07/18/2026, 12:08:29 PM UTC",lookup,,
2207c37d-f64a-422d-8336-169b7442e458,Scott McMilian,Lee's Summit MO PD,1,"07/18/2026, 10:23:04 AM UTC
07/18/2026, 10:23:10 AM UTC",REDACTED ,Assault/Battery Offenses,REDACTED ,,"07/18/2026, 11:53:05 AM UTC",search,,
e56c673a-dedb-400e-9feb-6e6171a96bfc,Scott McMilian,Lee's Summit MO PD,2,"07/18/2026, 06:00:35 AM UTC
07/18/2026, 12:00:35 PM UTC",REDACTED ,Assault/Battery Offenses,REDACTED ,,"07/18/2026, 11:52:40 AM UTC",freeform,objectClass:vehicle DODGE CHARGER,allow
c6da5dc2-0543-46f2-9e1d-5659ad87c618,Scott McMilian,Lee's Summit MO PD,6207,"06/18/2026, 11:50:34 AM UTC
07/18/2026, 11:50:34 AM UTC",REDACTED ,Assault/Battery Offenses,REDACTED ,,"07/18/2026, 11:50:37 AM UTC",lookup,,
d731d869-ec31-4275-8f40-3eb03d7f0514,Scott McMilian,Lee's Summit MO PD,6207,"06/18/2026, 11:49:48 AM UTC
07/18/2026, 11:49:48 AM UTC",REDACTED ,Assault/Battery Offenses,REDACTED ,,"07/18/2026, 11:49:52 AM UTC",lookup,,
736ec286-b22b-4d59-9fca-c146e128384a,Scott McMilian,Lee's Summit MO PD,6207,"06/18/2026, 11:49:00 AM UTC
07/18/2026, 11:49:00 AM UTC",REDACTED ,Assault/Battery Offenses,REDACTED ,,"07/18/2026, 11:49:04 AM UTC",lookup,,
974fc11e-d0e1-46e5-a05f-3a948230e0eb,Scott McMilian,Lee's Summit MO PD,6207,"06/18/2026, 11:21:54 AM UTC
07/18/2026, 11:21:54 AM UTC",REDACTED ,Assault/Battery Offenses,REDACTED ,,"07/18/2026, 11:22:15 AM UTC",lookup,,
6d483b94-1be3-4329-851c-6db149dca04c,Jake Christopherson,Lee's Summit MO PD,2,"07/18/2026, 09:30:00 AM UTC
07/18/2026, 10:55:00 AM UTC",REDACTED ,Weapons Offense (Guns/Shots Fired),REDACTED ,Jeep,"07/18/2026, 11:13:05 AM UTC",search,,
1df0a953-b7e7-47b1-ae46-adea8884a669,Scott McMilian,Lee's Summit MO PD,6207,"06/18/2026, 11:10:01 AM UTC
07/18/2026, 11:10:01 AM UTC",REDACTED ,Assault/Battery Offenses,REDACTED ,,"07/18/2026, 11:10:04 AM UTC",lookup,,
47d060e6-1411-4a79-a175-71ef6d0144c8,Scott McMilian,Lee's Summit MO PD,6207,"06/18/2026, 11:08:59 AM UTC
07/18/2026, 11:08:59 AM UTC",REDACTED ,Assault/Battery Offenses,REDACTED ,,"07/18/2026, 11:09:02 AM UTC",lookup,,
4dbd205b-f271-4608-aaa7-16f1c90e7ff8,Jake Christopherson,Lee's Summit MO PD,2,"07/18/2026, 09:30:00 AM UTC
07/18/2026, 10:55:00 AM UTC",REDACTED ,Weapons Offense (Guns/Shots Fired),REDACTED ,"Sedan, Coupe, Convertible, Hatchback, Wagon, Dodge","07/18/2026, 11:07:40 AM UTC",search,,
f3a62011-43f2-4544-a12f-6d5c4e2cfd48,Jake Christopherson,Lee's Summit MO PD,2,"07/18/2026, 09:30:17 AM UTC
07/18/2026, 11:30:17 AM UTC",REDACTED ,Weapons Offense (Guns/Shots Fired),REDACTED ,"Jeep, silver_grey, black","07/18/2026, 11:03:20 AM UTC",search,,
cb6e78ae-9194-4e63-81cc-26c8ccd8ae3a,Jake Christopherson,Lee's Summit MO PD,1017,"07/18/2026, 09:30:17 AM UTC
07/18/2026, 11:30:17 AM UTC",REDACTED ,Weapons Offense (Guns/Shots Fired),REDACTED ,"Jeep, silver_grey, black","07/18/2026, 11:02:36 AM UTC",search,,
c65da8d5-17c8-4ce6-b94d-ce11a66e5249,Jake Christopherson,Lee's Summit MO PD,1017,"07/18/2026, 09:30:17 AM UTC
07/18/2026, 11:30:17 AM UTC",REDACTED ,Weapons Offense (Guns/Shots Fired),REDACTED ,"Jeep, silver_grey, black, REDACTED","07/18/2026, 11:02:31 AM UTC",search,,
795a2719-b94a-43d4-a537-d2a5386c71bd,Jake Christopherson,Lee's Summit MO PD,1017,"07/18/2026, 09:30:17 AM UTC
07/18/2026, 11:30:17 AM UTC",REDACTED ,Weapons Offense (Guns/Shots Fired),REDACTED ,"Jeep, silver_grey, black, REDACTED","07/18/2026, 11:02:25 AM UTC",search,,
db6dace4-bc6f-4d30-9a78-ec3c996d58f0,Jake Christopherson,Lee's Summit MO PD,1017,"07/18/2026, 09:30:17 AM UTC
07/18/2026, 11:30:17 AM UTC",REDACTED ,Weapons Offense (Guns/Shots Fired),REDACTED ,"Jeep, silver_grey, black, REDACTED","07/18/2026, 11:01:14 AM UTC",search,,
b80837b3-92d3-493d-b20b-73f452710c3c,Jake Christopherson,Lee's Summit MO PD,1017,"07/18/2026, 09:30:17 AM UTC
07/18/2026, 11:30:17 AM UTC",REDACTED ,Weapons Offense (Guns/Shots Fired),REDACTED ,"Jeep, silver_grey, black","07/18/2026, 11:01:05 AM UTC",lookup,,
d2b5771d-818a-4791-8f82-612b10a6e725,Scott McMilian,Lee's Summit MO PD,1017,"07/18/2026, 09:50:00 AM UTC
07/18/2026, 10:30:00 AM UTC",REDACTED ,Assault/Battery Offenses,REDACTED ,,"07/18/2026, 10:50:42 AM UTC",search,,
e310be8e-6575-46f1-b6f4-799befe16168,Scott McMilian,Lee's Summit MO PD,2,"07/18/2026, 09:50:00 AM UTC
07/18/2026, 10:30:00 AM UTC",REDACTED ,Assault/Battery Offenses,REDACTED ,,"07/18/2026, 10:49:07 AM UTC",search,,
c9577ece-69b0-426c-aa83-6f925031b715,Scott McMilian,Lee's Summit MO PD,2,"07/18/2026, 09:00:28 AM UTC
07/18/2026, 11:00:28 AM UTC",REDACTED ,Assault/Battery Offenses,REDACTED ,Dodge,"07/18/2026, 10:45:31 AM UTC",search,,
cfa8a124-736a-4505-be8c-0a13d817ddca,Scott McMilian,Lee's Summit MO PD,6207,"06/18/2026, 10:43:48 AM UTC
07/18/2026, 10:43:48 AM UTC",REDACTED ,Assault/Battery Offenses,REDACTED ,,"07/18/2026, 10:43:52 AM UTC",lookup,,
86b93e53-ad88-4c93-9c54-7542ab5e3766,Scott McMilian,Lee's Summit MO PD,1017,"07/18/2026, 09:00:10 AM UTC
07/18/2026, 11:00:10 AM UTC",REDACTED ,Assault/Battery Offenses,REDACTED ,,"07/18/2026, 10:42:15 AM UTC",search,,
aa446199-da35-4f26-ac23-7c98ca53ae9e,Scott McMilian,Lee's Summit MO PD,2,"07/18/2026, 10:07:36 AM UTC
07/18/2026, 10:22:36 AM UTC",REDACTED ,Assault/Battery Offenses,REDACTED ,Jeep,"07/18/2026, 10:22:47 AM UTC",search,,
dbfe4328-0399-483d-be6a-6c9175945294,Jordan McWhorter,Lee's Summit MO PD,998,"07/17/2026, 10:05:55 AM UTC
07/18/2026, 10:05:55 AM UTC",REDACTED ,Motor Vehicle Theft/Stolen,REDACTED ,,"07/18/2026, 10:05:57 AM UTC",lookup - Mobile,,
639bab0a-5ed5-495e-af3f-939f63c9b252,Mahmoud Albawwab,Lee's Summit MO PD,998,"07/11/2026, 09:59:13 AM UTC
07/18/2026, 09:59:13 AM UTC",REDACTED ,Motor Vehicle Theft/Stolen,REDACTED ,,"07/18/2026, 09:59:15 AM UTC",lookup - Mobile,,
a8a27cf1-d517-40d8-a8fb-8c5bc5927bb9,Scott McMilian,Lee's Summit MO PD,1017,"07/17/2026, 10:00:31 AM UTC
07/18/2026, 10:00:31 AM UTC",REDACTED ,Motor Vehicle Theft/Stolen,REDACTED ,,"07/18/2026, 09:58:33 AM UTC",lookup,,
8b317f60-1df2-4b38-b6c1-9339a11abe1c,Lucas Devine,Lee's Summit MO PD,1017,"06/18/2026, 10:00:17 AM UTC
07/18/2026, 10:00:17 AM UTC",REDACTED ,Stolen Property Offenses - IDENTIFICATION,REDACTED ,"Chevrolet, red, missouri","07/18/2026, 09:55:13 AM UTC",lookup,,
8d6f0ca8-805b-492a-ba5e-cb883c4ef361,Lucas Devine,Lee's Summit MO PD,2,"06/18/2026, 10:00:17 AM UTC
07/18/2026, 10:00:17 AM UTC",REDACTED ,Stolen Property Offenses - IDENTIFICATION,REDACTED ,"Chevrolet, red, missouri","07/18/2026, 09:54:21 AM UTC",lookup,,
d5219478-97f6-4db5-b2c5-8421bd6a8934,Lucas Devine,Lee's Summit MO PD,2,"07/18/2026, 02:00:00 AM UTC
07/18/2026, 09:00:00 AM UTC",REDACTED ,Stolen Property Offenses - IDENTIFICATION,REDACTED ,"Chevrolet, red, missouri","07/18/2026, 09:54:10 AM UTC",lookup,,
46c24678-d9bc-4eb9-8f6f-c0c4b000e32c,Lucas Devine,Lee's Summit MO PD,2,"07/18/2026, 02:00:00 AM UTC
07/18/2026, 09:00:00 AM UTC",REDACTED ,Stolen Property Offenses - IDENTIFICATION,REDACTED ,"Chevrolet, red, missouri","07/18/2026, 09:54:01 AM UTC",lookup,,
6300c1ed-5a41-4aee-aa42-6f1ea61e1c6f,Scott McMilian,Lee's Summit MO PD,1,"07/18/2026, 07:58:06 AM UTC
07/18/2026, 07:58:12 AM UTC",REDACTED ,Motor Vehicle Theft/Stolen,REDACTED ,,"07/18/2026, 09:53:45 AM UTC",search,,
3d1a57a0-d233-4b01-9ce0-c8457f2869b9,Lucas Devine,Lee's Summit MO PD,2,"07/18/2026, 02:00:00 AM UTC
07/18/2026, 09:00:00 AM UTC",REDACTED ,Stolen Property Offenses - IDENTIFICATION,REDACTED ,"Chevrolet, red, missouri","07/18/2026, 09:53:21 AM UTC",lookup,,
db7b124f-7b67-4f8b-a8df-739513e1fea3,Lucas Devine,Lee's Summit MO PD,2,"07/18/2026, 02:00:00 AM UTC
07/18/2026, 09:00:00 AM UTC",REDACTED ,Stolen Property Offenses - IDENTIFICATION,REDACTED ,"Chevrolet, red, missouri","07/18/2026, 09:53:09 AM UTC",lookup,,
90870b4d-44eb-4e7b-a971-e59b5127a816,Scott McMilian,Lee's Summit MO PD,1017,"07/17/2026, 10:00:26 AM UTC
07/18/2026, 10:00:26 AM UTC",REDACTED ,Motor Vehicle Theft/Stolen,REDACTED ,,"07/18/2026, 09:53:08 AM UTC",lookup,,
f8536831-5420-4ffd-8852-dd0325caa694,Scott McMilian,Lee's Summit MO PD,1017,"07/17/2026, 10:00:39 AM UTC
07/18/2026, 10:00:39 AM UTC",REDACTED ,Motor Vehicle Theft/Stolen,REDACTED ,FALSE,"07/18/2026, 09:52:43 AM UTC",convoy,,
b73775a3-0c18-4644-9fac-0e8580b3a046,Gerard Tiedemann,Lee's Summit MO PD,2,"07/18/2026, 08:00:08 AM UTC
07/18/2026, 10:00:08 AM UTC",REDACTED ,Stolen Property Offenses,REDACTED ,,"07/18/2026, 09:51:33 AM UTC",lookup,,
49029b8b-50c4-4c10-bc77-bf1e7305d9f6,Scott McMilian,Lee's Summit MO PD,1,"07/18/2026, 07:58:06 AM UTC
07/18/2026, 07:58:12 AM UTC",REDACTED ,Motor Vehicle Theft/Stolen,REDACTED ,,"07/18/2026, 09:51:18 AM UTC",search,,
b9cf24c6-efb0-4287-9786-367693825291,Scott McMilian,Lee's Summit MO PD,1,"07/18/2026, 07:54:13 AM UTC
07/18/2026, 07:54:19 AM UTC",REDACTED ,Motor Vehicle Theft/Stolen,REDACTED ,,"07/18/2026, 09:50:57 AM UTC",search,,
092d464d-0d67-4555-86f9-dcc5b11ac026,Jordan McWhorter,Lee's Summit MO PD,998,"07/17/2026, 09:50:51 AM UTC
07/18/2026, 09:50:51 AM UTC",REDACTED ,Motor Vehicle Theft/Stolen,REDACTED ,,"07/18/2026, 09:50:52 AM UTC",lookup - Mobile,,
9ac05fa6-3cfb-4fd3-bd50-420007d1e396,Gerard Tiedemann,Lee's Summit MO PD,2,"07/18/2026, 08:00:08 AM UTC
07/18/2026, 10:00:08 AM UTC",REDACTED ,Alcohol Offenses (Non-DUI),REDACTED ,,"07/18/2026, 09:50:52 AM UTC",lookup,,
b434783d-b9b2-4ee9-8b61-d328809f77c7,Scott McMilian,Lee's Summit MO PD,1017,"07/17/2026, 10:00:26 AM UTC
07/18/2026, 10:00:26 AM UTC",REDACTED ,Motor Vehicle Theft/Stolen,REDACTED ,,"07/18/2026, 09:49:28 AM UTC",lookup,,
51304b78-c218-4f81-9891-fb9ead35f869,Azlen Metscher,Lee's Summit MO PD,6207,"06/18/2026, 09:30:09 AM UTC
07/18/2026, 09:30:09 AM UTC",REDACTED ,Wanted Person (Arrest Warrant/Fugitive),REDACTED ,missouri,"07/18/2026, 09:27:11 AM UTC",lookup,,
e81a1fa2-db14-41ed-a895-193bd308de5c,Azlen Metscher,Lee's Summit MO PD,6207,"06/18/2026, 09:30:59 AM UTC
07/18/2026, 09:30:59 AM UTC",REDACTED ,Wanted Person (Arrest Warrant/Fugitive),REDACTED ,missouri,"07/18/2026, 09:27:02 AM UTC",lookup,,
209af01c-7e7d-4a1b-a2a3-a93e37227bc1,Azlen Metscher,Lee's Summit MO PD,6207,"06/18/2026, 09:30:50 AM UTC
07/18/2026, 09:30:50 AM UTC",REDACTED ,Wanted Person (Arrest Warrant/Fugitive),REDACTED ,missouri,"07/18/2026, 09:26:52 AM UTC",lookup,,
80407cab-4f45-4059-a816-926b1b048968,Azlen Metscher,Lee's Summit MO PD,350,"06/18/2026, 09:30:26 AM UTC
07/18/2026, 09:30:26 AM UTC",REDACTED ,Wanted Person (Arrest Warrant/Fugitive),REDACTED ,missouri,"07/18/2026, 09:25:18 AM UTC",lookup,,
bdd7b442-2c51-4b72-992a-ce149968a225,Azlen Metscher,Lee's Summit MO PD,350,"06/18/2026, 09:30:26 AM UTC
07/18/2026, 09:30:26 AM UTC",REDACTED ,Wanted Person (Arrest Warrant/Fugitive),REDACTED ,missouri,"07/18/2026, 09:24:29 AM UTC",lookup,,
7edaf9b9-3886-450f-828b-c239a6bbfaaa,Azlen Metscher,Lee's Summit MO PD,1017,"07/18/2026, 07:30:08 AM UTC
07/18/2026, 09:30:08 AM UTC",REDACTED ,Wanted Person (Arrest Warrant/Fugitive),REDACTED ,missouri,"07/18/2026, 09:24:19 AM UTC",lookup,,
54b2a6c7-9d82-448f-b584-eda8df757e9d,Mahmoud Albawwab,Lee's Summit MO PD,998,"07/11/2026, 09:18:51 AM UTC
07/18/2026, 09:18:51 AM UTC",REDACTED ,Financial Crime (Embezzlement/Fraud),REDACTED ,,"07/18/2026, 09:18:54 AM UTC",lookup - Mobile,,
b00bbeb0-e1cf-487e-a76a-164b8237ef4e,Jacob White,Lee's Summit MO PD,2,"07/10/2026, 11:30:00 AM UTC
07/17/2026, 11:30:00 PM UTC",REDACTED ,Wanted Person (Arrest Warrant/Fugitive),REDACTED ,,"07/18/2026, 04:38:04 AM UTC",lookup,,
0a759e64-714a-4831-8683-89c443764de5,Jordan McWhorter,Lee's Summit MO PD,6206,"06/18/2026, 03:52:01 AM UTC
07/18/2026, 03:52:01 AM UTC",REDACTED ,Larceny/Theft Offenses,REDACTED ,,"07/18/2026, 03:52:04 AM UTC",lookup,,
2d4af383-b88e-4d60-8501-32e859ce6881,Jordan McWhorter,Lee's Summit MO PD,1017,"07/18/2026, 03:00:00 AM UTC
07/18/2026, 04:00:00 AM UTC",REDACTED ,Larceny/Theft Offenses,REDACTED ,"SUV, Ford, red","07/18/2026, 03:51:56 AM UTC",search,,
3a6d6d3d-d2f3-4d09-a096-911948cea1fd,Jordan McWhorter,Lee's Summit MO PD,6206,"06/18/2026, 03:50:46 AM UTC
07/18/2026, 03:50:46 AM UTC",REDACTED ,Larceny/Theft Offenses,REDACTED ,,"07/18/2026, 03:50:50 AM UTC",lookup,,
166063e1-e24f-4f3c-a655-300ab19f153e,Jordan McWhorter,Lee's Summit MO PD,1017,"07/18/2026, 03:00:00 AM UTC
07/18/2026, 04:00:00 AM UTC",REDACTED ,Larceny/Theft Offenses,REDACTED ,"SUV, Ford, red","07/18/2026, 03:50:42 AM UTC",search,,
ee517d4e-271d-475c-a782-809e4394934e,Jordan McWhorter,Lee's Summit MO PD,1017,"07/17/2026, 09:00:00 PM UTC
07/18/2026, 04:00:00 AM UTC",REDACTED ,Larceny/Theft Offenses,REDACTED ,"SUV, Ford, red","07/18/2026, 03:50:17 AM UTC",search,,
ad0dc815-1c23-42fc-84b7-d16e9b5c2b2a,Andrew Ewing,Lee's Summit MO PD,1018,"07/18/2026, 02:55:00 AM UTC
07/18/2026, 03:00:00 AM UTC",REDACTED ,Traffic Infraction,REDACTED ,,"07/18/2026, 03:01:59 AM UTC",search,,
45c19cbd-6bdf-4e11-aa15-70dd165ec330,Andrew Ewing,Lee's Summit MO PD,1018,"07/18/2026, 02:55:00 AM UTC
07/18/2026, 03:00:00 AM UTC",REDACTED ,Traffic Infraction,REDACTED ,,"07/18/2026, 03:01:55 AM UTC",search,,
71c155c5-faa7-48b6-9ba1-aa0b00d4cbe5,Andrew Ewing,Lee's Summit MO PD,1018,"07/18/2026, 02:55:00 AM UTC
07/18/2026, 03:36:00 AM UTC",REDACTED ,Traffic Infraction,REDACTED ,,"07/18/2026, 03:01:44 AM UTC",search,,
47412ef3-f103-49d5-97a8-a61860f57873,Scott McMilian,Lee's Summit MO PD,6206,"06/18/2026, 02:53:21 AM UTC
07/18/2026, 02:53:21 AM UTC",REDACTED ,Criminal Motor Vehicle Offense (incl. Road Rage/Reckless),REDACTED ,,"07/18/2026, 02:53:25 AM UTC",lookup,,
9407f961-9a84-4f93-b33f-3d3f59793f31,Andrew Ewing,Lee's Summit MO PD,1018,"07/18/2026, 02:36:43 AM UTC
07/18/2026, 02:51:43 AM UTC",REDACTED ,Traffic Infraction,REDACTED ,,"07/18/2026, 02:52:36 AM UTC",search,,
75316cc7-8024-4c96-9bd0-1ee08a4d5f58,Scott McMilian,Lee's Summit MO PD,1017,"07/18/2026, 02:36:21 AM UTC
07/18/2026, 02:51:21 AM UTC",REDACTED ,Criminal Motor Vehicle Offense (incl. Road Rage/Reckless),REDACTED ,,"07/18/2026, 02:51:56 AM UTC",search,,
0bf9ba0a-f159-435d-8fbe-a26c6d0e0bd8,Andrew Ewing,Lee's Summit MO PD,2,"07/17/2026, 03:00:16 AM UTC
07/18/2026, 03:00:16 AM UTC",REDACTED ,Traffic Infraction,REDACTED ,,"07/18/2026, 02:49:32 AM UTC",lookup,,
687f71f9-bff8-48cd-8761-7070a81d8fbb,Andrew Ewing,Lee's Summit MO PD,2,"07/17/2026, 03:00:16 AM UTC
07/18/2026, 03:00:16 AM UTC",REDACTED ,Traffic Infraction,REDACTED ,,"07/18/2026, 02:49:18 AM UTC",lookup,,
f51e2cc9-8140-428d-8d0b-bf2b54df7215,Andrew Ewing,Lee's Summit MO PD,2,"07/18/2026, 01:00:31 AM UTC
07/18/2026, 03:00:31 AM UTC",REDACTED ,Traffic Infraction,REDACTED ,??5?2N,"07/18/2026, 02:48:29 AM UTC",search,,
f5e02c61-9c9b-4b50-ac66-134e7eda01a6,Andrew Ewing,Lee's Summit MO PD,2,"07/18/2026, 01:00:31 AM UTC
07/18/2026, 03:00:31 AM UTC",REDACTED ,Traffic Infraction,REDACTED ,????2N,"07/18/2026, 02:47:32 AM UTC",search,,
832d4422-b3a5-47cc-9927-0c97889acd79,Andrew Ewing,Lee's Summit MO PD,2,"07/18/2026, 01:00:21 AM UTC
07/18/2026, 03:00:21 AM UTC",REDACTED ,Traffic Infraction,REDACTED ,"Buick, ????2N","07/18/2026, 02:47:26 AM UTC",search,,
23da5416-6ad2-4875-8b21-6329710e6564,Andrew Ewing,Lee's Summit MO PD,1018,"07/11/2026, 03:00:28 AM UTC
07/18/2026, 03:00:28 AM UTC",REDACTED ,Traffic Infraction,REDACTED ,,"07/18/2026, 02:41:58 AM UTC",lookup,,
3ff27eb6-c38a-4c76-abb3-5475782cbcb3,Andrew Ewing,Lee's Summit MO PD,1018,"07/11/2026, 03:00:28 AM UTC
07/18/2026, 03:00:28 AM UTC",REDACTED ,Traffic Infraction,REDACTED ,,"07/18/2026, 02:41:30 AM UTC",lookup,,
cfdb5fce-d586-44f8-987c-0841b62b915d,Andrew Ewing,Lee's Summit MO PD,1018,"07/11/2026, 04:00:00 AM UTC
07/11/2026, 04:30:00 AM UTC",REDACTED ,Traffic Infraction,REDACTED ,,"07/18/2026, 02:39:38 AM UTC",search,,
3369540e-175c-4bf0-8657-cf8e6136d55c,Andrew Ewing,Lee's Summit MO PD,1018,"07/11/2026, 04:00:00 AM UTC
07/11/2026, 04:30:00 AM UTC",REDACTED ,Traffic Infraction,REDACTED ,,"07/18/2026, 02:39:09 AM UTC",search,,
acb66b72-abbd-4a93-bad6-e938b448e8d5,Jacob White,Lee's Summit MO PD,2,"07/10/2026, 11:30:00 AM UTC
07/17/2026, 11:30:00 PM UTC",REDACTED ,Wanted Person (Arrest Warrant/Fugitive),REDACTED ,,"07/18/2026, 02:26:52 AM UTC",lookup,,
32bb0824-e4e1-4698-add6-a308e5728a41,Andrew Ewing,Lee's Summit MO PD,1018,"07/17/2026, 02:30:28 AM UTC
07/18/2026, 02:30:28 AM UTC",REDACTED ,Drugs/Narcotics,REDACTED ,,"07/18/2026, 02:26:30 AM UTC",lookup,,
d54a0fea-c14d-4afd-b8b5-d8d888386ca3,Andrew Ewing,Lee's Summit MO PD,1018,"07/04/2026, 02:30:27 AM UTC
07/18/2026, 02:30:27 AM UTC",REDACTED ,Drugs/Narcotics,REDACTED ,,"07/18/2026, 02:22:29 AM UTC",lookup,,
a70d764b-8a2a-44e9-9b78-470e56d9bfed,Andrew Ewing,Lee's Summit MO PD,1018,"07/11/2026, 02:30:54 AM UTC
07/18/2026, 02:30:54 AM UTC",REDACTED ,Drugs/Narcotics,REDACTED ,,"07/18/2026, 02:21:56 AM UTC",lookup,,
6a2e9251-e097-40a7-b621-a7e25f44b3e6,Andrew Ewing,Lee's Summit MO PD,1018,"07/17/2026, 02:30:49 AM UTC
07/18/2026, 02:30:49 AM UTC",REDACTED ,Drugs/Narcotics,REDACTED ,,"07/18/2026, 02:21:51 AM UTC",lookup,,
c3df7951-a43e-4596-9797-6254cf4dd721,Andrew Ewing,Lee's Summit MO PD,1018,"07/11/2026, 02:30:40 AM UTC
07/18/2026, 02:30:40 AM UTC",REDACTED ,Drugs/Narcotics,REDACTED ,,"07/18/2026, 02:20:42 AM UTC",lookup,,
02b9fb34-7cc6-4748-8a76-54b1e4d54b7c,Andrew Ewing,Lee's Summit MO PD,1018,"07/17/2026, 02:30:24 AM UTC
07/18/2026, 02:30:24 AM UTC",REDACTED ,Drugs/Narcotics,REDACTED ,,"07/18/2026, 02:20:26 AM UTC",lookup,,
3fbff1f3-5d84-4e35-9a5f-d16d0c1914b7,Andrew Ewing,Lee's Summit MO PD,2,"07/17/2026, 02:30:13 AM UTC
07/18/2026, 02:30:13 AM UTC",REDACTED ,Drugs/Narcotics,REDACTED ,,"07/18/2026, 02:20:15 AM UTC",lookup,,
4230ff58-3d34-40e6-bb03-ecea870f0f8b,Jacob White,Lee's Summit MO PD,2,"07/10/2026, 11:30:00 AM UTC
07/17/2026, 11:30:00 PM UTC",REDACTED ,Wanted Person (Arrest Warrant/Fugitive),REDACTED ,,"07/18/2026, 02:18:09 AM UTC",lookup,,
3577b535-a333-40cc-8682-9e42b538d2d1,Jacob White,Lee's Summit MO PD,2,"07/10/2026, 11:30:00 AM UTC
07/17/2026, 11:30:00 PM UTC",REDACTED ,Wanted Person (Arrest Warrant/Fugitive),REDACTED ,,"07/18/2026, 02:02:32 AM UTC",lookup,,
ba964f06-0ff3-41e6-8534-2b12f36e0bdf,Jacob White,Lee's Summit MO PD,2,"07/10/2026, 11:30:00 AM UTC
07/17/2026, 11:30:00 PM UTC",REDACTED ,Wanted Person (Arrest Warrant/Fugitive),REDACTED ,,"07/18/2026, 01:59:15 AM UTC",lookup,,
27fcbbef-c451-453a-b1d6-7f762e53c27f,Jacob White,Lee's Summit MO PD,1017,"07/10/2026, 11:30:00 AM UTC
07/17/2026, 11:30:00 PM UTC",REDACTED ,Wanted Person (Arrest Warrant/Fugitive),REDACTED ,,"07/18/2026, 01:58:47 AM UTC",lookup,,
a2a58e3b-6a00-4fb8-96a9-45ee66d917b5,Jacob White,Lee's Summit MO PD,2,"07/10/2026, 11:30:00 AM UTC
07/17/2026, 11:30:00 PM UTC",REDACTED ,Wanted Person (Arrest Warrant/Fugitive),REDACTED ,,"07/18/2026, 01:58:38 AM UTC",lookup,,
728bdb71-b038-49f4-938c-241eeca81867,Jacob White,Lee's Summit MO PD,2,"07/10/2026, 11:30:00 AM UTC
07/17/2026, 11:30:00 PM UTC",REDACTED ,Wanted Person (Arrest Warrant/Fugitive),REDACTED ,,"07/18/2026, 01:51:51 AM UTC",lookup,,
5f5f25ae-9a78-4ebf-8f6b-f288551da0a7,Jacob White,Lee's Summit MO PD,2,"07/10/2026, 11:30:00 AM UTC
07/17/2026, 11:30:00 PM UTC",REDACTED ,Wanted Person (Arrest Warrant/Fugitive),REDACTED ,,"07/18/2026, 01:51:27 AM UTC",lookup,,
a6769863-59d7-496b-9522-ed712429c4f8,Scott McMilian,Lee's Summit MO PD,2,"07/08/2026, 06:30:00 PM UTC
07/08/2026, 08:30:00 PM UTC",REDACTED ,Missing/Endangered Person/Runaway,REDACTED ,,"07/18/2026, 01:49:17 AM UTC",freeform,objectClass:vehicle RED MUSTANG,allow
44f0f2d5-02af-4f55-82a1-7f61cb97be49,Jacob White,Lee's Summit MO PD,2,"07/10/2026, 11:30:00 AM UTC
07/17/2026, 11:30:00 PM UTC",REDACTED ,Wanted Person (Arrest Warrant/Fugitive),REDACTED ,,"07/18/2026, 01:47:00 AM UTC",lookup,,
ed211723-634d-4651-88a9-15b5dff1a136,Jacob White,Lee's Summit MO PD,2,"07/10/2026, 11:30:00 AM UTC
07/17/2026, 11:30:00 PM UTC",REDACTED ,Wanted Person (Arrest Warrant/Fugitive),REDACTED ,,"07/18/2026, 01:42:27 AM UTC",lookup,,
3a233cac-21e0-4476-af5c-878b2f7c32f1,Jacob White,Lee's Summit MO PD,2,"07/10/2026, 11:30:00 AM UTC
07/17/2026, 11:30:00 PM UTC",REDACTED ,Wanted Person (Arrest Warrant/Fugitive),REDACTED ,,"07/18/2026, 01:38:40 AM UTC",lookup,,
c82448a8-2371-4f53-8cd4-0db90d9b2806,Jacob White,Lee's Summit MO PD,2,"07/10/2026, 11:30:00 AM UTC
07/17/2026, 11:30:00 PM UTC",REDACTED ,Wanted Person (Arrest Warrant/Fugitive),REDACTED ,,"07/18/2026, 01:30:43 AM UTC",lookup,,
b0ae2e43-0d3f-44a6-bec6-ed9a77185b2f,Jacob White,Lee's Summit MO PD,2,"07/10/2026, 11:30:00 AM UTC
07/17/2026, 11:30:00 PM UTC",REDACTED ,Wanted Person (Arrest Warrant/Fugitive),REDACTED ,,"07/18/2026, 12:06:37 AM UTC",lookup,,
63331397-16df-4cc5-a266-1422657eab10,Jacob White,Lee's Summit MO PD,2,"07/10/2026, 11:30:00 AM UTC
07/17/2026, 11:30:00 PM UTC",REDACTED ,Wanted Person (Arrest Warrant/Fugitive),REDACTED ,,"07/17/2026, 11:57:40 PM UTC",lookup,,
2434ef68-e9d2-455f-b638-47521803ed26,Jacob White,Lee's Summit MO PD,2,"07/10/2026, 11:30:00 AM UTC
07/17/2026, 11:30:00 PM UTC",REDACTED ,Wanted Person (Arrest Warrant/Fugitive),REDACTED ,,"07/17/2026, 11:51:32 PM UTC",lookup,,
41635c6f-f4b1-4380-ae9d-365925d84b9c,Jacob White,Lee's Summit MO PD,2,"07/10/2026, 11:30:00 AM UTC
07/17/2026, 11:30:00 PM UTC",REDACTED ,Wanted Person (Arrest Warrant/Fugitive),REDACTED ,,"07/17/2026, 11:49:39 PM UTC",lookup,,
f592a2d9-2fba-4d57-9b65-4cc4052fb85a,Jacob White,Lee's Summit MO PD,2,"07/10/2026, 11:30:00 AM UTC
07/17/2026, 11:30:00 PM UTC",REDACTED ,Wanted Person (Arrest Warrant/Fugitive),REDACTED ,,"07/17/2026, 11:39:13 PM UTC",lookup,,
e69e95bd-27f1-48c3-b072-eafb478d4cf8,Andrew Ewing,Lee's Summit MO PD,2,"07/17/2026, 12:00:45 AM UTC
07/18/2026, 12:00:45 AM UTC",REDACTED ,Traffic Infraction,REDACTED ,,"07/17/2026, 11:36:47 PM UTC",lookup,,
4d1b8f39-c922-4983-8824-9ae8e2f41cfa,Andrew Ewing,Lee's Summit MO PD,2,"07/16/2026, 11:30:15 PM UTC
07/17/2026, 11:30:15 PM UTC",REDACTED ,Traffic Infraction,REDACTED ,,"07/17/2026, 11:36:39 PM UTC",lookup,,
02df23fb-2084-430c-be59-c833edff77f3,Jacob White,Lee's Summit MO PD,2,"07/10/2026, 11:30:00 AM UTC
07/17/2026, 11:30:00 PM UTC",REDACTED ,Wanted Person (Arrest Warrant/Fugitive),REDACTED ,,"07/17/2026, 11:35:41 PM UTC",lookup,,
4cc2eacd-d387-4d1e-b02e-0429276e8116,Jacob White,Lee's Summit MO PD,2,"07/10/2026, 11:30:00 AM UTC
07/17/2026, 11:30:00 PM UTC",REDACTED ,Wanted Person (Arrest Warrant/Fugitive),REDACTED ,,"07/17/2026, 11:35:04 PM UTC",lookup,,
c301d218-bb07-4718-abb6-3b99ca27dcdc,Jacob White,Lee's Summit MO PD,2,"07/10/2026, 11:30:00 AM UTC
07/17/2026, 11:30:00 PM UTC",REDACTED ,Wanted Person (Arrest Warrant/Fugitive),REDACTED ,,"07/17/2026, 11:34:48 PM UTC",lookup,,
aa191948-14e0-4ceb-a59d-65e7700108d1,Jacob White,Lee's Summit MO PD,2,"07/10/2026, 11:30:00 AM UTC
07/17/2026, 11:30:00 PM UTC",REDACTED ,Wanted Person (Arrest Warrant/Fugitive),REDACTED ,,"07/17/2026, 11:33:32 PM UTC",lookup,,
ec6c9ce7-dfc9-44ce-ac93-28897d984e88,Jacob White,Lee's Summit MO PD,2,"07/10/2026, 11:30:00 AM UTC
07/17/2026, 11:30:00 PM UTC",REDACTED ,Wanted Person (Arrest Warrant/Fugitive),REDACTED ,,"07/17/2026, 11:33:18 PM UTC",lookup,,
7a4c1928-ed87-4c8f-b146-b5b27012fba4,Jacob White,Lee's Summit MO PD,2,"07/10/2026, 11:30:00 AM UTC
07/17/2026, 11:30:00 PM UTC",REDACTED ,Wanted Person (Arrest Warrant/Fugitive),REDACTED ,,"07/17/2026, 11:25:12 PM UTC",lookup,,
9cc73b75-97f7-498f-94f3-cdce0d566b8d,Jacob White,Lee's Summit MO PD,2,"07/10/2026, 11:30:00 AM UTC
07/17/2026, 11:30:00 PM UTC",REDACTED ,Wanted Person (Arrest Warrant/Fugitive),REDACTED ,,"07/17/2026, 11:19:16 PM UTC",lookup,,
b65fe801-1d9e-4041-a22f-4e8dd824d298,Andrew Ewing,Lee's Summit MO PD,2,"07/16/2026, 11:30:15 PM UTC
07/17/2026, 11:30:15 PM UTC",REDACTED ,Traffic Infraction,REDACTED ,,"07/17/2026, 11:17:50 PM UTC",lookup,,
a06b2fe4-8c63-4291-b68e-35f98ec668d0,Brent Evans,Lee's Summit MO PD,994,"07/16/2026, 11:17:38 PM UTC
07/17/2026, 11:17:38 PM UTC",REDACTED ,Wanted Person (Arrest Warrant/Fugitive),REDACTED ,,"07/17/2026, 11:17:41 PM UTC",lookup - Mobile,,
7fa8b5d0-fdeb-4b28-970a-3f81daa878e5,Jacob White,Lee's Summit MO PD,2,"07/10/2026, 11:30:17 PM UTC
07/17/2026, 11:30:17 PM UTC",REDACTED ,Wanted Person (Arrest Warrant/Fugitive),REDACTED ,,"07/17/2026, 11:17:19 PM UTC",lookup,,
0ded4551-e314-44c7-9924-298f0cf92c8e,Jacob White,Lee's Summit MO PD,2,"07/16/2026, 11:00:30 PM UTC
07/17/2026, 11:00:30 PM UTC",REDACTED ,Wanted Person (Arrest Warrant/Fugitive),REDACTED ,,"07/17/2026, 11:14:46 PM UTC",lookup,,
a2b9f2b0-edd7-49ad-928b-ada15bc8a1a5,Andrew Ewing,Lee's Summit MO PD,2,"07/16/2026, 11:30:15 PM UTC
07/17/2026, 11:30:15 PM UTC",REDACTED ,Traffic Infraction,REDACTED ,,"07/17/2026, 11:14:18 PM UTC",lookup,,
83b62b1f-f182-41ba-b4e5-27755265a57b,Andrew Ewing,Lee's Summit MO PD,2,"07/16/2026, 11:30:45 PM UTC
07/17/2026, 11:30:45 PM UTC",REDACTED ,Traffic Infraction,REDACTED ,,"07/17/2026, 11:14:10 PM UTC",lookup,,
30761641-fca4-404d-ac93-fd3ced74cd11,Andrew Ewing,Lee's Summit MO PD,2,"07/16/2026, 11:30:45 PM UTC
07/17/2026, 11:30:45 PM UTC",REDACTED ,Traffic Infraction,REDACTED ,,"07/17/2026, 11:12:34 PM UTC",lookup,,
3709a1b4-ada3-4915-ab17-76ed2792b08a,Andrew Ewing,Lee's Summit MO PD,2,"07/16/2026, 11:30:45 PM UTC
07/17/2026, 11:30:45 PM UTC",REDACTED ,Traffic Infraction,REDACTED ,,"07/17/2026, 11:10:47 PM UTC",lookup,,
ff3dfe9e-f9e4-4ebd-a909-e1f10bc361eb,Andrew Ewing,Lee's Summit MO PD,2,"07/16/2026, 11:30:49 PM UTC
07/17/2026, 11:30:49 PM UTC",REDACTED ,Traffic Infraction,REDACTED ,,"07/17/2026, 11:08:01 PM UTC",lookup,,
c3fa5a6c-31ed-4c8c-9a92-8247b1bc27bd,Jacob White,Lee's Summit MO PD,2,"07/16/2026, 11:00:30 PM UTC
07/17/2026, 11:00:30 PM UTC",REDACTED ,Wanted Person (Arrest Warrant/Fugitive),REDACTED ,,"07/17/2026, 11:06:31 PM UTC",lookup,,
98cee6da-7d8c-4147-b8f4-af5e95002b16,Andrew Ewing,Lee's Summit MO PD,2,"07/16/2026, 11:30:49 PM UTC
07/17/2026, 11:30:49 PM UTC",REDACTED ,Traffic Infraction,REDACTED ,,"07/17/2026, 11:05:50 PM UTC",lookup,,
a664a5c8-34db-43c7-a8e9-7c441200795c,Andrew Ewing,Lee's Summit MO PD,2,"07/16/2026, 11:30:26 PM UTC
07/17/2026, 11:30:26 PM UTC",REDACTED ,Traffic Infraction,REDACTED ,,"07/17/2026, 11:05:28 PM UTC",lookup,,
7e237966-dc23-411f-b159-824d38d4dd85,Andrew Ewing,Lee's Summit MO PD,2,"07/16/2026, 11:30:47 PM UTC
07/17/2026, 11:30:47 PM UTC",REDACTED ,Traffic Infraction,REDACTED ,,"07/17/2026, 11:04:49 PM UTC",lookup,,
6b429e4a-0e9b-4a61-b0ab-50360a59122c,Jacob White,Lee's Summit MO PD,2,"07/16/2026, 11:00:30 PM UTC
07/17/2026, 11:00:30 PM UTC",REDACTED ,Wanted Person (Arrest Warrant/Fugitive),REDACTED ,,"07/17/2026, 11:03:43 PM UTC",lookup,,
26e84bd9-8e61-4563-bd11-241b7b634f45,Jacob White,Lee's Summit MO PD,2,"07/16/2026, 11:00:30 PM UTC
07/17/2026, 11:00:30 PM UTC",REDACTED ,Wanted Person (Arrest Warrant/Fugitive),REDACTED ,,"07/17/2026, 10:57:32 PM UTC",lookup,,
f5a37de8-de52-4b5a-97d5-78a735879b90,Jonathan Cooley,Lee's Summit MO PD,1017,"07/17/2026, 08:00:37 PM UTC
07/17/2026, 10:00:37 PM UTC",REDACTED ,Hit and Run/Car Accident,REDACTED ,"Sedan, white","07/17/2026, 09:33:51 PM UTC",search,,
90cbb0ba-a527-47d4-bd77-b392d6ed4b4d,Andrew Ewing,Lee's Summit MO PD,2,"07/17/2026, 09:04:00 PM UTC
07/17/2026, 09:19:00 PM UTC",REDACTED ,Obstructing the Police (Fleeing/Eluding),REDACTED ,,"07/17/2026, 09:19:31 PM UTC",freeform,objectClass:vehicle BLACK LAND ROVER,allow
9e16871d-ad2f-49a7-9e8a-8860f299f993,Andrew Ewing,Lee's Summit MO PD,2,"07/17/2026, 09:04:00 PM UTC
07/17/2026, 09:19:00 PM UTC",REDACTED ,Obstructing the Police (Fleeing/Eluding),REDACTED ,,"07/17/2026, 09:19:04 PM UTC",freeform,objectClass:vehicle BLACK LAND ROVER,allow
02ba98fe-ac59-4fc5-9e58-2b05fae15a17,Andrew Ewing,Lee's Summit MO PD,2,"07/17/2026, 03:30:00 PM UTC
07/17/2026, 05:00:00 PM UTC",REDACTED ,Larceny/Theft Offenses,REDACTED ,,"07/17/2026, 09:08:30 PM UTC",freeform,objectClass:vehicle BLACK PICKUP TRUCK WITH TRASH CAN IN BED,allow
2dde5079-e5cf-49f4-a54a-e94d8c4b89aa,Andrew Ewing,Lee's Summit MO PD,2,"07/17/2026, 03:30:00 PM UTC
07/17/2026, 05:00:00 PM UTC",REDACTED ,Larceny/Theft Offenses,REDACTED ,,"07/17/2026, 09:08:18 PM UTC",freeform,objectClass:vehicle BLACK PICKUP TRUCK WITH TRASH CAN IN BED,allow
cad2b262-2fb5-4a53-85d4-96f6dfcf319a,Andrew Ewing,Lee's Summit MO PD,2,"07/17/2026, 03:10:00 PM UTC
07/17/2026, 04:30:00 PM UTC",REDACTED ,Larceny/Theft Offenses,REDACTED ,,"07/17/2026, 09:04:52 PM UTC",freeform,objectClass:vehicle BLACK PICKUP TRUCK WITH TRASH CAN IN BED,allow
ebe07676-4312-49a1-818c-34fcebb00e34,Amanda Schulte,Lee's Summit MO PD,2,"07/16/2026, 08:00:00 PM UTC
07/16/2026, 10:00:00 PM UTC",REDACTED ,Wanted Person (Arrest Warrant/Fugitive) - US MARSHALS  AOA,REDACTED ,,"07/17/2026, 07:44:34 PM UTC",freeform,objectClass:vehicle black dodge ram,allow
17a9f1b2-694f-46b4-91e8-e75974beabda,Amanda Schulte,Lee's Summit MO PD,2,"07/16/2026, 05:00:00 PM UTC
07/16/2026, 09:00:00 PM UTC",REDACTED ,Wanted Person (Arrest Warrant/Fugitive) - US MARSHALS  AOA,REDACTED ,"Pickup, Dodge, black","07/17/2026, 07:42:34 PM UTC",search,,
4b05a1ec-6b37-4982-a724-21010615c30b,Amanda Schulte,Lee's Summit MO PD,1019,"07/16/2026, 07:30:00 PM UTC
07/16/2026, 09:15:00 PM UTC",REDACTED ,Wanted Person (Arrest Warrant/Fugitive) - US MARSHALS  AOA,REDACTED ,"Pickup, Dodge, black","07/17/2026, 07:40:20 PM UTC",search,,
622223ef-7cbe-457f-bcc7-95ebfd87ab98,Amanda Schulte,Lee's Summit MO PD,2,"07/16/2026, 07:50:00 PM UTC
07/16/2026, 08:30:00 PM UTC",REDACTED ,Wanted Person (Arrest Warrant/Fugitive) - US MARSHALS  AOA,REDACTED ,"Pickup, Dodge, black","07/17/2026, 07:39:23 PM UTC",search,,
df726193-2372-4361-8e4c-5089f80df976,Amanda Schulte,Lee's Summit MO PD,1019,"07/16/2026, 07:50:00 PM UTC
07/16/2026, 08:10:00 PM UTC",REDACTED ,Wanted Person (Arrest Warrant/Fugitive) - US MARSHALS  AOA,REDACTED ,"Pickup, Dodge, black","07/17/2026, 07:38:31 PM UTC",search,,
d1fa7ba0-d705-49d9-b5ed-be5057ad7977,Amanda Schulte,Lee's Summit MO PD,1019,"07/16/2026, 07:50:00 PM UTC
07/16/2026, 08:10:00 PM UTC",REDACTED ,Wanted Person (Arrest Warrant/Fugitive) - US MARSHALS  AOA,REDACTED ,"Dodge, black","07/17/2026, 07:37:46 PM UTC",search,,
c6dc0e0c-9f36-475a-b261-f38703efd19e,Amanda Schulte,Lee's Summit MO PD,1019,"07/16/2026, 07:50:00 PM UTC
07/16/2026, 08:10:00 PM UTC",REDACTED ,Wanted Person (Arrest Warrant/Fugitive) - US MARSHALS  AOA,REDACTED ,"Pickup, Dodge, black","07/17/2026, 07:37:31 PM UTC",search,,
d311ed7a-2148-4111-855a-c8dc5610c0a9,Amanda Schulte,Lee's Summit MO PD,3,"07/16/2026, 07:30:00 PM UTC
07/16/2026, 08:00:00 PM UTC",REDACTED ,Wanted Person (Arrest Warrant/Fugitive) - US MARSHALS  AOA,REDACTED ,,"07/17/2026, 07:35:13 PM UTC",visual,,
52e37b64-5717-4298-a7f1-aede1363b07e,Amanda Schulte,Lee's Summit MO PD,3,"07/16/2026, 07:30:00 PM UTC
07/16/2026, 09:30:00 PM UTC",REDACTED ,Wanted Person (Arrest Warrant/Fugitive) - US MARSHALS  AOA,REDACTED ,,"07/17/2026, 07:17:26 PM UTC",visual,,
54cd430a-0b8c-4983-affd-c226dbf062be,Amanda Schulte,Lee's Summit MO PD,3,"07/16/2026, 06:00:00 PM UTC
07/16/2026, 08:00:00 PM UTC",REDACTED ,Wanted Person (Arrest Warrant/Fugitive) - US MARSHALST AOA,REDACTED ,,"07/17/2026, 07:07:53 PM UTC",freeform,objectClass:vehicle black dodge ram with damaged front bumper,allow
02d98fce-58fc-41c1-9fec-a813f6799ffa,Phillip Stewart,Lee's Summit MO PD,1019,"06/17/2026, 06:30:21 PM UTC
07/17/2026, 06:30:21 PM UTC",REDACTED ,Motor Vehicle Theft/Stolen -,REDACTED ,,"07/17/2026, 06:22:24 PM UTC",lookup,,
eb984989-1656-4808-9c93-c15fdb655aa6,Jason Reddell,Lee's Summit MO PD,2,"07/15/2026, 04:30:36 PM UTC
07/17/2026, 04:30:36 PM UTC",REDACTED ,Criminal Motor Vehicle Offense (incl. Road Rage/Reckless) - crash suspect,REDACTED ,"Work_Van, Ford, white","07/17/2026, 04:13:38 PM UTC",search,,
8501d95c-d595-45a2-9ed0-8ab61baf2464,Jason Reddell,Lee's Summit MO PD,2,"07/16/2026, 04:30:17 PM UTC
07/17/2026, 04:30:17 PM UTC",REDACTED ,Criminal Motor Vehicle Offense (incl. Road Rage/Reckless) - crash suspect,REDACTED ,"Work_Van, Ford, white","07/17/2026, 04:13:19 PM UTC",search,,
e4160b87-2e57-4035-a952-ec3f7161f587,Jason Reddell,Lee's Summit MO PD,2,"07/17/2026, 02:30:23 PM UTC
07/17/2026, 04:30:23 PM UTC",REDACTED ,Criminal Motor Vehicle Offense (incl. Road Rage/Reckless) - crash suspect,REDACTED ,"Work_Van, Ford, white","07/17/2026, 04:12:21 PM UTC",search,,
5c36dca2-0acb-4ef3-9fc1-d4269ada8cc8,Jason Reddell,Lee's Summit MO PD,1010,"07/17/2026, 02:30:23 PM UTC
07/17/2026, 04:30:23 PM UTC",REDACTED ,Criminal Motor Vehicle Offense (incl. Road Rage/Reckless) - crash suspect,REDACTED ,"Work_Van, Ford, white","07/17/2026, 04:11:11 PM UTC",search,,
fbdde6b0-930d-4399-a23f-f928eba968d9,Jason Reddell,Lee's Summit MO PD,1010,"07/17/2026, 02:30:23 PM UTC
07/17/2026, 04:30:23 PM UTC",REDACTED ,Criminal Motor Vehicle Offense (incl. Road Rage/Reckless) - crash suspect,REDACTED ,"Minivan, Work_Van, Ford, white","07/17/2026, 04:10:44 PM UTC",search,,
ea3fe1b3-4924-47b6-97ff-31b3501050bc,Amanda Schulte,Lee's Summit MO PD,1019,"07/14/2026, 05:30:00 AM UTC
07/14/2026, 08:30:00 AM UTC",REDACTED ,Larceny/Theft Offenses,REDACTED ,Motorcycle,"07/17/2026, 03:40:24 PM UTC",search,,
cc028150-95b7-44a8-9557-2073b5f3055c,Amanda Schulte,Lee's Summit MO PD,1019,"07/14/2026, 06:00:00 AM UTC
07/14/2026, 08:30:00 AM UTC",REDACTED ,Larceny/Theft Offenses,REDACTED ,Motorcycle,"07/17/2026, 03:39:56 PM UTC",search,,
42dd0a93-0366-439a-8a74-6fad74b72858,Jason Reddell,Lee's Summit MO PD,1010,"02/11/2026, 06:30:18 PM UTC
03/13/2026, 06:30:18 PM UTC",REDACTED ,Criminal Motor Vehicle Offense (incl. Road Rage/Reckless) - crash,REDACTED ,kansas,"07/17/2026, 03:37:11 PM UTC",lookup,,
60cfd0c9-4627-489a-8f83-557138e98c91,David Arnold,Lee's Summit MO PD,1019,"07/17/2026, 11:00:36 AM UTC
07/17/2026, 01:00:36 PM UTC",REDACTED ,Larceny/Theft Offenses,REDACTED ,,"07/17/2026, 12:45:57 PM UTC",lookup,,
95f22d03-4277-4729-a5e7-1ea6c44d217f,David Arnold,Lee's Summit MO PD,1019,"07/17/2026, 11:00:36 AM UTC
07/17/2026, 01:00:36 PM UTC",REDACTED ,Larceny/Theft Offenses,REDACTED ,008??NV,"07/17/2026, 12:43:07 PM UTC",search,,
d24a0fbb-079a-464d-b922-4efee028e639,David Arnold,Lee's Summit MO PD,1019,"07/17/2026, 11:00:36 AM UTC
07/17/2026, 01:00:36 PM UTC",REDACTED ,Larceny/Theft Offenses,REDACTED ,008?JNV,"07/17/2026, 12:42:59 PM UTC",search,,
961f53a9-6381-40fa-abb9-cdd0c4a8245e,David Arnold,Lee's Summit MO PD,2,"07/11/2026, 11:50:00 PM UTC
07/12/2026, 12:15:00 AM UTC",REDACTED ,Larceny/Theft Offenses,REDACTED ,,"07/17/2026, 12:34:02 PM UTC",search,,
b8d4882f-0f5d-41c7-a4dd-d3b456fdc911,Nicolet Dyer,Lee's Summit MO PD,350,"06/17/2026, 12:00:58 PM UTC
07/17/2026, 12:00:58 PM UTC",REDACTED ,Child Abuse/Neglect - OMAHA BOLO,REDACTED ,,"07/17/2026, 11:56:00 AM UTC",lookup,,
bfb65108-b10c-4bd6-af25-3918f937b1a6,Nicolet Dyer,Lee's Summit MO PD,1019,"07/17/2026, 10:00:49 AM UTC
07/17/2026, 12:00:49 PM UTC",REDACTED ,Child Abuse/Neglect - OMAHA BOLO,REDACTED ,,"07/17/2026, 11:55:54 AM UTC",lookup,,
b5942184-6be3-4f94-87d9-50d113882e31,Dane Wagler,Lee's Summit MO PD,2,"07/03/2026, 06:30:28 AM UTC
07/17/2026, 06:30:28 AM UTC",REDACTED ,Driving Under the Influence (DUI/DWI/OWI/OVI),REDACTED ,,"07/17/2026, 06:03:31 AM UTC",lookup,,
fb649c4b-576d-401e-ae73-7904cf52086b,Dane Wagler,Lee's Summit MO PD,2,"07/16/2026, 06:30:22 AM UTC
07/17/2026, 06:30:22 AM UTC",REDACTED ,Driving Under the Influence (DUI/DWI/OWI/OVI),REDACTED ,,"07/17/2026, 06:03:24 AM UTC",lookup,,
7166e6e1-b1d1-47e2-a142-48e2a50ff30b,Dane Wagler,Lee's Summit MO PD,2,"07/17/2026, 04:30:47 AM UTC
07/17/2026, 06:30:47 AM UTC",REDACTED ,Driving Under the Influence (DUI/DWI/OWI/OVI),REDACTED ,,"07/17/2026, 06:03:16 AM UTC",lookup,,
76037cf4-87db-4f15-95cd-f07e84d4fae8,Brent Evans,Lee's Summit MO PD,1019,"06/17/2026, 04:00:41 AM UTC
07/17/2026, 04:00:41 AM UTC",REDACTED ,Wanted Person (Arrest Warrant/Fugitive) - Wanted party,REDACTED ,,"07/17/2026, 03:33:43 AM UTC",lookup,,
5ff3dfa6-6e11-42cd-8d79-53d773037636,Brent Evans,Lee's Summit MO PD,1019,"07/17/2026, 02:00:17 AM UTC
07/17/2026, 04:00:17 AM UTC",REDACTED ,Wanted Person (Arrest Warrant/Fugitive) - Wanted party,REDACTED ,,"07/17/2026, 03:33:38 AM UTC",lookup,,
c62a946a-9e92-440e-9223-8b88d012ff1b,Andrew Ewing,Lee's Summit MO PD,2,"07/15/2026, 03:30:10 AM UTC
07/17/2026, 03:30:10 AM UTC",REDACTED ,Drugs/Narcotics,REDACTED ,"Chrysler, REDACTED ","07/17/2026, 03:21:11 AM UTC",search,,
05715650-a863-4742-9082-415e221b106c,Andrew Ewing,Lee's Summit MO PD,2,"07/16/2026, 03:30:52 AM UTC
07/17/2026, 03:30:52 AM UTC",REDACTED ,Drugs/Narcotics,REDACTED ,"Chrysler, ??9??U","07/17/2026, 03:18:58 AM UTC",search,,
b9f9f48e-c181-47ba-9b79-0f200b323479,Andrew Ewing,Lee's Summit MO PD,2,"07/17/2026, 01:30:40 AM UTC
07/17/2026, 03:30:40 AM UTC",REDACTED ,Drugs/Narcotics,REDACTED ,??9??U,"07/17/2026, 03:18:42 AM UTC",search,,
ff50c0f1-0dcf-4ba5-bf17-3a870772590a,Andrew Ewing,Lee's Summit MO PD,1019,"07/17/2026, 01:43:54 AM UTC
07/17/2026, 01:58:54 AM UTC",REDACTED ,Drugs/Narcotics,REDACTED ,"Sedan, silver_grey","07/17/2026, 01:59:03 AM UTC",search,,
e7843d16-5344-46e0-9964-2f6aaebb6cae,Andrew Ewing,Lee's Summit MO PD,1019,"07/17/2026, 01:43:54 AM UTC
07/17/2026, 01:58:54 AM UTC",REDACTED ,Drugs/Narcotics,REDACTED ,"Sedan, blue","07/17/2026, 01:58:55 AM UTC",search,,
1e27ddcc-a9ce-4d22-987a-c10cab4d0f1e,Andrew Ewing,Lee's Summit MO PD,1019,"07/17/2026, 12:00:10 AM UTC
07/17/2026, 02:00:10 AM UTC",REDACTED ,Drugs/Narcotics,REDACTED ,Ford,"07/17/2026, 01:57:31 AM UTC",search,,
e72b8d22-b5af-4796-9b2a-ddcc68f2a434,Andrew Ewing,Lee's Summit MO PD,1019,"07/17/2026, 12:00:10 AM UTC
07/17/2026, 02:00:10 AM UTC",REDACTED ,Drugs/Narcotics,REDACTED ,"Sedan, Ford","07/17/2026, 01:57:11 AM UTC",search,,
5f55d4f5-fd44-4b4f-a66c-ad1cdd4938b1,Andrew Ewing,Lee's Summit MO PD,1019,"07/17/2026, 01:41:45 AM UTC
07/17/2026, 01:56:45 AM UTC",REDACTED ,Drugs/Narcotics,REDACTED ,"Sedan, Ford","07/17/2026, 01:57:07 AM UTC",search,,
d90e97b6-9be6-4dde-b679-507442f70c47,Andrew Ewing,Lee's Summit MO PD,1019,"07/17/2026, 01:41:45 AM UTC
07/17/2026, 01:56:45 AM UTC",REDACTED ,Drugs/Narcotics,REDACTED ,"Sedan, Ford, blue, silver_grey","07/17/2026, 01:57:00 AM UTC",search,,
ec0a31e6-c301-43b6-96f3-2e164bea9f26,Andrew Ewing,Lee's Summit MO PD,1019,"07/17/2026, 01:41:45 AM UTC
07/17/2026, 01:56:45 AM UTC",REDACTED ,Drugs/Narcotics,REDACTED ,"Sedan, Ford, blue","07/17/2026, 01:56:47 AM UTC",search,,
562af9c0-df3f-48f2-b638-935411756fae,Casca Hunter,Lee's Summit MO PD,1019,"06/17/2026, 01:00:53 AM UTC
07/17/2026, 01:00:53 AM UTC",REDACTED ,Criminal Motor Vehicle Offense (incl. Road Rage/Reckless) - Fleeing,REDACTED ,missouri,"07/17/2026, 12:39:15 AM UTC",lookup,,
959953d1-8c17-4675-a566-d107bb8b8e30,Casca Hunter,Lee's Summit MO PD,1019,"06/17/2026, 01:00:53 AM UTC
07/17/2026, 01:00:53 AM UTC",REDACTED ,Criminal Motor Vehicle Offense (incl. Road Rage/Reckless) - Fleeing,REDACTED ,missouri,"07/17/2026, 12:38:12 AM UTC",lookup,,
15a2e2ed-7f31-41cb-a1fd-ec3dea20494d,Casca Hunter,Lee's Summit MO PD,1019,"06/17/2026, 01:00:53 AM UTC
07/17/2026, 01:00:53 AM UTC",REDACTED ,Criminal Motor Vehicle Offense (incl. Road Rage/Reckless) - Fleeing,REDACTED ,missouri,"07/17/2026, 12:34:56 AM UTC",lookup,,
bb27bc53-8bc3-4867-b423-92c940507006,Casca Hunter,Lee's Summit MO PD,1019,"07/16/2026, 01:00:31 AM UTC
07/17/2026, 01:00:31 AM UTC",REDACTED ,Criminal Motor Vehicle Offense (incl. Road Rage/Reckless) - Fleeing,REDACTED ,missouri,"07/17/2026, 12:34:33 AM UTC",lookup,,
2003ac81-4a6a-46ea-b770-2445fbb22384,Casca Hunter,Lee's Summit MO PD,1019,"12/17/2025, 12:30:45 AM UTC
01/16/2026, 12:30:45 AM UTC",REDACTED ,Stolen Property Offenses - suspect,REDACTED ,missouri,"07/17/2026, 12:33:00 AM UTC",lookup,,
67efc745-fb9a-4fe2-b570-05d10040dece,Dane Wagler,Lee's Summit MO PD,350,"07/09/2026, 11:36:29 PM UTC
07/16/2026, 11:36:29 PM UTC",REDACTED ,Traffic Infraction,REDACTED ,,"07/16/2026, 11:36:34 PM UTC",lookup - Mobile,,
7ef42ad5-2d9d-426a-8f12-cd4eaf04223a,Dane Wagler,Lee's Summit MO PD,350,"07/15/2026, 11:36:27 PM UTC
07/16/2026, 11:36:27 PM UTC",REDACTED ,Traffic Infraction,REDACTED ,,"07/16/2026, 11:36:28 PM UTC",lookup - Mobile,,
1b900d0d-2e34-4dc7-a79b-8e5a0d33b12e,Andrew Ewing,Lee's Summit MO PD,995,"07/16/2026, 05:18:53 PM UTC
07/16/2026, 11:18:53 PM UTC",REDACTED ,Larceny/Theft Offenses,REDACTED ,,"07/16/2026, 11:18:56 PM UTC",lookup - Mobile,,
982de8a8-1838-4a7b-a231-80ab18b9d5d0,Andrew Ewing,Lee's Summit MO PD,995,"07/16/2026, 05:09:11 PM UTC
07/16/2026, 11:09:11 PM UTC",REDACTED ,Larceny/Theft Offenses,REDACTED ,,"07/16/2026, 11:09:17 PM UTC",lookup - Mobile,,
61962f4e-ba0f-4bfa-a117-1eb656834bfe,Andrew Ewing,Lee's Summit MO PD,995,"07/16/2026, 05:08:56 PM UTC
07/16/2026, 11:08:56 PM UTC",REDACTED ,Larceny/Theft Offenses,REDACTED ,,"07/16/2026, 11:08:57 PM UTC",lookup - Mobile,,
875c9951-35cf-471e-9358-94e53163eae4,Andrew Ewing,Lee's Summit MO PD,995,"07/16/2026, 05:07:54 PM UTC
07/16/2026, 11:07:54 PM UTC",REDACTED ,Larceny/Theft Offenses,REDACTED ,,"07/16/2026, 11:07:56 PM UTC",lookup - Mobile,,
f080799f-166e-4f02-be9e-182a32a3b631,Andrew Ewing,Lee's Summit MO PD,995,"07/16/2026, 05:06:59 PM UTC
07/16/2026, 11:06:59 PM UTC",REDACTED ,Larceny/Theft Offenses,REDACTED ,,"07/16/2026, 11:07:00 PM UTC",lookup - Mobile,,
933562d6-d81e-435c-8f73-1da961994ad6,Andrew Ewing,Lee's Summit MO PD,995,"07/16/2026, 05:06:05 PM UTC
07/16/2026, 11:06:05 PM UTC",REDACTED ,Larceny/Theft Offenses,REDACTED ,,"07/16/2026, 11:06:06 PM UTC",lookup - Mobile,,
49f6b83d-301d-4fc1-abd9-5808419219d9,Andrew Ewing,Lee's Summit MO PD,995,"07/16/2026, 05:01:30 PM UTC
07/16/2026, 11:01:30 PM UTC",REDACTED ,Larceny/Theft Offenses,REDACTED ,,"07/16/2026, 11:01:31 PM UTC",lookup - Mobile,,
871578a8-91c4-4d46-9944-d76faeb0d9e1,Andrew Ewing,Lee's Summit MO PD,995,"07/16/2026, 05:01:03 PM UTC
07/16/2026, 11:01:03 PM UTC",REDACTED ,Larceny/Theft Offenses,REDACTED ,,"07/16/2026, 11:01:04 PM UTC",lookup - Mobile,,
9f6fe935-cced-43c6-ab1e-144aa72773f2,Andrew Ewing,Lee's Summit MO PD,995,"07/16/2026, 05:00:42 PM UTC
07/16/2026, 11:00:42 PM UTC",REDACTED ,Larceny/Theft Offenses,REDACTED ,,"07/16/2026, 11:00:43 PM UTC",lookup - Mobile,,
6195cfba-5f5c-4a9c-abe4-35fb6f5e5b67,Andrew Ewing,Lee's Summit MO PD,995,"07/16/2026, 05:00:12 PM UTC
07/16/2026, 11:00:12 PM UTC",REDACTED ,Larceny/Theft Offenses,REDACTED ,,"07/16/2026, 11:00:13 PM UTC",lookup - Mobile,,
7c2ab332-2017-4cc6-9f6f-ab09a55cd581,Andrew Ewing,Lee's Summit MO PD,995,"07/16/2026, 04:56:50 PM UTC
07/16/2026, 10:56:50 PM UTC",REDACTED ,Larceny/Theft Offenses,REDACTED ,,"07/16/2026, 10:56:54 PM UTC",lookup - Mobile,,
26f49718-5a58-4041-aaf6-292cedf55a40,Andrew Ewing,Lee's Summit MO PD,995,"07/16/2026, 04:50:53 PM UTC
07/16/2026, 10:50:53 PM UTC",REDACTED ,Larceny/Theft Offenses,REDACTED ,,"07/16/2026, 10:50:55 PM UTC",lookup - Mobile,,
72d2854b-55b2-4d17-9138-64651eb93e9a,Andrew Ewing,Lee's Summit MO PD,995,"07/16/2026, 04:49:59 PM UTC
07/16/2026, 10:49:59 PM UTC",REDACTED ,Larceny/Theft Offenses,REDACTED ,,"07/16/2026, 10:50:00 PM UTC",lookup - Mobile,,
f02a5405-6341-48af-9868-697dccdb5eee,Andrew Ewing,Lee's Summit MO PD,995,"07/16/2026, 04:45:27 PM UTC
07/16/2026, 10:45:27 PM UTC",REDACTED ,Larceny/Theft Offenses,REDACTED ,,"07/16/2026, 10:45:28 PM UTC",lookup - Mobile,,
bf1277e7-8ff7-4f29-a51d-afcbafbdb08f,Andrew Ewing,Lee's Summit MO PD,995,"07/16/2026, 04:44:02 PM UTC
07/16/2026, 10:44:02 PM UTC",REDACTED ,Larceny/Theft Offenses,REDACTED ,,"07/16/2026, 10:44:04 PM UTC",lookup - Mobile,,
46fe9afd-f51d-4f4f-a584-9395470a619f,Andrew Ewing,Lee's Summit MO PD,995,"07/16/2026, 04:42:34 PM UTC
07/16/2026, 10:42:34 PM UTC",REDACTED ,Larceny/Theft Offenses,REDACTED ,,"07/16/2026, 10:42:35 PM UTC",lookup - Mobile,,
083bc3e4-cb3c-4043-b707-752be56d55c0,Casca Hunter,Lee's Summit MO PD,1019,"12/17/2025, 12:30:45 AM UTC
01/16/2026, 12:30:45 AM UTC",REDACTED ,Stolen Property Offenses - suspect,REDACTED ,missouri,"07/16/2026, 10:13:43 PM UTC",lookup,,
120df44f-25d7-4bcb-89c8-6ce7f4ce4473,Bryan Gilbert,Lee's Summit MO PD,1019,"07/15/2026, 10:30:10 PM UTC
07/16/2026, 10:30:10 PM UTC",REDACTED ,Larceny/Theft Offenses - stole at lululemon,REDACTED ,,"07/16/2026, 10:13:12 PM UTC",lookup,,
6ed6f97f-247f-4937-9a65-013a142f9232,Andrew Ewing,Lee's Summit MO PD,1019,"06/16/2026, 10:30:00 PM UTC
07/16/2026, 10:30:00 PM UTC",REDACTED ,Drugs/Narcotics,REDACTED ,,"07/16/2026, 10:08:02 PM UTC",lookup,,
f6953d91-e72b-42fd-aa74-df6da668e3c7,Brent Evans,Lee's Summit MO PD,6208,"06/16/2026, 10:05:25 PM UTC
07/16/2026, 10:05:25 PM UTC",REDACTED ,Drugs/Narcotics - Wanted party,REDACTED ,,"07/16/2026, 10:05:28 PM UTC",lookup,,
f32a6d70-9ecb-4dfe-9b0c-cf6b3776b07b,Brent Evans,Lee's Summit MO PD,1019,"06/16/2026, 09:30:41 PM UTC
07/16/2026, 09:30:41 PM UTC",REDACTED ,Drugs/Narcotics - Wanted party,REDACTED ,missouri,"07/16/2026, 10:04:21 PM UTC",lookup,,
965941ce-1d3e-43c0-a245-c0421470fe74,Brent Evans,Lee's Summit MO PD,1019,"06/16/2026, 09:30:41 PM UTC
07/16/2026, 09:30:41 PM UTC",REDACTED ,Drugs/Narcotics - Wanted party,REDACTED ,missouri,"07/16/2026, 10:03:45 PM UTC",lookup,,
b1361199-e46b-4c79-9dcd-de21521fe5cf,Bryan Gilbert,Lee's Summit MO PD,1019,"07/15/2026, 09:30:56 PM UTC
07/16/2026, 09:30:56 PM UTC",REDACTED ,Larceny/Theft Offenses - stole at lululemon,REDACTED ,,"07/16/2026, 09:55:17 PM UTC",lookup,,
6dc3d7e3-81fe-4cdf-9479-d29d28ab60b0,Scott McMilian,Lee's Summit MO PD,2,"07/08/2026, 06:30:00 PM UTC
07/08/2026, 08:30:00 PM UTC",REDACTED ,Missing/Endangered Person/Runaway,REDACTED ,,"07/16/2026, 09:26:05 PM UTC",freeform,objectClass:vehicle RED MUSTANG,allow
13279463-a558-4e38-92e4-cc71de8911a5,Bryan Gilbert,Lee's Summit MO PD,1019,"07/15/2026, 09:30:56 PM UTC
07/16/2026, 09:30:56 PM UTC",REDACTED ,Larceny/Theft Offenses - stole at lululemon,REDACTED ,,"07/16/2026, 09:25:59 PM UTC",lookup,,
e317d945-bcd8-49b2-91a5-1a4715198a66,Scott McMilian,Lee's Summit MO PD,2,"07/08/2026, 06:30:00 PM UTC
07/08/2026, 09:30:00 PM UTC",REDACTED ,Missing/Endangered Person/Runaway,REDACTED ,,"07/16/2026, 09:25:20 PM UTC",freeform,objectClass:vehicle RED MUSTANG,allow
1338d2af-670e-4c2c-b60c-31ee26d2f24a,Scott McMilian,Lee's Summit MO PD,2,"07/16/2026, 12:30:00 PM UTC
07/16/2026, 09:30:00 PM UTC",REDACTED ,Missing/Endangered Person/Runaway,REDACTED ,,"07/16/2026, 09:23:32 PM UTC",freeform,objectClass:vehicle RED MUSTANG,allow
da25607b-2407-4a08-aa78-86c3ad73801e,Bryan Gilbert,Lee's Summit MO PD,1019,"07/15/2026, 09:30:32 PM UTC
07/16/2026, 09:30:32 PM UTC",REDACTED ,Larceny/Theft Offenses - stole at lululemon,REDACTED ,,"07/16/2026, 09:23:03 PM UTC",lookup,,
211380a4-af15-49fe-9243-d292600c23f3,Brent Evans,Lee's Summit MO PD,1019,"06/16/2026, 09:30:41 PM UTC
07/16/2026, 09:30:41 PM UTC",REDACTED ,Drugs/Narcotics - Wanted party,REDACTED ,missouri,"07/16/2026, 09:22:43 PM UTC",lookup,,
50783c99-8915-4f36-8253-69e195a86a31,Brent Evans,Lee's Summit MO PD,1019,"07/16/2026, 07:30:39 PM UTC
07/16/2026, 09:30:39 PM UTC",REDACTED ,Drugs/Narcotics - Wanted party,REDACTED ,missouri,"07/16/2026, 09:22:39 PM UTC",lookup,,
c74dec18-6f55-43df-a586-334f00bcbc5c,Bryan Gilbert,Lee's Summit MO PD,1019,"07/15/2026, 09:30:32 PM UTC
07/16/2026, 09:30:32 PM UTC",REDACTED ,Larceny/Theft Offenses - stole at lululemon,REDACTED ,,"07/16/2026, 09:22:24 PM UTC",lookup,,
047dc34c-b772-415a-94c9-a630b670adc2,Andrew Ewing,Lee's Summit MO PD,6204,"07/15/2026, 09:30:59 PM UTC
07/16/2026, 09:30:59 PM UTC",REDACTED ,Drugs/Narcotics,REDACTED ,,"07/16/2026, 09:21:01 PM UTC",lookup,,
da52e097-b8de-4f5c-a309-51bc83e15350,Andrew Ewing,Lee's Summit MO PD,6204,"06/16/2026, 09:00:42 PM UTC
07/16/2026, 09:00:42 PM UTC",REDACTED ,Drugs/Narcotics,REDACTED ,,"07/16/2026, 09:20:50 PM UTC",lookup,,
0743a43f-a131-4cc9-a11d-1896f315af79,Bryan Gilbert,Lee's Summit MO PD,1019,"07/15/2026, 09:30:32 PM UTC
07/16/2026, 09:30:32 PM UTC",REDACTED ,Larceny/Theft Offenses - stole at lululemon,REDACTED ,,"07/16/2026, 09:18:35 PM UTC",lookup,,
2cb75ae2-4c16-4b4c-83d6-152fc6eb713c,Bryan Gilbert,Lee's Summit MO PD,1019,"07/15/2026, 09:30:22 PM UTC
07/16/2026, 09:30:22 PM UTC",REDACTED ,Larceny/Theft Offenses - stole at lululemon,REDACTED ,,"07/16/2026, 09:17:13 PM UTC",lookup,,
055dbf97-ca29-4354-8e07-f0773dbfd7d3,Bryan Gilbert,Lee's Summit MO PD,1019,"07/15/2026, 09:30:22 PM UTC
07/16/2026, 09:30:22 PM UTC",REDACTED ,Larceny/Theft Offenses - stole at lululemon,REDACTED ,,"07/16/2026, 09:15:25 PM UTC",lookup,,
fbd29cac-de3e-4109-8bc1-8a0009a4ed48,Bryan Gilbert,Lee's Summit MO PD,1019,"07/15/2026, 09:30:53 PM UTC
07/16/2026, 09:30:53 PM UTC",REDACTED ,Larceny/Theft Offenses - stole at lululemon,REDACTED ,,"07/16/2026, 09:12:56 PM UTC",lookup,,
bb2e8dfa-0b5b-4fe3-bd1d-fb2158fbcba1,Bryan Gilbert,Lee's Summit MO PD,1019,"07/16/2026, 08:47:12 PM UTC
07/16/2026, 09:02:12 PM UTC",REDACTED ,Larceny/Theft Offenses - stole at lululemon,REDACTED ,,"07/16/2026, 09:12:47 PM UTC",lookup,,
c759817f-f728-4d2a-af87-0ad92e473483,Phillip Stewart,Lee's Summit MO PD,1019,"06/16/2026, 09:30:51 PM UTC
07/16/2026, 09:30:51 PM UTC",REDACTED ,Larceny/Theft Offenses,REDACTED ,,"07/16/2026, 09:08:54 PM UTC",lookup,,
6fed4831-37d0-45c5-a8d3-354ee1298ad8,Bryan Gilbert,Lee's Summit MO PD,2,"07/16/2026, 08:47:12 PM UTC
07/16/2026, 09:02:12 PM UTC",REDACTED ,Larceny/Theft Offenses - stole at lululemon,REDACTED ,"white, kansas","07/16/2026, 09:03:25 PM UTC",lookup,,
74c1415e-afd6-4621-a728-afdcb75f7ee1,Bryan Gilbert,Lee's Summit MO PD,1019,"07/16/2026, 08:47:12 PM UTC
07/16/2026, 09:02:12 PM UTC",REDACTED ,Larceny/Theft Offenses - stole at lululemon,REDACTED ,"white, kansas","07/16/2026, 09:03:12 PM UTC",lookup,,
09f6383c-2fc3-4e92-aa32-89794f97b152,Bryan Gilbert,Lee's Summit MO PD,1019,"07/16/2026, 08:47:12 PM UTC
07/16/2026, 09:02:12 PM UTC",REDACTED ,Larceny/Theft Offenses - stole at lululemon,REDACTED ,"white, kansas","07/16/2026, 09:02:50 PM UTC",search,,
28636055-9b47-4457-90fb-3b3fc1ce3a92,Andrew Ewing,Lee's Summit MO PD,6204,"06/16/2026, 09:00:42 PM UTC
07/16/2026, 09:00:42 PM UTC",REDACTED ,Drugs/Narcotics,REDACTED ,,"07/16/2026, 08:52:29 PM UTC",lookup,,
9138af63-270e-48f0-a3b7-1a0193f2e3a0,Andrew Ewing,Lee's Summit MO PD,6204,"06/16/2026, 09:00:42 PM UTC
07/16/2026, 09:00:42 PM UTC",REDACTED ,Drugs/Narcotics,REDACTED ,,"07/16/2026, 08:49:47 PM UTC",lookup,,
c7bee7bb-d5eb-4334-9427-912eda70c70a,Andrew Ewing,Lee's Summit MO PD,1019,"06/16/2026, 09:00:33 PM UTC
07/16/2026, 09:00:33 PM UTC",REDACTED ,Drugs/Narcotics,REDACTED ,,"07/16/2026, 08:49:38 PM UTC",lookup,,
4640a5e5-4cd8-467e-9125-87a4048175ce,Bradford Smith,Lee's Summit MO PD,1018,"07/16/2026, 03:00:00 PM UTC
07/16/2026, 05:00:00 PM UTC",REDACTED ,Hit and Run/Car Accident - leaving the scene of a crash,REDACTED ,,"07/16/2026, 08:36:10 PM UTC",lookup,,
41ec893b-763c-45dd-8ee1-c9c1f56ed2d1,Owen Colyne,Lee's Summit MO PD,1018,"07/16/2026, 06:30:12 PM UTC
07/16/2026, 08:30:12 PM UTC",REDACTED ,Wanted Person (Arrest Warrant/Fugitive),REDACTED ,,"07/16/2026, 08:05:40 PM UTC",lookup,,
86c88690-fe6b-4229-8714-620fc69f0484,Ryan Small,Lee's Summit MO PD,4,"07/12/2026, 02:00:00 PM UTC
07/12/2026, 06:00:00 PM UTC",REDACTED ,Larceny/Theft Offenses,REDACTED ,"Pickup, Dodge, black","07/16/2026, 08:02:00 PM UTC",search,,
d975738f-b4f1-441b-b363-8bd0155f7cbd,Ryan Small,Lee's Summit MO PD,2,"07/12/2026, 02:00:00 PM UTC
07/12/2026, 06:00:00 PM UTC",REDACTED ,Larceny/Theft Offenses,REDACTED ,"Pickup, Dodge, black","07/16/2026, 07:58:18 PM UTC",search,,
587f8db2-f4e8-4b8b-964c-a49a3c2427d1,Ryan Small,Lee's Summit MO PD,2,"07/12/2026, 04:30:00 PM UTC
07/12/2026, 06:30:00 PM UTC",REDACTED ,Larceny/Theft Offenses,REDACTED ,,"07/16/2026, 07:57:36 PM UTC",freeform,objectClass:vehicle black dodge pickup with brush in the back,allow
67be04b7-1d5b-4121-87b9-50acf82a8378,Ryan Small,Lee's Summit MO PD,2,"07/12/2026, 04:30:00 PM UTC
07/12/2026, 06:30:00 PM UTC",REDACTED ,Larceny/Theft Offenses,REDACTED ,,"07/16/2026, 07:57:07 PM UTC",freeform,objectClass:vehicle black dodge pickup with temp tag,allow
5710e1c1-5bb0-4558-9a2a-5422629d563d,Ryan Small,Lee's Summit MO PD,2,"07/12/2026, 04:30:00 PM UTC
07/12/2026, 06:30:00 PM UTC",REDACTED ,Larceny/Theft Offenses,REDACTED ,,"07/16/2026, 07:56:56 PM UTC",freeform,objectClass:vehicle black dodge pick with temp tag,allow
39ff2788-6f3b-401c-9b52-182b1ee201d8,Ryan Small,Lee's Summit MO PD,3,"07/12/2026, 04:00:00 PM UTC
07/12/2026, 06:00:00 PM UTC",REDACTED ,Larceny/Theft Offenses,REDACTED ,"Pickup, Dodge, black","07/16/2026, 07:55:30 PM UTC",search,,
5d34798a-b8f5-4a34-a3ab-7c3750db2800,Ryan Small,Lee's Summit MO PD,2,"07/12/2026, 04:00:00 PM UTC
07/12/2026, 06:00:00 PM UTC",REDACTED ,Larceny/Theft Offenses,REDACTED ,,"07/16/2026, 07:54:29 PM UTC",search,,
181f3e6d-1d8d-4950-a8ee-b1f221b7496a,Ryan Small,Lee's Summit MO PD,3,"07/12/2026, 04:00:00 PM UTC
07/12/2026, 06:00:00 PM UTC",REDACTED ,Larceny/Theft Offenses,REDACTED ,,"07/16/2026, 07:51:36 PM UTC",search,,
d6c5609d-c466-464c-9078-823c8f79fadd,Ryan Small,Lee's Summit MO PD,3,"07/12/2026, 04:00:00 PM UTC
07/12/2026, 06:00:00 PM UTC",REDACTED ,Larceny/Theft Offenses,REDACTED ,,"07/16/2026, 07:50:46 PM UTC",search,,
71014e31-4159-4be6-a217-74adf04278a1,David Arnold,Lee's Summit MO PD,1,"07/11/2026, 11:50:00 PM UTC
07/12/2026, 12:15:00 AM UTC",REDACTED ,Larceny/Theft Offenses,REDACTED ,,"07/16/2026, 07:24:47 PM UTC",search,,
c6961786-54a6-495a-ad5a-1d220ae23cde,David Arnold,Lee's Summit MO PD,1,"07/12/2026, 12:05:00 AM UTC
07/12/2026, 12:15:00 AM UTC",REDACTED ,Larceny/Theft Offenses,REDACTED ,,"07/16/2026, 07:21:57 PM UTC",search,,
95b01d2d-51ac-4034-b2a8-afbe8ad5120c,Brent Evans,Lee's Summit MO PD,995,"07/15/2026, 07:19:25 PM UTC
07/16/2026, 07:19:25 PM UTC",REDACTED ,Alcohol Offenses (Non-DUI) - Warrants,REDACTED ,,"07/16/2026, 07:19:26 PM UTC",lookup - Mobile,,
3e5b401f-7378-4527-9841-8325f2fbb9d5,Brent Evans,Lee's Summit MO PD,995,"06/16/2026, 07:16:42 PM UTC
07/16/2026, 07:16:42 PM UTC",REDACTED ,Wanted Person (Arrest Warrant/Fugitive) - Sex offense,REDACTED ,,"07/16/2026, 07:16:49 PM UTC",search - Mobile,,
3e590a01-fd14-46ce-864b-da2bdbb85cea,David Arnold,Lee's Summit MO PD,1019,"07/12/2026, 12:00:00 AM UTC
07/12/2026, 12:45:00 AM UTC",REDACTED ,Larceny/Theft Offenses,REDACTED ,"Sedan, Coupe, Convertible, Hatchback, Wagon, black","07/16/2026, 07:15:33 PM UTC",search,,
2acd52e0-de53-4d92-b643-5a2fa8c8bfb0,David Arnold,Lee's Summit MO PD,1019,"07/12/2026, 12:00:00 AM UTC
07/12/2026, 12:45:00 AM UTC",REDACTED ,Larceny/Theft Offenses,REDACTED ,"Sedan, Coupe, Convertible, Hatchback, Wagon, black","07/16/2026, 07:14:59 PM UTC",search,,
a2a59181-3ba0-4811-811b-d1dffbc4e5fa,Andrew Ewing,Lee's Summit MO PD,1019,"07/16/2026, 05:00:00 AM UTC
07/16/2026, 07:50:00 AM UTC",REDACTED ,Drugs/Narcotics,REDACTED ,,"07/16/2026, 07:14:38 PM UTC",search,,
c630da90-9215-4f76-8f9b-3af575bfed16,David Arnold,Lee's Summit MO PD,2,"07/12/2026, 12:49:00 AM UTC
07/12/2026, 01:15:00 AM UTC",REDACTED ,Larceny/Theft Offenses,REDACTED ,,"07/16/2026, 07:13:57 PM UTC",visual,,
76f3ecab-7341-4e6d-bb6b-783f1a2cf547,Andrew Ewing,Lee's Summit MO PD,1019,"07/16/2026, 05:00:00 AM UTC
07/16/2026, 07:50:00 AM UTC",REDACTED ,Drugs/Narcotics,REDACTED ,,"07/16/2026, 07:09:53 PM UTC",search,,
0457e8f4-77be-48b0-ad98-337bd251d5ec,Andrew Ewing,Lee's Summit MO PD,1019,"07/16/2026, 07:00:00 AM UTC
07/16/2026, 07:50:00 AM UTC",REDACTED ,Drugs/Narcotics,REDACTED ,,"07/16/2026, 07:08:33 PM UTC",search,,
6dbbf2dc-60d3-4221-b051-2e678bfe0f3c,Andrew Ewing,Lee's Summit MO PD,1019,"07/16/2026, 07:00:00 AM UTC
07/16/2026, 07:50:00 AM UTC",REDACTED ,Drugs/Narcotics,REDACTED ,"Sedan, Dodge","07/16/2026, 07:08:26 PM UTC",search,,
db908dc3-5595-49c1-9ce0-60dead215d81,Andrew Ewing,Lee's Summit MO PD,1019,"07/15/2026, 07:00:00 AM UTC
07/16/2026, 07:50:00 AM UTC",REDACTED ,Drugs/Narcotics,REDACTED ,"Sedan, Dodge","07/16/2026, 07:08:17 PM UTC",search,,
265105cb-6976-444f-a544-716f5cd0257a,Andrew Ewing,Lee's Summit MO PD,1019,"07/15/2026, 07:30:18 PM UTC
07/16/2026, 07:30:18 PM UTC",REDACTED ,Drugs/Narcotics,REDACTED ,"Sedan, Dodge","07/16/2026, 07:07:21 PM UTC",search,,
bdf694cc-c5f5-43b1-a8b1-2f6b2a160eb7,David Arnold,Lee's Summit MO PD,1019,"07/12/2026, 12:00:00 AM UTC
07/12/2026, 12:45:00 AM UTC",REDACTED ,Larceny/Theft Offenses,REDACTED ,"Sedan, Coupe, Convertible, Hatchback, Wagon, black","07/16/2026, 07:06:21 PM UTC",search,,
570ba33f-60b7-482a-a718-fc38b141f1aa,David Arnold,Lee's Summit MO PD,2,"06/14/2026, 03:30:30 PM UTC
07/14/2026, 03:30:30 PM UTC",REDACTED ,Larceny/Theft Offenses,REDACTED ,,"07/16/2026, 07:04:32 PM UTC",lookup,,
775980ee-84c4-4b84-877a-965048ca7272,Andrew Ewing,Lee's Summit MO PD,1019,"07/16/2026, 04:30:15 PM UTC
07/16/2026, 06:30:15 PM UTC",REDACTED ,Drugs/Narcotics,REDACTED ,"Land_Rover, black","07/16/2026, 06:59:21 PM UTC",search,,
e1ed5a54-4d90-45b1-9571-a742a79f6497,Darcy Boorem,Lee's Summit MO PD,1019,"06/16/2026, 06:30:49 PM UTC
07/16/2026, 06:30:49 PM UTC",REDACTED ,Larceny/Theft Offenses - AOA Merriam,REDACTED ,,"07/16/2026, 06:03:52 PM UTC",lookup,,
d1fa0755-7cac-4a11-8848-a0d6c12e9331,Ryan Small,Lee's Summit MO PD,1019,"06/16/2026, 05:00:18 PM UTC
07/16/2026, 05:00:18 PM UTC",REDACTED ,Sex Offenses,REDACTED ,,"07/16/2026, 04:31:20 PM UTC",lookup,,
7677a25d-b52b-4ba3-9656-a39bae9e6f39,Ryan Small,Lee's Summit MO PD,1019,"06/16/2026, 05:00:18 PM UTC
07/16/2026, 05:00:18 PM UTC",REDACTED ,Sex Offenses,REDACTED ,,"07/16/2026, 04:30:27 PM UTC",lookup,,
b8170f6f-bda6-44e8-8380-3c65378a7707,Jordan Johnson,Lee's Summit MO PD,1018,"07/16/2026, 02:30:00 PM UTC
07/16/2026, 04:30:00 PM UTC",REDACTED ,Hit and Run/Car Accident,REDACTED ,missouri,"07/16/2026, 04:12:41 PM UTC",lookup,,
cd04be51-fc97-433c-a620-79e403d65552,Jordan Johnson,Lee's Summit MO PD,1018,"07/16/2026, 02:30:00 PM UTC
07/16/2026, 04:30:00 PM UTC",REDACTED ,Hit and Run/Car Accident,REDACTED ,missouri,"07/16/2026, 04:09:46 PM UTC",lookup,,
99f59da1-2529-4035-8e6c-883f813c68f3,Jordan Johnson,Lee's Summit MO PD,1018,"07/16/2026, 02:30:00 PM UTC
07/16/2026, 04:30:00 PM UTC",REDACTED ,Hit and Run/Car Accident,REDACTED ,missouri,"07/16/2026, 04:08:57 PM UTC",lookup,,
7501320c-855a-4d6d-a723-d50b12b228b1,Jordan Johnson,Lee's Summit MO PD,1018,"07/16/2026, 02:30:00 PM UTC
07/16/2026, 04:30:00 PM UTC",REDACTED ,Hit and Run/Car Accident,REDACTED ,missouri,"07/16/2026, 04:07:22 PM UTC",lookup,,
96f5eb38-dce9-49ad-9f45-ca90c71b3dfd,Jordan Johnson,Lee's Summit MO PD,1018,"07/16/2026, 02:30:00 PM UTC
07/16/2026, 04:30:00 PM UTC",REDACTED ,Hit and Run/Car Accident,REDACTED ,,"07/16/2026, 04:07:08 PM UTC",lookup,,
5f3f0521-5ac7-44f3-bc35-8ce34cdb8f70,Ashley Spring,Lee's Summit MO PD,1019,"07/16/2026, 02:00:38 PM UTC
07/16/2026, 04:00:38 PM UTC",REDACTED ,Stolen Property Offenses - Investigation,REDACTED ,missouri,"07/16/2026, 03:45:16 PM UTC",lookup,,
14e8973d-7ca3-41a2-964e-97b1a06132a3,Ashley Spring,Lee's Summit MO PD,1019,"07/15/2026, 03:30:48 PM UTC
07/16/2026, 03:30:48 PM UTC",REDACTED ,Stolen Property Offenses,REDACTED ,missouri,"07/16/2026, 03:21:50 PM UTC",lookup,,
c67fa832-218c-44cc-874e-3a43992843fd,Ryan Small,Lee's Summit MO PD,1,"07/14/2026, 05:30:00 AM UTC
07/14/2026, 09:00:00 AM UTC",REDACTED ,Larceny/Theft Offenses,REDACTED ,,"07/16/2026, 02:22:13 PM UTC",search,,
56d30eb6-68e7-403f-9c23-c253cae2c0df,Ryan Small,Lee's Summit MO PD,1,"07/14/2026, 05:30:00 AM UTC
07/14/2026, 09:00:00 AM UTC",REDACTED ,Larceny/Theft Offenses,REDACTED ,Motorcycle,"07/16/2026, 02:22:04 PM UTC",search,,
167411dc-d595-4cbd-b9f1-5483584de4e9,Ryan Small,Lee's Summit MO PD,1,"07/14/2026, 07:30:00 AM UTC
07/14/2026, 09:00:00 AM UTC",REDACTED ,Larceny/Theft Offenses,REDACTED ,,"07/16/2026, 02:08:01 PM UTC",search,,
a68c330a-3f0e-4725-a07e-acbc5201bdb4,Ryan Small,Lee's Summit MO PD,1,"07/14/2026, 07:30:00 AM UTC
07/14/2026, 08:30:00 AM UTC",REDACTED ,Larceny/Theft Offenses,REDACTED ,,"07/16/2026, 02:04:53 PM UTC",search,,
d64c5704-14a6-42f4-84b7-e56dca781d17,Ryan Small,Lee's Summit MO PD,1,"07/14/2026, 07:30:00 AM UTC
07/14/2026, 08:30:00 AM UTC",REDACTED ,Larceny/Theft Offenses,REDACTED ,,"07/16/2026, 01:59:44 PM UTC",search,,
fe437049-41de-4e0b-a3c7-c7d8d1c7b1c8,Ryan Small,Lee's Summit MO PD,1,"07/14/2026, 06:15:00 AM UTC
07/14/2026, 07:15:00 AM UTC",REDACTED ,Larceny/Theft Offenses,REDACTED ,,"07/16/2026, 01:58:49 PM UTC",search,,
52aa3795-f486-4776-bb49-7f5dc7a38fa3,Owen Colyne,Lee's Summit MO PD,1018,"07/09/2026, 01:00:00 PM UTC
07/16/2026, 01:00:00 PM UTC",REDACTED ,Wanted Person (Arrest Warrant/Fugitive),REDACTED ,,"07/16/2026, 01:57:50 PM UTC",lookup,,
40778a7c-ff48-480b-9c37-d869bfb64c8d,Ryan Small,Lee's Summit MO PD,1019,"07/09/2026, 12:00:00 PM UTC
07/10/2026, 02:00:00 PM UTC",REDACTED ,Sex Offenses,REDACTED ,,"07/16/2026, 01:48:17 PM UTC",lookup,,
5fbe2001-620b-4d32-9cbd-5c586ccb5123,Scott McMilian,Lee's Summit MO PD,1018,"06/29/2026, 04:00:08 AM UTC
07/13/2026, 04:00:08 AM UTC",REDACTED ,Weapons Offense (Guns/Shots Fired),REDACTED ,,"07/16/2026, 01:23:24 PM UTC",lookup,,
742962c7-2927-456f-9307-2e6cdef812be,Jason Rosarius,Lee's Summit MO PD,1018,"07/10/2026, 10:00:00 AM UTC
07/10/2026, 11:00:00 AM UTC",REDACTED ,Motor Vehicle Theft/Stolen,REDACTED ,,"07/16/2026, 12:48:03 PM UTC",search,,
e2bcf216-df34-47d0-a7a1-532b37cf045a,Jason Rosarius,Lee's Summit MO PD,1018,"07/10/2026, 10:00:00 AM UTC
07/10/2026, 11:00:00 AM UTC",REDACTED ,Motor Vehicle Theft/Stolen,REDACTED ,,"07/16/2026, 12:47:32 PM UTC",search,,
893d7433-3eaa-4c6c-9c0e-e9d6b326d465,Owen Colyne,Lee's Summit MO PD,1018,"07/09/2026, 01:00:00 PM UTC
07/16/2026, 01:00:00 PM UTC",REDACTED ,Wanted Person (Arrest Warrant/Fugitive),REDACTED ,,"07/16/2026, 12:30:03 PM UTC",lookup,,
9dd0f1d8-5480-4f5b-a017-cfaa70d1d42d,Dane Wagler,Lee's Summit MO PD,6199,"07/15/2026, 10:30:09 AM UTC
07/16/2026, 10:30:09 AM UTC",REDACTED ,Obstructing the Police (Fleeing/Eluding),REDACTED ,,"07/16/2026, 10:13:11 AM UTC",lookup,,
c933ff58-a530-47cb-a8f2-67e11120a431,Dane Wagler,Lee's Summit MO PD,6199,"06/16/2026, 10:00:14 AM UTC
07/16/2026, 10:00:14 AM UTC",REDACTED ,Obstructing the Police (Fleeing/Eluding),REDACTED ,,"07/16/2026, 09:55:11 AM UTC",lookup,,
baafb5ba-c013-4b4a-9368-cfd336f5a8f4,Dane Wagler,Lee's Summit MO PD,6199,"06/16/2026, 10:00:14 AM UTC
07/16/2026, 10:00:14 AM UTC",REDACTED ,Obstructing the Police (Fleeing/Eluding),REDACTED ,,"07/16/2026, 09:54:38 AM UTC",lookup,,
b08bddce-8bb2-4ba4-9ca4-4b85d14a0206,Dane Wagler,Lee's Summit MO PD,6199,"06/16/2026, 10:00:14 AM UTC
07/16/2026, 10:00:14 AM UTC",REDACTED ,Obstructing the Police (Fleeing/Eluding),REDACTED ,,"07/16/2026, 09:50:08 AM UTC",lookup,,
eeac4d44-b353-485e-a942-e6290b6853db,Dane Wagler,Lee's Summit MO PD,6199,"06/16/2026, 10:00:14 AM UTC
07/16/2026, 10:00:14 AM UTC",REDACTED ,Obstructing the Police (Fleeing/Eluding),REDACTED ,,"07/16/2026, 09:49:07 AM UTC",lookup,,
334b8259-9fbd-4220-8e82-4201383c6cd0,Dane Wagler,Lee's Summit MO PD,6199,"06/16/2026, 10:00:14 AM UTC
07/16/2026, 10:00:14 AM UTC",REDACTED ,Obstructing the Police (Fleeing/Eluding),REDACTED ,,"07/16/2026, 09:45:15 AM UTC",lookup,,
eddbf3f2-3007-4573-aadc-26f86f8293f5,Dane Wagler,Lee's Summit MO PD,350,"06/16/2026, 10:00:22 AM UTC
07/16/2026, 10:00:22 AM UTC",REDACTED ,Obstructing the Police (Fleeing/Eluding),REDACTED ,,"07/16/2026, 09:44:38 AM UTC",lookup,,
3c0fa4f8-9bdb-4ded-9afd-dc00cca0553a,Dane Wagler,Lee's Summit MO PD,350,"06/16/2026, 10:00:22 AM UTC
07/16/2026, 10:00:22 AM UTC",REDACTED ,Obstructing the Police (Fleeing/Eluding),REDACTED ,,"07/16/2026, 09:43:34 AM UTC",lookup,,
6da76af2-6642-457e-bdac-2963a224f62e,Dane Wagler,Lee's Summit MO PD,350,"06/16/2026, 10:00:22 AM UTC
07/16/2026, 10:00:22 AM UTC",REDACTED ,Obstructing the Police (Fleeing/Eluding),REDACTED ,,"07/16/2026, 09:42:51 AM UTC",lookup,,
4fdeae35-4c64-4952-a602-b2e3b86b0687,Dane Wagler,Lee's Summit MO PD,350,"06/16/2026, 10:00:22 AM UTC
07/16/2026, 10:00:22 AM UTC",REDACTED ,Obstructing the Police (Fleeing/Eluding),REDACTED ,,"07/16/2026, 09:40:19 AM UTC",lookup,,
fe3e03cc-b1a5-48b6-9faa-19ed754cdba9,Dane Wagler,Lee's Summit MO PD,350,"06/16/2026, 10:00:22 AM UTC
07/16/2026, 10:00:22 AM UTC",REDACTED ,Obstructing the Police (Fleeing/Eluding),REDACTED ,,"07/16/2026, 09:39:27 AM UTC",lookup,,
b6154a73-e432-43c4-b329-d3d2c0c0867d,Dane Wagler,Lee's Summit MO PD,1018,"07/16/2026, 08:00:51 AM UTC
07/16/2026, 10:00:51 AM UTC",REDACTED ,Obstructing the Police (Fleeing/Eluding),REDACTED ,,"07/16/2026, 09:39:11 AM UTC",lookup,,
a3aeb2d1-856f-4bdb-b5ae-0951bb64440e,Clayton Majors,Lee's Summit MO PD,1018,"07/15/2026, 08:00:27 AM UTC
07/16/2026, 08:00:27 AM UTC",REDACTED ,Hit and Run/Car Accident - Attempt to locate,REDACTED ,arizona,"07/16/2026, 08:19:52 AM UTC",lookup,,
ffe4c296-0354-4d56-bc03-306a8b4c7b6e,Clayton Majors,Lee's Summit MO PD,1018,"07/15/2026, 08:00:27 AM UTC
07/16/2026, 08:00:27 AM UTC",REDACTED ,Hit and Run/Car Accident - Attempt to locate,REDACTED ,arizona,"07/16/2026, 08:08:21 AM UTC",lookup,,
1bf67bac-b300-46dd-b875-724e28c63d1c,Clayton Majors,Lee's Summit MO PD,1018,"07/15/2026, 08:00:27 AM UTC
07/16/2026, 08:00:27 AM UTC",REDACTED ,Hit and Run/Car Accident - Attempt to locate,REDACTED ,arizona,"07/16/2026, 08:05:04 AM UTC",lookup,,
735348f9-7962-4457-8140-506becc4e87e,Clayton Majors,Lee's Summit MO PD,1018,"07/15/2026, 08:00:27 AM UTC
07/16/2026, 08:00:27 AM UTC",REDACTED ,Hit and Run/Car Accident - Attempt to locate,REDACTED ,arizona,"07/16/2026, 07:54:29 AM UTC",lookup,,
ddbd9d29-88a6-44e2-83e6-24227bf1520a,Clayton Majors,Lee's Summit MO PD,1018,"07/15/2026, 07:30:37 AM UTC
07/16/2026, 07:30:37 AM UTC",REDACTED ,Wanted Person (Arrest Warrant/Fugitive) - ATL Registered owner with warrants,REDACTED ,missouri,"07/16/2026, 07:21:39 AM UTC",lookup,,
b00649ef-941e-4b3f-8039-4586c0a7dda3,Clayton Majors,Lee's Summit MO PD,1018,"07/16/2026, 05:30:58 AM UTC
07/16/2026, 07:30:58 AM UTC",REDACTED ,Wanted Person (Arrest Warrant/Fugitive) - ATL Registered owner with warrants,REDACTED ,missouri,"07/16/2026, 07:21:33 AM UTC",lookup,,
b2f6d45d-483a-43af-8141-1d2377a98428,Grace DiStefano,Lee's Summit MO PD,1018,"07/15/2026, 03:00:28 AM UTC
07/16/2026, 03:00:28 AM UTC",REDACTED ,Driving Under the Influence (DUI/DWI/OWI/OVI) - dui,REDACTED ,,"07/16/2026, 02:38:30 AM UTC",lookup,,
792df317-bbd5-4dcb-accb-0422956e7d92,Cristopher Drake,Lee's Summit MO PD,1019,"07/15/2026, 01:00:00 AM UTC
07/16/2026, 03:00:00 AM UTC",REDACTED ,Driving Under the Influence (DUI/DWI/OWI/OVI),REDACTED ,,"07/16/2026, 02:38:29 AM UTC",lookup,,
7734f1bf-1983-49aa-ae08-381894d29b18,Grace DiStefano,Lee's Summit MO PD,1018,"07/16/2026, 01:00:04 AM UTC
07/16/2026, 03:00:04 AM UTC",REDACTED ,Driving Under the Influence (DUI/DWI/OWI/OVI) - dui,REDACTED ,,"07/16/2026, 02:38:23 AM UTC",lookup,,
d7855216-f641-4778-bcf4-51b42f8b8a71,Grace DiStefano,Lee's Summit MO PD,1018,"07/16/2026, 01:00:04 AM UTC
07/16/2026, 03:00:04 AM UTC",REDACTED ,Driving Under the Influence (DUI/DWI/OWI/OVI) - dui,REDACTED ,,"07/16/2026, 02:38:18 AM UTC",lookup,,
0725c786-d1e6-4e3c-99e5-e7e85306e678,Cristopher Drake,Lee's Summit MO PD,1019,"07/16/2026, 01:00:21 AM UTC
07/16/2026, 03:00:21 AM UTC",REDACTED ,Driving Under the Influence (DUI/DWI/OWI/OVI),REDACTED ,,"07/16/2026, 02:37:47 AM UTC",lookup,,
447ebac1-57b5-4764-9927-0cef7c036b5d,Austin Prindle,Lee's Summit MO PD,1018,"07/15/2026, 03:00:10 AM UTC
07/16/2026, 03:00:10 AM UTC",REDACTED ,Alcohol Offenses (Non-DUI),REDACTED ,,"07/16/2026, 02:37:12 AM UTC",lookup,,
eeee9c0c-f679-46c6-a5cd-c6694c8c3764,Austin Prindle,Lee's Summit MO PD,1018,"07/16/2026, 01:00:46 AM UTC
07/16/2026, 03:00:46 AM UTC",REDACTED ,Alcohol Offenses (Non-DUI),REDACTED ,,"07/16/2026, 02:37:07 AM UTC",lookup,,
003b8650-f7c4-414c-9201-d450a8443ccf,Caylie Colombo,Lee's Summit MO PD,1018,"07/14/2026, 03:00:50 AM UTC
07/16/2026, 03:00:50 AM UTC",REDACTED ,Alcohol Offenses (Non-DUI),REDACTED ,REDACTED ,"07/16/2026, 02:36:53 AM UTC",search,,
0f53dff7-3d26-4a29-9328-aa1b9e5e641a,Caylie Colombo,Lee's Summit MO PD,1018,"07/16/2026, 12:30:10 AM UTC
07/16/2026, 02:30:10 AM UTC",REDACTED ,Alcohol Offenses (Non-DUI),REDACTED ,REDACTED ,"07/16/2026, 02:36:41 AM UTC",search,,
79faee6b-0235-4560-92fd-fc582af37f67,Caylie Colombo,Lee's Summit MO PD,1018,"07/16/2026, 12:30:10 AM UTC
07/16/2026, 02:30:10 AM UTC",REDACTED ,Alcohol Offenses (Non-DUI),REDACTED ,REDACTED ,"07/16/2026, 02:36:33 AM UTC",search,,
28dfa980-4dca-4d6c-aba5-6670e87983b9,Caylie Colombo,Lee's Summit MO PD,1018,"07/16/2026, 12:30:10 AM UTC
07/16/2026, 02:30:10 AM UTC",REDACTED ,Alcohol Offenses (Non-DUI),REDACTED ,REDACTED ,"07/16/2026, 02:36:11 AM UTC",search,,
c2e6f283-2656-4023-8f8b-8fe53bcee50e,Cristopher Drake,Lee's Summit MO PD,1019,"07/16/2026, 01:00:21 AM UTC
07/16/2026, 03:00:21 AM UTC",REDACTED ,Driving Under the Influence (DUI/DWI/OWI/OVI),REDACTED ,,"07/16/2026, 02:34:57 AM UTC",lookup,,
9ec54030-93e2-43ee-96dd-358bdcae9963,Caylie Colombo,Lee's Summit MO PD,1018,"07/16/2026, 12:30:10 AM UTC
07/16/2026, 02:30:10 AM UTC",REDACTED ,Alcohol Offenses (Non-DUI),REDACTED ,REDACTED ,"07/16/2026, 02:34:47 AM UTC",search,,
63004c03-ab7a-4e44-808a-a9d9691d72fd,Caylie Colombo,Lee's Summit MO PD,1018,"07/16/2026, 12:30:10 AM UTC
07/16/2026, 02:30:10 AM UTC",REDACTED ,Alcohol Offenses (Non-DUI),REDACTED ,REDACTED ,"07/16/2026, 02:33:52 AM UTC",search,,
44f1c0c4-cebd-484b-9aa6-3ba2687af3ff,Caylie Colombo,Lee's Summit MO PD,1018,"07/16/2026, 12:30:10 AM UTC
07/16/2026, 02:30:10 AM UTC",REDACTED ,Alcohol Offenses (Non-DUI),REDACTED ,REDACTED ,"07/16/2026, 02:33:16 AM UTC",search,,
03b55294-4290-4ae1-b345-336d2e90f9cc,Caylie Colombo,Lee's Summit MO PD,1018,"07/16/2026, 12:30:10 AM UTC
07/16/2026, 02:30:10 AM UTC",REDACTED ,Alcohol Offenses (Non-DUI),REDACTED ,REDACTED ,"07/16/2026, 02:33:08 AM UTC",search,,
d1e16c8e-11be-430c-a08e-d7d1d6176a69,Caylie Colombo,Lee's Summit MO PD,1018,"07/16/2026, 12:30:10 AM UTC
07/16/2026, 02:30:10 AM UTC",REDACTED ,Alcohol Offenses (Non-DUI),REDACTED ,REDACTED ,"07/16/2026, 02:32:32 AM UTC",search,,
f9265aae-9be5-4ee3-bfb2-770575252aa5,Caylie Colombo,Lee's Summit MO PD,1018,"07/16/2026, 12:30:10 AM UTC
07/16/2026, 02:30:10 AM UTC",REDACTED ,Alcohol Offenses (Non-DUI),REDACTED ,REDACTED ,"07/16/2026, 02:32:18 AM UTC",search,,
6f9f4064-47b9-47b8-8cc5-2191c80d85d4,Caylie Colombo,Lee's Summit MO PD,1018,"07/16/2026, 12:30:10 AM UTC
07/16/2026, 02:30:10 AM UTC",REDACTED ,Alcohol Offenses (Non-DUI),REDACTED ,REDACTED ,"07/16/2026, 02:32:14 AM UTC",search,,
5d95cb71-9f5c-4a42-9950-d6e5656ece92,Caylie Colombo,Lee's Summit MO PD,1018,"07/16/2026, 12:30:10 AM UTC
07/16/2026, 02:30:10 AM UTC",REDACTED ,Alcohol Offenses (Non-DUI),REDACTED ,REDACTED ,"07/16/2026, 02:32:11 AM UTC",search,,
87c0e5f7-45c4-4f14-90f7-efce2a842ae4,Caylie Colombo,Lee's Summit MO PD,1018,"07/16/2026, 12:30:10 AM UTC
07/16/2026, 02:30:10 AM UTC",REDACTED ,Alcohol Offenses (Non-DUI),REDACTED ,REDACTED ,"07/16/2026, 02:31:57 AM UTC",search,,
9c1d10a1-a167-4dc2-823b-c4628b9d034d,Caylie Colombo,Lee's Summit MO PD,1018,"07/16/2026, 12:30:10 AM UTC
07/16/2026, 02:30:10 AM UTC",REDACTED ,Alcohol Offenses (Non-DUI),REDACTED ,REDACTED ,"07/16/2026, 02:30:19 AM UTC",search,,
1bef9e08-8941-4129-af97-0601f39f4351,Caylie Colombo,Lee's Summit MO PD,1018,"07/16/2026, 12:30:10 AM UTC
07/16/2026, 02:30:10 AM UTC",REDACTED ,Alcohol Offenses (Non-DUI),REDACTED ,REDACTED ,"07/16/2026, 02:29:58 AM UTC",search,,
420be9d6-1e41-481c-b6cf-bcace0fa73cb,Caylie Colombo,Lee's Summit MO PD,1018,"07/16/2026, 12:30:10 AM UTC
07/16/2026, 02:30:10 AM UTC",REDACTED ,Alcohol Offenses (Non-DUI),REDACTED ,REDACTED ,"07/16/2026, 02:29:52 AM UTC",search,,
efed540c-28ba-4009-8188-304b011d7667,Caylie Colombo,Lee's Summit MO PD,1018,"07/16/2026, 12:30:10 AM UTC
07/16/2026, 02:30:10 AM UTC",REDACTED ,Alcohol Offenses (Non-DUI),REDACTED ,,"07/16/2026, 02:29:47 AM UTC",lookup,,
9d58fc2d-8b7c-4063-98ef-26293b46a179,Caylie Colombo,Lee's Summit MO PD,1018,"07/16/2026, 12:30:10 AM UTC
07/16/2026, 02:30:10 AM UTC",REDACTED ,Alcohol Offenses (Non-DUI),REDACTED ,,"07/16/2026, 02:29:37 AM UTC",lookup,,
1a792813-3778-4045-bb1a-d5747fc33e90,Caylie Colombo,Lee's Summit MO PD,1018,"07/16/2026, 12:30:10 AM UTC
07/16/2026, 02:30:10 AM UTC",REDACTED ,Alcohol Offenses (Non-DUI),REDACTED ,,"07/16/2026, 02:29:23 AM UTC",lookup,,
aecb217b-3f68-4a9d-8452-0d0b1910c8f7,Andrew Ewing,Lee's Summit MO PD,1019,"07/16/2026, 12:30:39 AM UTC
07/16/2026, 02:30:39 AM UTC",REDACTED ,Traffic Infraction,REDACTED ,REDACTED ,"07/16/2026, 02:12:40 AM UTC",search,,
cedbae2c-7c56-45c0-905a-6611e1247929,Addison Smith,Lee's Summit MO PD,1019,"07/15/2026, 11:00:57 PM UTC
07/16/2026, 01:00:57 AM UTC",REDACTED ,Motor Vehicle Theft/Stolen,REDACTED ,,"07/16/2026, 12:53:14 AM UTC",lookup,,
7c04fc1b-d002-4c17-92b4-ffc4502063a0,Andrew Ewing,Lee's Summit MO PD,6200,"06/15/2026, 11:00:23 PM UTC
07/15/2026, 11:00:23 PM UTC",REDACTED ,Human Trafficking,REDACTED ,,"07/15/2026, 11:42:54 PM UTC",lookup,,
ce269d90-0904-40d2-8acb-5265857bcdf4,Andrew Ewing,Lee's Summit MO PD,6200,"06/15/2026, 11:00:23 PM UTC
07/15/2026, 11:00:23 PM UTC",REDACTED ,Human Trafficking,REDACTED ,,"07/15/2026, 10:53:25 PM UTC",lookup,,
d16b4b7a-8ba2-4d7f-939e-e7599899190c,Andrew Ewing,Lee's Summit MO PD,6200,"06/15/2026, 11:00:08 PM UTC
07/15/2026, 11:00:08 PM UTC",REDACTED ,Human Trafficking,REDACTED ,,"07/15/2026, 10:53:11 PM UTC",lookup,,
4c051146-c2ed-4a25-802e-33fb920e7d1c,Bradford Smith,Lee's Summit MO PD,1018,"07/15/2026, 08:30:31 PM UTC
07/15/2026, 10:30:31 PM UTC",REDACTED ,Hit and Run/Car Accident - CRASH,REDACTED ,REDACTED ,"07/15/2026, 10:41:08 PM UTC",search,,
972aa62f-a4e1-4e50-aa25-7e93bb32ee03,Andrew Ewing,Lee's Summit MO PD,6200,"07/12/2026, 11:00:00 PM UTC
07/15/2026, 11:00:00 PM UTC",REDACTED ,Human Trafficking,REDACTED ,,"07/15/2026, 10:40:53 PM UTC",lookup,,
c638f8f9-31b3-41d4-8d67-4191c60f7fa0,Andrew Ewing,Lee's Summit MO PD,6200,"07/14/2026, 11:00:29 PM UTC
07/15/2026, 11:00:29 PM UTC",REDACTED ,Human Trafficking,REDACTED ,,"07/15/2026, 10:40:31 PM UTC",lookup,,
4da75537-99c4-4ef4-b879-6999218bcb40,Andrew Ewing,Lee's Summit MO PD,1019,"07/13/2026, 11:00:00 PM UTC
07/15/2026, 11:00:00 PM UTC",REDACTED ,Human Trafficking,REDACTED ,,"07/15/2026, 10:40:18 PM UTC",lookup,,
7e943495-4110-4e37-af79-3313cc3ffbfd,Andrew Ewing,Lee's Summit MO PD,1019,"07/01/2026, 11:00:30 PM UTC
07/15/2026, 11:00:30 PM UTC",REDACTED ,Human Trafficking,REDACTED ,,"07/15/2026, 10:38:32 PM UTC",lookup,,
e36093cd-db2d-458a-875c-c115ba678010,Bradford Smith,Lee's Summit MO PD,1018,"07/15/2026, 08:30:31 PM UTC
07/15/2026, 10:30:31 PM UTC",REDACTED ,Hit and Run/Car Accident,REDACTED ,REDACTED ,"07/15/2026, 10:24:56 PM UTC",search,,
902e999a-3b17-44b0-ba16-356b4cb1ac29,Bradford Smith,Lee's Summit MO PD,1018,"07/15/2026, 08:30:31 PM UTC
07/15/2026, 10:30:31 PM UTC",REDACTED ,Hit and Run/Car Accident,REDACTED ,,"07/15/2026, 10:24:39 PM UTC",lookup,,
37b0b902-e609-4574-940b-1da3b4f92fad,API User (Axon),Lee's Summit MO PD,2,"07/14/2026, 09:17:56 PM UTC
07/15/2026, 09:17:56 PM UTC",REDACTED ,Test,REDACTED ,,"07/15/2026, 09:18:00 PM UTC",apiLookup,,
184feb97-be04-4cfa-ae6d-becb7d3d94eb,Luke Wilson,Lee's Summit MO PD,2,"06/14/2026, 05:18:00 AM UTC
07/16/2026, 12:00:00 AM UTC",REDACTED ,Larceny/Theft Offenses,REDACTED ,kansas,"07/15/2026, 09:17:12 PM UTC",lookup,,
b95c9abc-079e-45c0-af9b-6170986a2832,Luke Wilson,Lee's Summit MO PD,2,"07/01/2026, 05:18:00 AM UTC
07/16/2026, 12:00:00 AM UTC",REDACTED ,Larceny/Theft Offenses,REDACTED ,kansas,"07/15/2026, 09:17:01 PM UTC",lookup,,
f107fe56-de85-4943-b3e3-7630d99b783c,Luke Wilson,Lee's Summit MO PD,1019,"07/01/2026, 05:18:00 AM UTC
07/16/2026, 12:00:00 AM UTC",REDACTED ,Larceny/Theft Offenses,REDACTED ,kansas,"07/15/2026, 09:16:43 PM UTC",lookup,,
570886f5-157b-42c2-8c85-667aa287e911,Luke Wilson,Lee's Summit MO PD,1019,"07/08/2026, 05:18:00 AM UTC
07/16/2026, 12:00:00 AM UTC",REDACTED ,Larceny/Theft Offenses,REDACTED ,kansas,"07/15/2026, 09:16:27 PM UTC",lookup,,
2275315f-1364-4b8f-97f1-d5e234ca5992,Lukas Pace,Lee's Summit MO PD,1019,"06/15/2026, 09:00:19 PM UTC
07/15/2026, 09:00:19 PM UTC",REDACTED ,Assault/Battery Offenses,REDACTED ,missouri,"07/15/2026, 08:39:23 PM UTC",lookup,,
946b37de-7f22-4d76-8b35-219833141591,Lukas Pace,Lee's Summit MO PD,1019,"06/15/2026, 09:00:19 PM UTC
07/15/2026, 09:00:19 PM UTC",REDACTED ,Assault/Battery Offenses,REDACTED ,missouri,"07/15/2026, 08:38:21 PM UTC",lookup,,
2f17e824-0073-41cf-bf4e-689e23269abe,Lukas Pace,Lee's Summit MO PD,1019,"07/15/2026, 07:00:46 PM UTC
07/15/2026, 09:00:46 PM UTC",REDACTED ,Assault/Battery Offenses,REDACTED ,missouri,"07/15/2026, 08:38:12 PM UTC",lookup,,
a6c549fa-b7ec-4676-9039-a403659a3b8c,Owen Colyne,Lee's Summit MO PD,1018,"07/15/2026, 06:30:23 PM UTC
07/15/2026, 08:30:23 PM UTC",REDACTED ,Welfare Check,REDACTED ,,"07/15/2026, 08:19:06 PM UTC",lookup,,
0e1ed639-8c19-4444-874e-d9c561297274,Brent Evans,Lee's Summit MO PD,6198,"06/15/2026, 08:00:03 PM UTC
07/15/2026, 08:00:03 PM UTC",REDACTED ,Sex Offenses - The Charles ,REDACTED ,,"07/15/2026, 07:44:05 PM UTC",lookup,,
6d48b3fc-7f13-46a5-9814-0236742d362a,Brent Evans,Lee's Summit MO PD,6198,"07/14/2026, 08:00:43 PM UTC
07/15/2026, 08:00:43 PM UTC",REDACTED ,Sex Offenses - The Charles ,REDACTED ,,"07/15/2026, 07:42:44 PM UTC",lookup,,
44876559-3c39-44b2-b236-0edf46583fd9,Brent Evans,Lee's Summit MO PD,6198,"07/15/2026, 06:00:26 PM UTC
07/15/2026, 08:00:26 PM UTC",REDACTED ,Sex Offenses - The Charles ,REDACTED ,,"07/15/2026, 07:42:36 PM UTC",lookup,,
4e41f00d-5d43-45c1-a641-88e756600db2,Jennifer Kudzinski,Lee's Summit MO PD,2,"07/14/2026, 12:30:46 PM UTC
07/15/2026, 12:30:46 PM UTC",REDACTED ,Stolen Property Offenses - Looking for Suspect,REDACTED ,,"07/15/2026, 07:38:13 PM UTC",lookup,,
cc253734-a08b-4a4a-8f47-332ff139c7fb,Luke Wilson,Lee's Summit MO PD,1019,"07/12/2026, 05:18:00 AM UTC
07/16/2026, 12:00:00 AM UTC",REDACTED ,Larceny/Theft Offenses,REDACTED ,kansas,"07/15/2026, 07:10:59 PM UTC",lookup,,
db4f1ac6-2e5f-46d9-9d74-bc76e9a548b2,Jennifer Maynard,Lee's Summit MO PD,995,"07/08/2026, 06:09:58 PM UTC
07/15/2026, 06:09:58 PM UTC",REDACTED ,Drugs/Narcotics,REDACTED ,,"07/15/2026, 06:09:59 PM UTC",lookup - Mobile,,
56cc40d2-289a-470f-9c4e-03d6c3555c62,Jennifer Maynard,Lee's Summit MO PD,995,"07/14/2026, 06:09:56 PM UTC
07/15/2026, 06:09:56 PM UTC",REDACTED ,Drugs/Narcotics,REDACTED ,,"07/15/2026, 06:09:57 PM UTC",lookup - Mobile,,
25029390-6bb8-4455-8ec8-97d319dbe4fe,Jennifer Maynard,Lee's Summit MO PD,995,"03/16/2026, 05:00:00 AM UTC
04/13/2026, 05:34:59 PM UTC",REDACTED ,Drugs/Narcotics,REDACTED ,,"07/15/2026, 06:09:53 PM UTC",lookup - Mobile,,
33c1be2c-e17e-4ec8-babd-b430cb73a3a5,Jennifer Maynard,Lee's Summit MO PD,995,"03/16/2026, 05:00:00 AM UTC
04/13/2026, 05:34:59 PM UTC",REDACTED ,Drugs/Narcotics,REDACTED ,missouri,"07/15/2026, 06:09:51 PM UTC",lookup - Mobile,,
bdf7458f-f36c-43af-b381-7699a590f855,Jennifer Maynard,Lee's Summit MO PD,2,"03/16/2026, 05:00:00 AM UTC
04/13/2026, 05:34:59 PM UTC",REDACTED ,Drugs/Narcotics,REDACTED ,missouri,"07/15/2026, 06:09:48 PM UTC",lookup - Mobile,,
07da994f-d546-443d-9534-1ec5b6ac8db0,Owen Colyne,Lee's Summit MO PD,1018,"07/08/2026, 05:30:04 PM UTC
07/15/2026, 05:30:04 PM UTC",REDACTED ,Wanted Person (Arrest Warrant/Fugitive),REDACTED ,,"07/15/2026, 05:17:07 PM UTC",lookup,,
8a317ddc-fc6d-4a4b-aed8-8fd2eb41e79b,Matthew Long,Lee's Summit MO PD,1018,"07/13/2026, 03:30:24 PM UTC
07/15/2026, 03:30:24 PM UTC",REDACTED ,Assault/Battery Offenses - Vehicle Identification,REDACTED ,"SUV, black, missouri","07/15/2026, 03:27:48 PM UTC",lookup,,
afe2f4af-f7ab-4c88-860c-dc1124a40980,Matthew Long,Lee's Summit MO PD,1018,"07/13/2026, 03:30:24 PM UTC
07/15/2026, 03:30:24 PM UTC",REDACTED ,Assault/Battery Offenses - Vehicle Identification,REDACTED ,"SUV, black, missouri","07/15/2026, 03:25:59 PM UTC",lookup,,
4d509602-bad4-4127-afa4-35cbf07b8168,David Arnold,Lee's Summit MO PD,1019,"06/15/2026, 01:00:45 PM UTC
07/15/2026, 01:00:45 PM UTC",REDACTED ,Larceny/Theft Offenses,REDACTED ,,"07/15/2026, 12:47:54 PM UTC",lookup,,
3f3dd3e0-d629-478e-ad4f-d70da530806e,Jason Rosarius,Lee's Summit MO PD,6198,"06/15/2026, 01:00:10 PM UTC
07/15/2026, 01:00:10 PM UTC",REDACTED ,Motor Vehicle Theft/Stolen - fresh stolen auto,REDACTED ,,"07/15/2026, 12:32:05 PM UTC",lookup,,
73e2e90b-3c2c-46f2-807d-f2985a9fa078,Jeremy Verhulst,Lee's Summit MO PD,994,"07/15/2026, 06:30:17 AM UTC
07/15/2026, 12:30:17 PM UTC",REDACTED ,Motor Vehicle Theft/Stolen,REDACTED ,"Toyota, white, missouri","07/15/2026, 12:30:18 PM UTC",lookup - Mobile,,
24abd20c-5f80-4c38-aa0e-3ec7aae744ad,Jason Rosarius,Lee's Summit MO PD,6198,"06/15/2026, 01:00:10 PM UTC
07/15/2026, 01:00:10 PM UTC",REDACTED ,Motor Vehicle Theft/Stolen - fresh stolen auto,REDACTED ,,"07/15/2026, 12:30:14 PM UTC",lookup,,
11be1e95-9595-42a8-b40a-21281139a07c,Jeremy Verhulst,Lee's Summit MO PD,994,"07/15/2026, 06:28:51 AM UTC
07/15/2026, 12:28:51 PM UTC",REDACTED ,Motor Vehicle Theft/Stolen,REDACTED ,"Toyota, white, missouri","07/15/2026, 12:28:52 PM UTC",lookup - Mobile,,
a701f27b-f56c-487d-979b-6f1a4e71fe2f,Jeremy Verhulst,Lee's Summit MO PD,994,"07/15/2026, 06:27:29 AM UTC
07/15/2026, 12:27:29 PM UTC",REDACTED ,Motor Vehicle Theft/Stolen,REDACTED ,"Toyota, white, missouri","07/15/2026, 12:27:29 PM UTC",lookup - Mobile,,
01f39916-2f64-402a-8fe7-875a51029521,Jeremy Verhulst,Lee's Summit MO PD,994,"07/15/2026, 06:26:25 AM UTC
07/15/2026, 12:26:25 PM UTC",REDACTED ,Motor Vehicle Theft/Stolen,REDACTED ,"Toyota, white, missouri","07/15/2026, 12:26:25 PM UTC",lookup - Mobile,,
efe91190-0fa0-4902-83e3-b1cea724b842,Jeremy Verhulst,Lee's Summit MO PD,994,"07/15/2026, 06:25:07 AM UTC
07/15/2026, 12:25:07 PM UTC",REDACTED ,Motor Vehicle Theft/Stolen,REDACTED ,"Toyota, white, missouri","07/15/2026, 12:25:07 PM UTC",lookup - Mobile,,
1949c068-b0ec-4e0b-9b1b-fdf582083b7d,Jeremy Verhulst,Lee's Summit MO PD,994,"07/15/2026, 06:23:28 AM UTC
07/15/2026, 12:23:28 PM UTC",REDACTED ,Motor Vehicle Theft/Stolen,REDACTED ,"Toyota, white, missouri","07/15/2026, 12:23:29 PM UTC",lookup - Mobile,,
c8401788-b36a-49f0-9f5b-0ce88bd8edc3,Brandy Flores,Lee's Summit MO PD,1019,"07/08/2026, 12:30:57 PM UTC
07/15/2026, 12:30:57 PM UTC",REDACTED ,Motor Vehicle Theft/Stolen,REDACTED ,,"07/15/2026, 12:21:57 PM UTC",lookup,,
dc957241-008c-49cd-9274-bb6e0a2e1775,Jeremy Verhulst,Lee's Summit MO PD,994,"07/15/2026, 06:19:57 AM UTC
07/15/2026, 12:19:57 PM UTC",REDACTED ,Motor Vehicle Theft/Stolen,REDACTED ,"Toyota, white, missouri","07/15/2026, 12:19:59 PM UTC",lookup - Mobile,,
2fb82a2f-1da3-4131-a0f3-fee3e4778dd5,Jeremy Verhulst,Lee's Summit MO PD,994,"07/15/2026, 06:17:37 AM UTC
07/15/2026, 12:17:37 PM UTC",REDACTED ,Motor Vehicle Theft/Stolen,REDACTED ,"Toyota, white, missouri","07/15/2026, 12:17:38 PM UTC",lookup - Mobile,,
8dbccba6-9b6c-4325-aa62-a9757e7a0074,Jeremy Verhulst,Lee's Summit MO PD,994,"07/15/2026, 06:16:34 AM UTC
07/15/2026, 12:16:34 PM UTC",REDACTED ,Motor Vehicle Theft/Stolen,REDACTED ,"Toyota, white, missouri","07/15/2026, 12:16:34 PM UTC",lookup - Mobile,,
fd7cb024-7dac-4703-9fef-e7a5f96a8b62,Jennifer Kudzinski,Lee's Summit MO PD,2,"07/14/2026, 12:30:46 PM UTC
07/15/2026, 12:30:46 PM UTC",REDACTED ,Stolen Property Offenses - Looking for Suspect,REDACTED ,,"07/15/2026, 12:15:49 PM UTC",lookup,,
5e589230-369b-4773-87af-69e66ab8cccf,Jeremy Verhulst,Lee's Summit MO PD,994,"07/15/2026, 06:15:23 AM UTC
07/15/2026, 12:15:23 PM UTC",REDACTED ,Motor Vehicle Theft/Stolen,REDACTED ,"Toyota, white, missouri","07/15/2026, 12:15:23 PM UTC",lookup - Mobile,,
c762c1b6-69e9-4274-bf5b-973d1e0170be,Brandy Flores,Lee's Summit MO PD,1019,"07/08/2026, 12:30:57 PM UTC
07/15/2026, 12:30:57 PM UTC",REDACTED ,Motor Vehicle Theft/Stolen,REDACTED ,,"07/15/2026, 12:14:12 PM UTC",lookup,,
749c56b5-7b3a-41a8-ab92-710f5d58eaaf,Jeremy Verhulst,Lee's Summit MO PD,994,"07/15/2026, 06:14:06 AM UTC
07/15/2026, 12:14:06 PM UTC",REDACTED ,Motor Vehicle Theft/Stolen,REDACTED ,"Toyota, white, missouri","07/15/2026, 12:14:07 PM UTC",lookup - Mobile,,
8c6f006d-49aa-430a-b53f-662a4ea39dab,Jeremy Verhulst,Lee's Summit MO PD,994,"07/15/2026, 06:12:09 AM UTC
07/15/2026, 12:12:09 PM UTC",REDACTED ,Motor Vehicle Theft/Stolen,REDACTED ,"Toyota, white, missouri","07/15/2026, 12:12:11 PM UTC",lookup - Mobile,,
625ea687-591f-406a-8f3d-f145e10b20be,Jeremy Verhulst,Lee's Summit MO PD,994,"07/15/2026, 06:09:32 AM UTC
07/15/2026, 12:09:32 PM UTC",REDACTED ,Motor Vehicle Theft/Stolen,REDACTED ,"Toyota, white, missouri","07/15/2026, 12:09:32 PM UTC",lookup - Mobile,,
9e2bac94-5f9b-4ae6-8965-5b641cbb2fda,Elizabeth Hoon,Lee's Summit MO PD,1019,"07/15/2026, 10:30:02 AM UTC
07/15/2026, 12:30:02 PM UTC",REDACTED ,Motor Vehicle Theft/Stolen,REDACTED ,,"07/15/2026, 12:08:31 PM UTC",lookup,,
e84d024f-0489-4fd8-b527-9a14a7a2d828,Jeremy Verhulst,Lee's Summit MO PD,994,"07/15/2026, 06:08:05 AM UTC
07/15/2026, 12:08:05 PM UTC",REDACTED ,Motor Vehicle Theft/Stolen,REDACTED ,"Toyota, white, missouri","07/15/2026, 12:08:06 PM UTC",lookup - Mobile,,
e4171709-1af8-4e06-b50f-52ca77e114b8,Brandy Flores,Lee's Summit MO PD,1019,"07/08/2026, 12:30:57 PM UTC
07/15/2026, 12:30:57 PM UTC",REDACTED ,Motor Vehicle Theft/Stolen,REDACTED ,,"07/15/2026, 12:08:04 PM UTC",lookup,,
c033437a-7425-4f73-9322-b0692c5b67d8,Jennifer Kudzinski,Lee's Summit MO PD,2,"07/14/2026, 12:30:30 PM UTC
07/15/2026, 12:30:30 PM UTC",REDACTED ,Stolen Property Offenses - Looking for Suspect,REDACTED ,,"07/15/2026, 12:06:33 PM UTC",lookup,,
afe6186b-dd3d-46d1-805b-ecb8fa9e5121,Jeremy Verhulst,Lee's Summit MO PD,994,"07/15/2026, 06:06:23 AM UTC
07/15/2026, 12:06:23 PM UTC",REDACTED ,Motor Vehicle Theft/Stolen,REDACTED ,"Toyota, white, missouri","07/15/2026, 12:06:24 PM UTC",lookup - Mobile,,
e9389e37-a8e3-46f4-866a-ea82f1f85434,Jennifer Kudzinski,Lee's Summit MO PD,2,"06/09/2026, 04:00:16 PM UTC
07/09/2026, 04:00:16 PM UTC",REDACTED ,Assault/Battery Offenses - Suspect vehicle search,REDACTED ,,"07/15/2026, 12:05:48 PM UTC",lookup,,
ac0cd394-57ef-4713-8480-bd884682dd66,Jeremy Verhulst,Lee's Summit MO PD,994,"07/15/2026, 12:05:12 AM UTC
07/15/2026, 12:05:12 PM UTC",REDACTED ,Motor Vehicle Theft/Stolen,REDACTED ,missouri,"07/15/2026, 12:05:12 PM UTC",lookup - Mobile,,
d75d1098-5f2a-4c92-aa65-e04f5c74df17,Brandy Flores,Lee's Summit MO PD,1019,"07/08/2026, 12:30:57 PM UTC
07/15/2026, 12:30:57 PM UTC",REDACTED ,Motor Vehicle Theft/Stolen,REDACTED ,,"07/15/2026, 12:04:58 PM UTC",lookup,,
f5ce5359-c731-4663-b713-a8dd4c3aa79f,Jeremy Verhulst,Lee's Summit MO PD,994,"07/15/2026, 06:04:21 AM UTC
07/15/2026, 12:04:21 PM UTC",REDACTED ,Motor Vehicle Theft/Stolen,REDACTED ,missouri,"07/15/2026, 12:04:22 PM UTC",lookup - Mobile,,
61070dca-3541-43de-af28-7d0b426fa3be,Brandy Flores,Lee's Summit MO PD,1019,"07/08/2026, 12:30:57 PM UTC
07/15/2026, 12:30:57 PM UTC",REDACTED ,Motor Vehicle Theft/Stolen,REDACTED ,,"07/15/2026, 12:03:27 PM UTC",lookup,,
3accf7de-3807-4d96-b493-320c8419ef6a,Brandy Flores,Lee's Summit MO PD,1019,"07/08/2026, 12:30:57 PM UTC
07/15/2026, 12:30:57 PM UTC",REDACTED ,Motor Vehicle Theft/Stolen,REDACTED ,,"07/15/2026, 12:02:58 PM UTC",lookup,,
d51ef791-45d9-457c-8147-beafc35f6eb9,Brandy Flores,Lee's Summit MO PD,1019,"07/14/2026, 12:30:21 PM UTC
07/15/2026, 12:30:21 PM UTC",REDACTED ,Motor Vehicle Theft/Stolen,REDACTED ,,"07/15/2026, 12:01:37 PM UTC",lookup,,
6ddb9e1b-3f1f-4c12-b211-d8ee63c48a1c,Brandy Flores,Lee's Summit MO PD,1019,"07/14/2026, 12:30:21 PM UTC
07/15/2026, 12:30:21 PM UTC",REDACTED ,Motor Vehicle Theft/Stolen,REDACTED ,,"07/15/2026, 12:01:22 PM UTC",lookup,,
0356b92e-9d09-45a9-a18b-e6fd607e29a8,Brandy Flores,Lee's Summit MO PD,1019,"07/15/2026, 10:30:01 AM UTC
07/15/2026, 12:30:01 PM UTC",REDACTED ,Motor Vehicle Theft/Stolen,REDACTED ,,"07/15/2026, 12:01:18 PM UTC",lookup,,
610eb86c-8766-4881-a9a9-2a0a73de6402,Owen Colyne,Lee's Summit MO PD,1018,"07/08/2026, 11:00:19 AM UTC
07/15/2026, 11:00:19 AM UTC",REDACTED ,Wanted Person (Arrest Warrant/Fugitive),REDACTED ,,"07/15/2026, 10:57:22 AM UTC",lookup,,
27c34308-6af9-4d4d-81ce-5d151c5e33b2,Azlen Metscher,Lee's Summit MO PD,349,"06/15/2026, 08:30:29 AM UTC
07/15/2026, 08:30:29 AM UTC",REDACTED ,Larceny/Theft Offenses,REDACTED ,kansas,"07/15/2026, 08:06:33 AM UTC",lookup,,
c5809d74-2e3e-45fe-9dc1-c5de0a4eb5dd,Jake Christopherson,Lee's Summit MO PD,1018,"07/15/2026, 05:00:48 AM UTC
07/15/2026, 07:00:48 AM UTC",REDACTED ,Traffic Infraction,REDACTED ,,"07/15/2026, 06:58:16 AM UTC",lookup,,
9eb8726a-78e3-49d8-8387-f1747ef0ff62,Reece Bratcher,Lee's Summit MO PD,6199,"06/15/2026, 07:00:25 AM UTC
07/15/2026, 07:00:25 AM UTC",REDACTED ,Missing/Endangered Person/Runaway,REDACTED ,missouri,"07/15/2026, 06:30:52 AM UTC",lookup,,
66ed763e-4a08-48c4-9706-d2d25fbf482d,Bailey Miller,Lee's Summit MO PD,1019,"07/14/2026, 06:30:37 AM UTC
07/15/2026, 06:30:37 AM UTC",REDACTED ,Missing/Endangered Person/Runaway,REDACTED ,,"07/15/2026, 06:28:39 AM UTC",lookup,,
bbe3b2f8-4306-4a55-9ec8-b31e850ebf4d,Dalton Sterbenz,Lee's Summit MO PD,6198,"06/15/2026, 06:30:27 AM UTC
07/15/2026, 06:30:27 AM UTC",REDACTED ,Welfare Check,REDACTED ,,"07/15/2026, 06:28:28 AM UTC",lookup,,
6a0522cf-f3c8-43a4-a667-de77f85fd1a2,Dalton Sterbenz,Lee's Summit MO PD,2,"07/14/2026, 06:30:18 AM UTC
07/15/2026, 06:30:18 AM UTC",REDACTED ,Welfare Check,REDACTED ,,"07/15/2026, 06:28:21 AM UTC",lookup,,
354569c0-9516-4fb8-a6b4-c49d76b574db,Azlen Metscher,Lee's Summit MO PD,349,"06/15/2026, 06:00:47 AM UTC
07/15/2026, 06:00:47 AM UTC",REDACTED ,Missing/Endangered Person/Runaway,REDACTED ,missouri,"07/15/2026, 05:46:11 AM UTC",lookup,,
97bc6e63-9941-44b6-b9cb-3e357164c134,Azlen Metscher,Lee's Summit MO PD,349,"06/15/2026, 06:00:47 AM UTC
07/15/2026, 06:00:47 AM UTC",REDACTED ,Missing/Endangered Person/Runaway,REDACTED ,missouri,"07/15/2026, 05:40:24 AM UTC",lookup,,
0fb0b74a-4d42-4401-ae5c-c70b0481c13e,Azlen Metscher,Lee's Summit MO PD,2,"07/13/2026, 10:45:28 PM UTC
07/14/2026, 10:45:28 PM UTC",REDACTED ,Missing/Endangered Person/Runaway,REDACTED ,"missouri, false","07/15/2026, 05:40:20 AM UTC",convoy,,
4c3a3498-3843-4d50-b3f0-b8693e87fd20,Azlen Metscher,Lee's Summit MO PD,2,"07/13/2026, 10:45:28 PM UTC
07/14/2026, 10:45:28 PM UTC",REDACTED ,Missing/Endangered Person/Runaway,REDACTED ,"missouri, false","07/15/2026, 05:39:40 AM UTC",convoy,,
3f697b70-5e9d-41cd-a5f0-694da925c238,Dalton Sterbenz,Lee's Summit MO PD,6198,"07/14/2026, 06:00:53 AM UTC
07/15/2026, 06:00:53 AM UTC",REDACTED ,Welfare Check,REDACTED ,,"07/15/2026, 05:38:55 AM UTC",lookup,,
7e3c9de1-4442-4e50-ac68-4b9de14c4952,Azlen Metscher,Lee's Summit MO PD,349,"06/15/2026, 06:00:47 AM UTC
07/15/2026, 06:00:47 AM UTC",REDACTED ,Missing/Endangered Person/Runaway,REDACTED ,missouri,"07/15/2026, 05:37:50 AM UTC",lookup,,
342b5eb9-f57c-4574-abe0-34d925c34a2a,Dalton Sterbenz,Lee's Summit MO PD,6198,"06/15/2026, 05:30:57 AM UTC
07/15/2026, 05:30:57 AM UTC",REDACTED ,Welfare Check,REDACTED ,,"07/15/2026, 05:30:01 AM UTC",lookup,,
5f79f858-a655-4491-9aaf-311534046a64,Dalton Sterbenz,Lee's Summit MO PD,6198,"06/15/2026, 05:30:42 AM UTC
07/15/2026, 05:30:42 AM UTC",REDACTED ,Obstructing the Police (Fleeing/Eluding),REDACTED ,,"07/15/2026, 05:26:43 AM UTC",lookup,,
4d2e6771-3d30-44a7-8f7c-7d9976820379,Dalton Sterbenz,Lee's Summit MO PD,6198,"06/15/2026, 05:30:52 AM UTC
07/15/2026, 05:30:52 AM UTC",REDACTED ,Obstructing the Police (Fleeing/Eluding),REDACTED ,,"07/15/2026, 05:12:54 AM UTC",lookup,,
a97312f5-d365-4eb9-8c24-367229efece4,Dalton Sterbenz,Lee's Summit MO PD,6198,"06/15/2026, 05:30:52 AM UTC
07/15/2026, 05:30:52 AM UTC",REDACTED ,Obstructing the Police (Fleeing/Eluding),REDACTED ,,"07/15/2026, 05:04:55 AM UTC",lookup,,
0042fe59-dd52-49ff-a6c6-475b49308ec5,Jacob White,Lee's Summit MO PD,2,"06/15/2026, 01:30:05 AM UTC
07/15/2026, 01:30:05 AM UTC",REDACTED ,Wanted Person (Arrest Warrant/Fugitive),REDACTED ,,"07/15/2026, 01:31:46 AM UTC",lookup,,
47423241-0a4e-41b3-a507-bd2153e70182,Jacob White,Lee's Summit MO PD,2,"06/15/2026, 01:30:05 AM UTC
07/15/2026, 01:30:05 AM UTC",REDACTED ,Wanted Person (Arrest Warrant/Fugitive),REDACTED ,,"07/15/2026, 01:12:08 AM UTC",lookup,,
19e3fd11-796e-4e4f-97ad-f49b8169da2a,Jacob White,Lee's Summit MO PD,2,"07/07/2026, 10:00:09 PM UTC
07/14/2026, 10:00:09 PM UTC",REDACTED ,Wanted Person (Arrest Warrant/Fugitive),REDACTED ,,"07/15/2026, 01:12:01 AM UTC",lookup,,
f9b2cebe-823e-46c8-bfdd-9487d415b54a,Michael Reese,Lee's Summit MO PD,1019,"07/13/2026, 11:30:26 PM UTC
07/14/2026, 11:30:26 PM UTC",REDACTED ,Kidnapping/Abduction - Suspect Vehicle,REDACTED ,,"07/14/2026, 11:10:28 PM UTC",lookup,,
aebe8f47-ae66-48fa-a1fd-ba0d60035a0e,Michael Reese,Lee's Summit MO PD,1019,"07/01/2026, 03:00:00 PM UTC
07/14/2026, 10:00:00 PM UTC",REDACTED ,Kidnapping/Abduction - Suspect Vehicle,REDACTED ,,"07/14/2026, 11:10:12 PM UTC",lookup,,
6478c4d5-495f-4764-8b27-81529e4458cf,Darcy Boorem,Lee's Summit MO PD,1019,"06/14/2026, 11:30:50 PM UTC
07/14/2026, 11:30:50 PM UTC",REDACTED ,Kidnapping/Abduction,REDACTED ,,"07/14/2026, 11:01:52 PM UTC",lookup,,
688f7345-6fc4-4928-b999-4d8af12dfa20,Andrew Ewing,Lee's Summit MO PD,1019,"06/14/2026, 11:00:40 PM UTC
07/14/2026, 11:00:40 PM UTC",REDACTED ,Kidnapping/Abduction,REDACTED ,FALSE,"07/14/2026, 10:55:22 PM UTC",convoy,,
7f4c8d3e-16f5-4f13-a066-46aae7800836,Andrew Ewing,Lee's Summit MO PD,1019,"06/14/2026, 11:00:40 PM UTC
07/14/2026, 11:00:40 PM UTC",REDACTED ,Kidnapping/Abduction,REDACTED ,FALSE,"07/14/2026, 10:54:48 PM UTC",convoy,,
81541e76-a059-4ce8-92b7-c3f6f6369b01,Andrew Ewing,Lee's Summit MO PD,1019,"07/07/2026, 11:00:04 PM UTC
07/14/2026, 11:00:04 PM UTC",REDACTED ,Kidnapping/Abduction,REDACTED ,FALSE,"07/14/2026, 10:54:31 PM UTC",convoy,,
03c69f62-e530-4356-8d97-81a14be5c4fe,Andrew Ewing,Lee's Summit MO PD,1019,"07/07/2026, 11:00:04 PM UTC
07/14/2026, 11:00:04 PM UTC",REDACTED ,Kidnapping/Abduction,REDACTED ,FALSE,"07/14/2026, 10:54:16 PM UTC",convoy,,
265f6cb2-1080-4fe3-a3e0-5c6e508aa359,Andrew Ewing,Lee's Summit MO PD,1019,"07/07/2026, 11:00:04 PM UTC
07/14/2026, 11:00:04 PM UTC",REDACTED ,Kidnapping/Abduction,REDACTED ,FALSE,"07/14/2026, 10:54:09 PM UTC",convoy,,
32572625-1d0f-4db0-90dc-65e8f9d061d9,Andrew Ewing,Lee's Summit MO PD,1019,"07/13/2026, 11:00:39 PM UTC
07/14/2026, 11:00:39 PM UTC",REDACTED ,Kidnapping/Abduction,REDACTED ,FALSE,"07/14/2026, 10:53:42 PM UTC",convoy,,
ad34902c-1e1b-46aa-823a-9cb44e69bf64,Darcy Boorem,Lee's Summit MO PD,1019,"06/14/2026, 11:00:35 PM UTC
07/14/2026, 11:00:35 PM UTC",REDACTED ,Kidnapping/Abduction,REDACTED ,,"07/14/2026, 10:52:37 PM UTC",lookup,,
4f721c61-4c25-4367-91c9-b07ef3f59163,Dalton Sterbenz,Lee's Summit MO PD,6198,"06/14/2026, 11:00:08 PM UTC
07/14/2026, 11:00:08 PM UTC",REDACTED ,Assault/Battery Offenses,REDACTED ,,"07/14/2026, 10:51:14 PM UTC",lookup,,
b6e921ff-74d0-4ed2-916a-2b5c00377004,Andrew Ewing,Lee's Summit MO PD,1019,"07/07/2026, 11:00:07 PM UTC
07/14/2026, 11:00:07 PM UTC",REDACTED ,Kidnapping/Abduction,REDACTED ,,"07/14/2026, 10:51:09 PM UTC",lookup,,
722e66e5-676d-4afb-bbf8-4962534c4667,Andrew Ewing,Lee's Summit MO PD,1019,"07/13/2026, 11:00:53 PM UTC
07/14/2026, 11:00:53 PM UTC",REDACTED ,Kidnapping/Abduction,REDACTED ,,"07/14/2026, 10:50:55 PM UTC",lookup,,
ea074cc3-77b2-46e9-b41d-b8f94fe77588,Michael Reese,Lee's Summit MO PD,1019,"07/01/2026, 03:00:00 PM UTC
07/14/2026, 10:00:00 PM UTC",REDACTED ,Kidnapping/Abduction - Suspect Vehicle,REDACTED ,,"07/14/2026, 10:48:08 PM UTC",lookup,,
066a6250-e208-4857-aed9-999bc06c7a66,Dalton Sterbenz,Lee's Summit MO PD,6198,"07/13/2026, 11:00:30 PM UTC
07/14/2026, 11:00:30 PM UTC",REDACTED ,Kidnapping/Abduction,REDACTED ,,"07/14/2026, 10:39:32 PM UTC",lookup,,
d5d8a1e8-eaf7-4324-8954-aec321c23ec5,Michael Reese,Lee's Summit MO PD,1019,"07/01/2026, 03:00:00 PM UTC
07/14/2026, 10:00:00 PM UTC",REDACTED ,Kidnapping/Abduction - Suspect Vehicle,REDACTED ,,"07/14/2026, 10:38:27 PM UTC",lookup,,
989bc0b8-0643-44bc-85e3-ebf9c94bfaf9,Michael Reese,Lee's Summit MO PD,2,"07/01/2026, 03:00:00 PM UTC
07/14/2026, 10:00:00 PM UTC",REDACTED ,Kidnapping/Abduction - Suspect Vehicle,REDACTED ,,"07/14/2026, 10:36:57 PM UTC",lookup,,
ace2eb33-4a5f-42de-913c-c3a2f6282080,Sydni Beeman-Price,Lee's Summit MO PD,2,"07/07/2026, 11:00:02 PM UTC
07/14/2026, 11:00:02 PM UTC",REDACTED ,Assault/Battery Offenses,REDACTED ,,"07/14/2026, 10:35:48 PM UTC",lookup,,
da8fc958-3471-4be6-9ba6-11fb29121c36,Sydni Beeman-Price,Lee's Summit MO PD,1018,"07/07/2026, 11:00:02 PM UTC
07/14/2026, 11:00:02 PM UTC",REDACTED ,Assault/Battery Offenses,REDACTED ,,"07/14/2026, 10:35:26 PM UTC",lookup,,
c5b2a25f-0979-43a9-a6f9-fdf0a0e158d2,Sydni Beeman-Price,Lee's Summit MO PD,1018,"07/07/2026, 11:00:02 PM UTC
07/14/2026, 11:00:02 PM UTC",REDACTED ,Assault/Battery Offenses,REDACTED ,,"07/14/2026, 10:35:04 PM UTC",lookup,,
b886ba7b-a720-4a0e-aa7b-83782e0c9fd5,Sydni Beeman-Price,Lee's Summit MO PD,1018,"07/13/2026, 11:00:40 PM UTC
07/14/2026, 11:00:40 PM UTC",REDACTED ,Assault/Battery Offenses,REDACTED ,,"07/14/2026, 10:34:49 PM UTC",lookup,,
88d33cf8-07b6-450c-88bf-0d2b0f337f37,Luke Wilson,Lee's Summit MO PD,1019,"07/12/2026, 05:18:00 AM UTC
07/15/2026, 12:00:00 AM UTC",REDACTED ,Kidnapping/Abduction,REDACTED ,,"07/14/2026, 10:34:07 PM UTC",lookup,,
a208be82-0224-4915-ac6f-93aa83469421,Luke Wilson,Lee's Summit MO PD,2,"07/12/2026, 05:18:00 AM UTC
07/15/2026, 12:00:00 AM UTC",REDACTED ,Kidnapping/Abduction,REDACTED ,,"07/14/2026, 10:32:26 PM UTC",lookup,,
c6968692-3907-45e3-8fac-f667a3bf8072,Mahmoud Albawwab,Lee's Summit MO PD,1018,"07/13/2026, 11:00:10 PM UTC
07/14/2026, 11:00:10 PM UTC",REDACTED ,Wanted Person (Arrest Warrant/Fugitive),REDACTED ,"Sedan, Coupe, Convertible, Hatchback, Wagon","07/14/2026, 10:32:11 PM UTC",lookup,,
de23a171-d54e-48e3-9ecf-b7cf18d61636,Mahmoud Albawwab,Lee's Summit MO PD,1018,"07/14/2026, 07:46:00 PM UTC
07/14/2026, 08:45:00 PM UTC",REDACTED ,Wanted Person (Arrest Warrant/Fugitive),REDACTED ,"Sedan, Coupe, Convertible, Hatchback, Wagon","07/14/2026, 10:32:05 PM UTC",lookup,,
0cc3320a-2115-49ae-9ce4-57bef9df43d9,Mahmoud Albawwab,Lee's Summit MO PD,2,"07/14/2026, 07:46:00 PM UTC
07/14/2026, 08:45:00 PM UTC",REDACTED ,Wanted Person (Arrest Warrant/Fugitive),REDACTED ,"Sedan, Coupe, Convertible, Hatchback, Wagon","07/14/2026, 10:32:02 PM UTC",lookup,,
d7f860c5-b6e0-47af-8134-6dc779ebb123,Luke Wilson,Lee's Summit MO PD,2,"07/14/2026, 05:18:00 AM UTC
07/15/2026, 12:00:00 AM UTC",REDACTED ,Kidnapping/Abduction,REDACTED ,,"07/14/2026, 10:31:51 PM UTC",lookup,,
5f0b4222-d58c-4210-b177-2ae203220f29,Luke Wilson,Lee's Summit MO PD,2,"07/14/2026, 05:18:00 AM UTC
07/15/2026, 12:00:00 AM UTC",REDACTED ,Kidnapping/Abduction,REDACTED ,"Sedan, Chevrolet, black","07/14/2026, 10:31:44 PM UTC",lookup,,
d6e1aaa6-8fb3-417c-afc5-d8ef930a62d1,Jacob White,Lee's Summit MO PD,2,"07/07/2026, 10:00:09 PM UTC
07/14/2026, 10:00:09 PM UTC",REDACTED ,Wanted Person (Arrest Warrant/Fugitive),REDACTED ,,"07/14/2026, 10:29:56 PM UTC",lookup,,
76754715-4102-420b-af32-b14b91ce97f7,Andrew Ewing,Lee's Summit MO PD,1019,"07/07/2026, 10:30:32 PM UTC
07/14/2026, 10:30:32 PM UTC",REDACTED ,Kidnapping/Abduction,REDACTED ,,"07/14/2026, 10:28:45 PM UTC",lookup,,
a3d546fc-8efb-48be-a73e-f1820d740060,Luke Wilson,Lee's Summit MO PD,2,"07/14/2026, 05:18:00 AM UTC
07/15/2026, 12:00:00 AM UTC",REDACTED ,Kidnapping/Abduction,REDACTED ,"Sedan, Chevrolet, black","07/14/2026, 10:27:46 PM UTC",search,,
c5acd665-dda0-45d5-beff-4792ec021e6c,Luke Wilson,Lee's Summit MO PD,2,"07/14/2026, 05:18:00 AM UTC
07/15/2026, 12:00:00 AM UTC",REDACTED ,Kidnapping/Abduction,REDACTED ,"Sedan, Chevrolet","07/14/2026, 10:27:34 PM UTC",search,,
a8b13b49-0c29-45e5-b418-dc8a971cf4e6,Michael Reese,Lee's Summit MO PD,2,"07/01/2026, 03:00:00 PM UTC
07/14/2026, 10:00:00 PM UTC",REDACTED ,Kidnapping/Abduction - Suspect Vehicle,REDACTED ,,"07/14/2026, 10:26:36 PM UTC",lookup,,
e85f6cb1-dd8b-4706-8f60-c0211a011588,Michael Reese,Lee's Summit MO PD,2,"07/01/2026, 03:00:00 PM UTC
07/14/2026, 10:00:00 PM UTC",REDACTED ,Kidnapping/Abduction - Suspect Vehicle,REDACTED ,texas,"07/14/2026, 10:26:22 PM UTC",lookup,,
007c2a11-859d-45ab-b704-7f5d516c38b4,Michael Reese,Lee's Summit MO PD,2,"07/01/2026, 03:00:00 PM UTC
07/14/2026, 10:00:00 PM UTC",REDACTED ,Kidnapping/Abduction - Suspect Vehicle,REDACTED ,"Coupe, Chevrolet, black, texas","07/14/2026, 10:25:55 PM UTC",lookup,,
2dc5bcc3-9c20-47c1-bdce-47922bd7d097,Luke Wilson,Lee's Summit MO PD,2,"07/14/2026, 05:18:00 AM UTC
07/15/2026, 12:00:00 AM UTC",REDACTED ,Kidnapping/Abduction,REDACTED ,missouri,"07/14/2026, 10:24:25 PM UTC",lookup,,
bb7b5f13-8932-4845-bfa9-0b0b1de7e303,Luke Wilson,Lee's Summit MO PD,2,"07/14/2026, 05:18:00 PM UTC
07/15/2026, 12:00:00 AM UTC",REDACTED ,Kidnapping/Abduction,REDACTED ,missouri,"07/14/2026, 10:24:14 PM UTC",lookup,,
e6121011-cab5-44a3-b9c8-32a06e87d42d,Luke Wilson,Lee's Summit MO PD,2,"07/14/2026, 07:18:00 PM UTC
07/14/2026, 08:00:00 PM UTC",REDACTED ,Kidnapping/Abduction,REDACTED ,missouri,"07/14/2026, 10:23:43 PM UTC",lookup,,
19840468-4ef4-4b14-b85f-cf1966fa6893,Andrew Ewing,Lee's Summit MO PD,1019,"07/07/2026, 10:30:04 PM UTC
07/14/2026, 10:30:04 PM UTC",REDACTED ,Kidnapping/Abduction,REDACTED ,,"07/14/2026, 10:23:31 PM UTC",lookup,,
5ad292a3-fb8c-4b86-8b1d-d74cad24cddf,Mahmoud Albawwab,Lee's Summit MO PD,2,"07/14/2026, 07:46:00 PM UTC
07/14/2026, 08:45:00 PM UTC",REDACTED ,Wanted Person (Arrest Warrant/Fugitive),REDACTED ,"Sedan, Coupe, Convertible, Hatchback, Wagon, ????2?","07/14/2026, 10:22:24 PM UTC",search,,
35a4ed4a-2bc2-4bd3-a0a2-b8c981b4fa9d,Mahmoud Albawwab,Lee's Summit MO PD,2,"07/14/2026, 07:46:00 PM UTC
07/14/2026, 08:45:00 PM UTC",REDACTED ,Wanted Person (Arrest Warrant/Fugitive),REDACTED ,"Sedan, Coupe, Convertible, Hatchback, Wagon, Chevrolet, ????2?","07/14/2026, 10:21:42 PM UTC",search,,
9f10f3ff-9495-404d-8ab6-8cdf667a81df,Andrew Ewing,Lee's Summit MO PD,1019,"07/07/2026, 10:30:04 PM UTC
07/14/2026, 10:30:04 PM UTC",REDACTED ,Kidnapping/Abduction,REDACTED ,,"07/14/2026, 10:19:10 PM UTC",lookup,,
8ac0a40b-0729-4a6a-9a7e-2cdde9096a42,Mahmoud Albawwab,Lee's Summit MO PD,1,"07/14/2026, 07:46:00 PM UTC
07/14/2026, 10:11:00 PM UTC",REDACTED ,Wanted Person (Arrest Warrant/Fugitive),REDACTED ,,"07/14/2026, 10:12:37 PM UTC",search,,
00d3760d-efe2-423a-a72e-52615627f9dd,Mahmoud Albawwab,Lee's Summit MO PD,1,"07/14/2026, 07:46:00 PM UTC
07/14/2026, 10:11:00 PM UTC",REDACTED ,Wanted Person (Arrest Warrant/Fugitive),REDACTED ,,"07/14/2026, 10:12:31 PM UTC",search,,
f87269a3-4acc-49d2-b19e-cd397723ea12,Michael Reese,Lee's Summit MO PD,2,"07/01/2026, 03:00:00 PM UTC
07/14/2026, 10:00:00 PM UTC",REDACTED ,Kidnapping/Abduction - Suspect Vehicle,REDACTED ,"Coupe, Chevrolet, black, texas","07/14/2026, 10:12:31 PM UTC",search,,
9be559b8-a696-4628-b1ad-d75439922683,Michael Reese,Lee's Summit MO PD,2,"07/13/2026, 03:00:00 PM UTC
07/14/2026, 10:00:00 PM UTC",REDACTED ,Kidnapping/Abduction - Suspect Vehicle,REDACTED ,"Coupe, Chevrolet, black, texas","07/14/2026, 10:12:12 PM UTC",search,,
f925877d-4619-4ef1-8432-b7ec5675f64b,Dalton Sterbenz,Lee's Summit MO PD,2,"07/14/2026, 08:30:44 PM UTC
07/14/2026, 10:30:44 PM UTC",REDACTED ,Kidnapping/Abduction,REDACTED ,"Coupe, Chevrolet, black","07/14/2026, 10:08:45 PM UTC",search,,
397da84c-eb57-42e9-bd35-54fa8e4bdb1a,Dalton Sterbenz,Lee's Summit MO PD,2,"07/13/2026, 10:30:59 PM UTC
07/14/2026, 10:30:59 PM UTC",REDACTED ,Kidnapping/Abduction,REDACTED ,,"07/14/2026, 10:06:27 PM UTC",lookup,,
c063d559-19b6-4d54-b7cd-a935d1c22f9b,Dalton Sterbenz,Lee's Summit MO PD,2,"07/13/2026, 10:30:59 PM UTC
07/14/2026, 10:30:59 PM UTC",REDACTED ,Kidnapping/Abduction,REDACTED ,,"07/14/2026, 10:06:00 PM UTC",lookup,,
916129a6-860f-4bdc-9317-ee067984e5a6,Dalton Sterbenz,Lee's Summit MO PD,2,"07/14/2026, 08:30:45 PM UTC
07/14/2026, 10:30:45 PM UTC",REDACTED ,Kidnapping/Abduction,REDACTED ,,"07/14/2026, 10:05:56 PM UTC",lookup,,
cfde860c-e52c-407e-a62a-40e36f106006,Mahmoud Albawwab,Lee's Summit MO PD,1018,"07/07/2026, 10:30:26 PM UTC
07/14/2026, 10:30:26 PM UTC",REDACTED ,Wanted Person (Arrest Warrant/Fugitive),REDACTED ,,"07/14/2026, 10:05:37 PM UTC",lookup,,
dff01145-e30f-4e40-91e2-2fa8a61197b4,Michael Reese,Lee's Summit MO PD,2,"07/13/2026, 03:00:00 PM UTC
07/14/2026, 10:00:00 PM UTC",REDACTED ,Kidnapping/Abduction - Suspect Vehicle,REDACTED ,"Coupe, Chevrolet, black","07/14/2026, 10:05:28 PM UTC",search,,
c3c941c8-339c-46e8-b27f-88e52fda92e2,Dalton Sterbenz,Lee's Summit MO PD,2,"06/14/2026, 10:30:29 PM UTC
07/14/2026, 10:30:29 PM UTC",REDACTED ,Kidnapping/Abduction,REDACTED ,"Coupe, black, RG7","07/14/2026, 10:05:07 PM UTC",search,,
7023d195-07e9-4c65-aaea-5dd2428c7620,Dalton Sterbenz,Lee's Summit MO PD,2,"06/14/2026, 10:30:29 PM UTC
07/14/2026, 10:30:29 PM UTC",REDACTED ,Kidnapping/Abduction,REDACTED ,RG7,"07/14/2026, 10:04:47 PM UTC",search,,
1435f7b3-d83a-40b1-8edd-c06c54304538,Michael Reese,Lee's Summit MO PD,2,"07/14/2026, 03:00:00 PM UTC
07/14/2026, 10:00:00 PM UTC",REDACTED ,Kidnapping/Abduction - Suspect Vehicle,REDACTED ,"Coupe, Chevrolet, black","07/14/2026, 10:04:39 PM UTC",search,,
cd92694a-bf41-48ec-8f10-33d8c6d009ab,Dalton Sterbenz,Lee's Summit MO PD,2,"06/14/2026, 10:30:29 PM UTC
07/14/2026, 10:30:29 PM UTC",REDACTED ,Kidnapping/Abduction,REDACTED ,REDACTED ,"07/14/2026, 10:03:37 PM UTC",search,,
62985a57-79d6-4f5e-bec0-0e3cc08ae9fa,Dalton Sterbenz,Lee's Summit MO PD,2,"07/12/2026, 10:30:24 PM UTC
07/14/2026, 10:30:24 PM UTC",REDACTED ,Kidnapping/Abduction,REDACTED ,REDACTED ,"07/14/2026, 10:03:26 PM UTC",search,,
7615f0ce-b276-4fad-a2d2-58bf23900e4b,Dalton Sterbenz,Lee's Summit MO PD,2,"07/13/2026, 10:30:33 PM UTC
07/14/2026, 10:30:33 PM UTC",REDACTED ,Kidnapping/Abduction,REDACTED ,REDACTED ,"07/14/2026, 10:03:20 PM UTC",search,,
91ed9d0c-9c1a-41b4-a230-ae8ada4c9450,Dalton Sterbenz,Lee's Summit MO PD,6198,"07/13/2026, 10:30:33 PM UTC
07/14/2026, 10:30:33 PM UTC",REDACTED ,Kidnapping/Abduction,REDACTED ,,"07/14/2026, 10:01:34 PM UTC",lookup,,
68a62d91-51f7-4ad9-aa6d-4f1ddef1e2e3,Dalton Sterbenz,Lee's Summit MO PD,6198,"06/14/2026, 10:30:28 PM UTC
07/14/2026, 10:30:28 PM UTC",REDACTED ,Kidnapping/Abduction,REDACTED ,,"07/14/2026, 10:01:30 PM UTC",lookup,,
93cc821f-5278-404a-8514-063f98c9b3a2,Luke Wilson,Lee's Summit MO PD,2,"07/14/2026, 07:18:00 PM UTC
07/14/2026, 08:00:00 PM UTC",REDACTED ,Kidnapping/Abduction,REDACTED ,"Sedan, Chevrolet, black","07/14/2026, 10:01:04 PM UTC",search,,
5ef99a8f-9456-4d99-8777-6bb8ce8212c5,Michael Reese,Lee's Summit MO PD,2,"07/14/2026, 07:00:00 PM UTC
07/14/2026, 10:00:00 PM UTC",REDACTED ,Kidnapping/Abduction - Suspect Vehicle,REDACTED ,"Coupe, Chevrolet, black","07/14/2026, 10:00:16 PM UTC",search,,
542b0684-441e-4e60-af7f-1537d89b6b3d,Dalton Sterbenz,Lee's Summit MO PD,2,"07/13/2026, 10:00:11 PM UTC
07/14/2026, 10:00:11 PM UTC",REDACTED ,Kidnapping/Abduction,REDACTED ,"Coupe, Chevrolet, black","07/14/2026, 09:56:13 PM UTC",search,,
e6eb1c1b-5734-44f4-85ca-4e0fa318c2dd,Dalton Sterbenz,Lee's Summit MO PD,2,"07/14/2026, 08:00:42 PM UTC
07/14/2026, 10:00:42 PM UTC",REDACTED ,Kidnapping/Abduction,REDACTED ,"Coupe, Chevrolet, black","07/14/2026, 09:55:45 PM UTC",search,,
6ca9edb6-137a-49eb-8733-ff543217ed6c,Andrew Ewing,Lee's Summit MO PD,2,"07/14/2026, 07:00:00 PM UTC
07/14/2026, 10:00:00 PM UTC",REDACTED ,Kidnapping/Abduction,REDACTED ,"Sedan, Coupe, Chevrolet, black","07/14/2026, 09:49:21 PM UTC",search,,
1de68600-e0f7-4910-ab02-27d63a21ad92,Andrew Ewing,Lee's Summit MO PD,2,"07/07/2026, 10:00:33 PM UTC
07/14/2026, 10:00:33 PM UTC",REDACTED ,Kidnapping/Abduction,REDACTED ,,"07/14/2026, 09:46:36 PM UTC",lookup,,
52421f20-cc5b-4e84-8bb8-c28817353aa2,Andrew Ewing,Lee's Summit MO PD,2,"07/13/2026, 10:00:56 PM UTC
07/14/2026, 10:00:56 PM UTC",REDACTED ,Kidnapping/Abduction,REDACTED ,,"07/14/2026, 09:45:25 PM UTC",lookup,,
25ea899d-b796-4927-b5dd-19f26d544e75,Andrew Ewing,Lee's Summit MO PD,2,"07/13/2026, 10:00:56 PM UTC
07/14/2026, 10:00:56 PM UTC",REDACTED ,Kidnapping/Abduction,REDACTED ,,"07/14/2026, 09:44:58 PM UTC",lookup,,
df60be60-ccb9-4a94-877b-0f5283af14ee,Dalton Sterbenz,Lee's Summit MO PD,6198,"07/13/2026, 10:00:26 PM UTC
07/14/2026, 10:00:26 PM UTC",REDACTED ,Assault/Battery Offenses,REDACTED ,,"07/14/2026, 09:40:28 PM UTC",lookup,,
70fa914b-a2b5-4e88-aeac-26b874e73863,Sydni Beeman-Price,Lee's Summit MO PD,2,"07/13/2026, 10:00:34 PM UTC
07/14/2026, 10:00:34 PM UTC",REDACTED ,Assault/Battery Offenses,REDACTED ,,"07/14/2026, 09:38:42 PM UTC",visual,,
30c4412b-cd94-44c2-9187-ed601970c192,Sydni Beeman-Price,Lee's Summit MO PD,2,"07/14/2026, 06:00:00 PM UTC
07/14/2026, 09:00:00 PM UTC",REDACTED ,Assault/Battery Offenses,REDACTED ,"Coupe, Chevrolet, black","07/14/2026, 09:36:31 PM UTC",search,,
61470cbc-cf24-4630-898d-ba14977138fb,Sydni Beeman-Price,Lee's Summit MO PD,2,"07/14/2026, 06:00:00 PM UTC
07/14/2026, 09:00:00 PM UTC",REDACTED ,Assault/Battery Offenses,REDACTED ,"Coupe, Chevrolet, black, ZL","07/14/2026, 09:36:26 PM UTC",search,,
ba974914-2c04-458f-9dac-0e6309c47ce5,Sydni Beeman-Price,Lee's Summit MO PD,2,"07/14/2026, 06:00:00 PM UTC
07/14/2026, 09:00:00 PM UTC",REDACTED ,Assault/Battery Offenses,REDACTED ,"Coupe, Chevrolet, black","07/14/2026, 09:36:08 PM UTC",search,,
11fc2120-7f50-44ce-88f3-74de50f240e2,Sydni Beeman-Price,Lee's Summit MO PD,2,"07/14/2026, 07:00:00 PM UTC
07/14/2026, 08:00:00 PM UTC",REDACTED ,Assault/Battery Offenses,REDACTED ,"Coupe, Chevrolet","07/14/2026, 09:35:21 PM UTC",search,,
e4cc4ad8-1ebe-431d-b1e2-5da0afec3f81,Sydni Beeman-Price,Lee's Summit MO PD,2,"06/14/2026, 10:00:54 PM UTC
07/14/2026, 10:00:54 PM UTC",REDACTED ,Assault/Battery Offenses,REDACTED ,missouri,"07/14/2026, 09:32:55 PM UTC",lookup,,
b518956b-ad17-4495-a41c-b41393fbe600,Sydni Beeman-Price,Lee's Summit MO PD,2,"07/13/2026, 09:30:28 PM UTC
07/14/2026, 09:30:28 PM UTC",REDACTED ,Assault/Battery Offenses,REDACTED ,missouri,"07/14/2026, 09:32:36 PM UTC",lookup,,
3c0db0fe-14a6-43d9-8cd0-0f25e1b22507,Jacob White,Lee's Summit MO PD,2,"07/07/2026, 10:00:09 PM UTC
07/14/2026, 10:00:09 PM UTC",REDACTED ,Wanted Person (Arrest Warrant/Fugitive),REDACTED ,,"07/14/2026, 09:31:11 PM UTC",lookup,,
00e9a737-829b-4161-846a-dad32ffb7968,Sydni Beeman-Price,Lee's Summit MO PD,2,"07/13/2026, 09:30:28 PM UTC
07/14/2026, 09:30:28 PM UTC",REDACTED ,Assault/Battery Offenses,REDACTED ,missouri,"07/14/2026, 09:29:31 PM UTC",lookup,,
92a2e4ea-a0b4-42b1-a15a-9ff38690098c,Sydni Beeman-Price,Lee's Summit MO PD,2,"07/13/2026, 09:30:11 PM UTC
07/14/2026, 09:30:11 PM UTC",REDACTED ,Assault/Battery Offenses,REDACTED ,missouri,"07/14/2026, 09:29:03 PM UTC",lookup,,
7f4761f3-4c48-4e82-b74b-077bf51887a9,Dalton Sterbenz,Lee's Summit MO PD,2,"07/13/2026, 09:30:59 PM UTC
07/14/2026, 09:30:59 PM UTC",REDACTED ,Assault/Battery Offenses,REDACTED ,,"07/14/2026, 09:29:02 PM UTC",lookup,,
38596a43-877f-43a1-af3a-0f6b1e7564a5,Andrew Ewing,Lee's Summit MO PD,2,"07/07/2026, 09:30:22 PM UTC
07/14/2026, 09:30:22 PM UTC",REDACTED ,Assault/Battery Offenses,REDACTED ,,"07/14/2026, 09:28:39 PM UTC",lookup,,
54dacd4e-0b89-4ef3-83c3-672613f79fc5,Andrew Ewing,Lee's Summit MO PD,2,"07/07/2026, 09:30:22 PM UTC
07/14/2026, 09:30:22 PM UTC",REDACTED ,Assault/Battery Offenses,REDACTED ,,"07/14/2026, 09:28:24 PM UTC",lookup,,
1d7e5d0a-2029-4a54-83b5-3dcae9eb2202,Dalton Sterbenz,Lee's Summit MO PD,2,"07/14/2026, 07:30:51 PM UTC
07/14/2026, 09:30:51 PM UTC",REDACTED ,Assault/Battery Offenses,REDACTED ,,"07/14/2026, 09:27:06 PM UTC",lookup,,
e660ae99-01bf-44f7-a9f8-c32eee8afed0,Dalton Sterbenz,Lee's Summit MO PD,2,"07/14/2026, 07:30:51 PM UTC
07/14/2026, 09:30:51 PM UTC",REDACTED ,Assault/Battery Offenses,REDACTED ,,"07/14/2026, 09:27:00 PM UTC",lookup,,
bf9d0223-7bde-4919-8cc0-a02894e76c3e,Michael Reese,Lee's Summit MO PD,2,"06/14/2026, 09:30:55 PM UTC
07/14/2026, 09:30:55 PM UTC",REDACTED ,Kidnapping/Abduction,REDACTED ,,"07/14/2026, 09:26:20 PM UTC",lookup,,
89cdc43b-7a97-445c-91e2-acad1984919f,Andrew Ewing,Lee's Summit MO PD,2,"07/14/2026, 07:30:03 PM UTC
07/14/2026, 09:30:03 PM UTC",REDACTED ,Assault/Battery Offenses,REDACTED ,"Sedan, Coupe, Chevrolet, black","07/14/2026, 09:25:14 PM UTC",search,,
42d63651-57b9-469c-891f-b2575652a8a3,Andrew Ewing,Lee's Summit MO PD,2,"07/14/2026, 07:30:03 PM UTC
07/14/2026, 09:30:03 PM UTC",REDACTED ,Assault/Battery Offenses,REDACTED ,"Sedan, Coupe, Chevrolet, black","07/14/2026, 09:25:07 PM UTC",search,,
e0b1733f-6c8f-4b68-a189-6a718cad74d1,Michael Reese,Lee's Summit MO PD,2,"06/14/2026, 09:30:55 PM UTC
07/14/2026, 09:30:55 PM UTC",REDACTED ,Kidnapping/Abduction,REDACTED ,,"07/14/2026, 09:23:59 PM UTC",lookup,,
2f8b592d-7d9f-4b15-adf9-f2917f29d386,Andrew Ewing,Lee's Summit MO PD,2,"06/30/2026, 09:30:01 PM UTC
07/14/2026, 09:30:01 PM UTC",REDACTED ,Assault/Battery Offenses,REDACTED ,,"07/14/2026, 09:23:53 PM UTC",lookup,,
afbb8217-767f-4138-98a1-b5a52a08699a,Dalton Sterbenz,Lee's Summit MO PD,1,"07/14/2026, 07:30:51 PM UTC
07/14/2026, 09:30:51 PM UTC",REDACTED ,Assault/Battery Offenses,REDACTED ,,"07/14/2026, 09:19:09 PM UTC",lookup,,
71cf9d38-2e91-4ee0-9f8f-5a2407bd2050,Dalton Sterbenz,Lee's Summit MO PD,2,"07/14/2026, 07:30:51 PM UTC
07/14/2026, 09:30:51 PM UTC",REDACTED ,Assault/Battery Offenses,REDACTED ,,"07/14/2026, 09:19:01 PM UTC",lookup,,
fd3db426-a26b-4bba-985e-0c9079cc12b4,Andrew Ewing,Lee's Summit MO PD,2,"06/30/2026, 09:30:01 PM UTC
07/14/2026, 09:30:01 PM UTC",REDACTED ,Assault/Battery Offenses,REDACTED ,,"07/14/2026, 09:17:04 PM UTC",lookup,,
c94140ae-578d-48e7-a4e2-dc5265a213d4,Sydni Beeman-Price,Lee's Summit MO PD,2,"07/13/2026, 09:30:11 PM UTC
07/14/2026, 09:30:11 PM UTC",REDACTED ,Assault/Battery Offenses,REDACTED ,missouri,"07/14/2026, 09:16:24 PM UTC",lookup,,
6d95b7ed-d598-4bc8-9ce9-ab7a7983a60f,Sydni Beeman-Price,Lee's Summit MO PD,2,"07/13/2026, 09:30:11 PM UTC
07/14/2026, 09:30:11 PM UTC",REDACTED ,Assault/Battery Offenses,REDACTED ,"Sedan, Coupe, Convertible, Hatchback, Wagon, Chevrolet, missouri","07/14/2026, 09:16:02 PM UTC",lookup,,
385b4b85-1836-4135-9206-527180547a47,Sydni Beeman-Price,Lee's Summit MO PD,2,"07/13/2026, 09:30:11 PM UTC
07/14/2026, 09:30:11 PM UTC",REDACTED ,Assault/Battery Offenses,REDACTED ,"Sedan, Coupe, Convertible, Hatchback, Wagon, Chevrolet, missouri, REDACTED","07/14/2026, 09:14:13 PM UTC",search,,
4d8b1bf2-8d31-428f-93d6-625a80b0a342,Sydni Beeman-Price,Lee's Summit MO PD,2,"07/14/2026, 07:00:00 PM UTC
07/14/2026, 08:00:00 PM UTC",REDACTED ,Assault/Battery Offenses,REDACTED ,"Sedan, Coupe, Convertible, Hatchback, Wagon, Chevrolet, missouri, REDACTED","07/14/2026, 09:14:08 PM UTC",search,,
e83123b6-99fb-4951-898b-232183f307a2,Sydni Beeman-Price,Lee's Summit MO PD,2,"07/14/2026, 07:00:00 PM UTC
07/14/2026, 08:00:00 PM UTC",REDACTED ,Assault/Battery Offenses,REDACTED ,"Sedan, Coupe, Convertible, Hatchback, Wagon, Chevrolet, missouri","07/14/2026, 09:14:04 PM UTC",lookup,,
87449bc6-1c33-4762-9429-068e38d90d57,Dalton Sterbenz,Lee's Summit MO PD,1,"07/14/2026, 07:30:07 PM UTC
07/14/2026, 09:30:07 PM UTC",REDACTED ,Assault/Battery Offenses,REDACTED ,"Sedan, Coupe, black","07/14/2026, 09:13:22 PM UTC",search,,
0343e31e-20c5-4717-bd3b-12f2aece84b8,Dalton Sterbenz,Lee's Summit MO PD,1,"07/14/2026, 07:30:07 PM UTC
07/14/2026, 09:30:07 PM UTC",REDACTED ,Assault/Battery Offenses,REDACTED ,"Sedan, Coupe, black","07/14/2026, 09:13:05 PM UTC",search,,
88b83802-66fb-4eea-9bc2-d8be4ef2ff0f,Dalton Sterbenz,Lee's Summit MO PD,1,"07/14/2026, 07:30:07 PM UTC
07/14/2026, 09:30:07 PM UTC",REDACTED ,Assault/Battery Offenses,REDACTED ,"Sedan, Coupe, black","07/14/2026, 09:12:53 PM UTC",search,,
713897dc-e121-4728-9608-ddc6ec516e0f,Sydni Beeman-Price,Lee's Summit MO PD,2,"07/14/2026, 07:00:00 PM UTC
07/14/2026, 08:00:00 PM UTC",REDACTED ,Assault/Battery Offenses,REDACTED ,"Sedan, Coupe, Convertible, Hatchback, Wagon, Chevrolet, missouri","07/14/2026, 09:12:47 PM UTC",search,,
f4653c1a-a1b1-4069-ac07-fa942f4be87e,Dalton Sterbenz,Lee's Summit MO PD,1,"07/14/2026, 07:30:07 PM UTC
07/14/2026, 09:30:07 PM UTC",REDACTED ,Assault/Battery Offenses,REDACTED ,"Sedan, Coupe, black","07/14/2026, 09:12:39 PM UTC",search,,
4e563718-7bd7-49b9-a9e5-7a12c25a6885,Andrew Ewing,Lee's Summit MO PD,2,"07/14/2026, 07:30:31 PM UTC
07/14/2026, 09:30:31 PM UTC",REDACTED ,Assault/Battery Offenses,REDACTED ,"Sedan, Coupe, Chevrolet, black","07/14/2026, 09:12:38 PM UTC",search,,
9e3b1be3-668e-4dfd-bf8f-f3c1df11b3d3,Sydni Beeman-Price,Lee's Summit MO PD,2,"07/14/2026, 07:00:00 PM UTC
07/14/2026, 08:00:00 PM UTC",REDACTED ,Assault/Battery Offenses,REDACTED ,"Sedan, Coupe, Convertible, Hatchback, Wagon, Chevrolet, missouri","07/14/2026, 09:12:35 PM UTC",search,,
c820ee18-75f9-4a2f-ac26-e6e5001dd5d7,Dalton Sterbenz,Lee's Summit MO PD,2,"07/14/2026, 07:30:07 PM UTC
07/14/2026, 09:30:07 PM UTC",REDACTED ,Assault/Battery Offenses,REDACTED ,"Sedan, Coupe, black","07/14/2026, 09:12:23 PM UTC",search,,
adba7a0d-1876-4c39-922a-d08cfba59773,Dalton Sterbenz,Lee's Summit MO PD,2,"07/14/2026, 07:30:07 PM UTC
07/14/2026, 09:30:07 PM UTC",REDACTED ,Assault/Battery Offenses,REDACTED ,"Sedan, Coupe, black","07/14/2026, 09:12:11 PM UTC",search,,
ed064d76-b54d-43b4-a416-1ad04b439a2b,Sydni Beeman-Price,Lee's Summit MO PD,2,"07/14/2026, 07:00:00 PM UTC
07/14/2026, 08:00:00 PM UTC",REDACTED ,Assault/Battery Offenses,REDACTED ,"Coupe, Chevrolet, missouri","07/14/2026, 09:11:47 PM UTC",search,,
11ed4538-3aa9-4d1b-9e35-d70d7cfd7c90,Sydni Beeman-Price,Lee's Summit MO PD,2,"07/14/2026, 07:00:00 PM UTC
07/14/2026, 08:00:00 PM UTC",REDACTED ,Assault/Battery Offenses,REDACTED ,"Coupe, Chevrolet, black, missouri","07/14/2026, 09:11:36 PM UTC",search,,
113f1da1-4f46-4b97-b9cd-182b07e631df,Sydni Beeman-Price,Lee's Summit MO PD,2,"07/14/2026, 07:00:00 PM UTC
07/14/2026, 08:00:00 PM UTC",REDACTED ,Assault/Battery Offenses,REDACTED ,"Chevrolet, black, missouri","07/14/2026, 09:11:17 PM UTC",search,,
21ff5a5d-5fe5-48ae-a27c-ed66729d5072,Sydni Beeman-Price,Lee's Summit MO PD,2,"07/14/2026, 07:00:00 PM UTC
07/14/2026, 08:00:00 PM UTC",REDACTED ,Assault/Battery Offenses,REDACTED ,"Chevrolet, black, missouri","07/14/2026, 09:11:11 PM UTC",search,,
7fab6060-9557-432a-95b9-4cab195eaea6,Sydni Beeman-Price,Lee's Summit MO PD,2,"07/14/2026, 06:00:00 PM UTC
07/14/2026, 08:00:00 PM UTC",REDACTED ,Assault/Battery Offenses,REDACTED ,"Chevrolet, black, missouri","07/14/2026, 09:09:44 PM UTC",search,,
a6837af4-46fa-48be-9e77-095d573bd09f,Sydni Beeman-Price,Lee's Summit MO PD,2,"07/14/2026, 06:00:00 PM UTC
07/14/2026, 08:00:00 PM UTC",REDACTED ,Assault/Battery Offenses,REDACTED ,"Coupe, Chevrolet, black, missouri","07/14/2026, 09:08:36 PM UTC",search,,
51da2cfc-ce6a-47d3-8312-6f2a9c0f4b9e,Sydni Beeman-Price,Lee's Summit MO PD,2,"07/14/2026, 06:00:00 PM UTC
07/14/2026, 08:00:00 PM UTC",REDACTED ,Assault/Battery Offenses,REDACTED ,"Coupe, Chevrolet, missouri","07/14/2026, 09:08:23 PM UTC",search,,
426fe19a-5abb-422d-8abd-83e36951d9c5,Sydni Beeman-Price,Lee's Summit MO PD,2,"07/14/2026, 06:00:00 PM UTC
07/14/2026, 08:00:00 PM UTC",REDACTED ,Assault/Battery Offenses,REDACTED ,"Coupe, Chevrolet, missouri","07/14/2026, 09:08:15 PM UTC",lookup,,
88d73c89-7918-4219-b7bd-853aa0132a92,Sydni Beeman-Price,Lee's Summit MO PD,2,"07/14/2026, 06:00:00 PM UTC
07/14/2026, 08:00:00 PM UTC",REDACTED ,Assault/Battery Offenses,REDACTED ,"Coupe, Chevrolet, black, missouri","07/14/2026, 09:08:10 PM UTC",lookup,,
8cabf033-0e49-4628-941b-78f87546198c,Sydni Beeman-Price,Lee's Summit MO PD,2,"07/13/2026, 09:30:25 PM UTC
07/14/2026, 09:30:25 PM UTC",REDACTED ,Assault/Battery Offenses,REDACTED ,"Coupe, Sedan, Chevrolet, black, missouri","07/14/2026, 09:07:27 PM UTC",lookup,,
26e961c0-c5f4-4fb6-aee7-8e1427809193,Sydni Beeman-Price,Lee's Summit MO PD,2,"07/14/2026, 07:10:00 PM UTC
07/14/2026, 09:30:00 PM UTC",REDACTED ,Assault/Battery Offenses,REDACTED ,"Coupe, Sedan, Chevrolet, black, missouri","07/14/2026, 09:07:00 PM UTC",lookup,,
5616153b-f1da-4e5c-ba3e-8511fadc7c36,Sydni Beeman-Price,Lee's Summit MO PD,2,"07/14/2026, 07:10:00 PM UTC
07/14/2026, 09:30:00 PM UTC",REDACTED ,Assault/Battery Offenses,REDACTED ,"Coupe, Sedan, Chevrolet, black, missouri","07/14/2026, 09:06:21 PM UTC",search,,
f079bc12-a998-4098-8d38-783f3f3975c7,Sydni Beeman-Price,Lee's Summit MO PD,2,"07/14/2026, 07:10:00 PM UTC
07/14/2026, 09:30:00 PM UTC",REDACTED ,Assault/Battery Offenses,REDACTED ,"Coupe, Chevrolet, black, missouri","07/14/2026, 09:06:05 PM UTC",search,,
ade5b131-06b4-4e51-bb46-3881b785b87e,Sydni Beeman-Price,Lee's Summit MO PD,2,"07/14/2026, 07:10:00 PM UTC
07/14/2026, 09:30:00 PM UTC",REDACTED ,Assault/Battery Offenses,REDACTED ,"Coupe, Chevrolet, missouri","07/14/2026, 09:04:04 PM UTC",search,,
86fce012-8443-4e8b-80a9-0329192a907f,Jennifer Maynard,Lee's Summit MO PD,995,"06/30/2026, 08:51:38 PM UTC
07/14/2026, 08:51:38 PM UTC",REDACTED ,Drugs/Narcotics,REDACTED ,,"07/14/2026, 08:51:40 PM UTC",lookup - Mobile,,
c0ed5a3f-27e5-4414-a3d9-a59c2a398999,Sydni Beeman-Price,Lee's Summit MO PD,2,"07/13/2026, 09:00:55 PM UTC
07/14/2026, 09:00:55 PM UTC",REDACTED ,Assault/Battery Offenses,REDACTED ,,"07/14/2026, 08:49:41 PM UTC",lookup,,
7fa3a757-2984-4a59-a942-a85768b7f2b8,Sydni Beeman-Price,Lee's Summit MO PD,2,"07/13/2026, 09:00:55 PM UTC
07/14/2026, 09:00:55 PM UTC",REDACTED ,Assault/Battery Offenses,REDACTED ,,"07/14/2026, 08:49:18 PM UTC",lookup,,
d5ac3b1a-efc5-4402-b540-af352f32f183,Sydni Beeman-Price,Lee's Summit MO PD,2,"07/13/2026, 09:00:55 PM UTC
07/14/2026, 09:00:55 PM UTC",REDACTED ,Assault/Battery Offenses,REDACTED ,,"07/14/2026, 08:48:12 PM UTC",lookup,,
0a180f1d-c222-47d4-bb66-e060665f1cb4,Sydni Beeman-Price,Lee's Summit MO PD,2,"07/13/2026, 09:00:55 PM UTC
07/14/2026, 09:00:55 PM UTC",REDACTED ,Assault/Battery Offenses,REDACTED ,,"07/14/2026, 08:46:57 PM UTC",lookup,,
3f9de932-4077-44b3-802b-a42b27b7745b,Sydni Beeman-Price,Lee's Summit MO PD,2,"07/14/2026, 07:00:39 PM UTC
07/14/2026, 09:00:39 PM UTC",REDACTED ,Assault/Battery Offenses,REDACTED ,,"07/14/2026, 08:46:51 PM UTC",lookup,,
284b0952-082c-4e41-bde2-ee9863cfb3f5,Jennifer Maynard,Lee's Summit MO PD,995,"06/30/2026, 08:46:16 PM UTC
07/14/2026, 08:46:16 PM UTC",REDACTED ,Drugs/Narcotics,REDACTED ,,"07/14/2026, 08:46:19 PM UTC",lookup - Mobile,,
e2322f7a-aa50-4a40-beaf-081fc66e0211,Jennifer Maynard,Lee's Summit MO PD,995,"06/30/2026, 08:33:55 PM UTC
07/14/2026, 08:33:55 PM UTC",REDACTED ,Drugs/Narcotics,REDACTED ,,"07/14/2026, 08:33:56 PM UTC",lookup - Mobile,,
de4bce7f-99aa-47d8-a446-b5572e196115,Jennifer Maynard,Lee's Summit MO PD,995,"06/30/2026, 08:33:44 PM UTC
07/14/2026, 08:33:44 PM UTC",REDACTED ,Drugs/Narcotics,REDACTED ,,"07/14/2026, 08:33:47 PM UTC",lookup - Mobile,,
d6ac1e56-66c0-48bc-8d92-2eea6a00c4cb,Jennifer Maynard,Lee's Summit MO PD,995,"06/30/2026, 08:32:17 PM UTC
07/14/2026, 08:32:17 PM UTC",REDACTED ,Drugs/Narcotics,REDACTED ,,"07/14/2026, 08:32:19 PM UTC",lookup - Mobile,,
ac245b48-0c57-43b6-a3a2-129f7e73c361,Jennifer Maynard,Lee's Summit MO PD,995,"06/30/2026, 08:31:41 PM UTC
07/14/2026, 08:31:41 PM UTC",REDACTED ,Drugs/Narcotics,REDACTED ,,"07/14/2026, 08:31:43 PM UTC",lookup - Mobile,,
0e3bceed-9366-4502-92d2-9c8cd94d90d6,Jennifer Maynard,Lee's Summit MO PD,995,"06/30/2026, 08:28:23 PM UTC
07/14/2026, 08:28:23 PM UTC",REDACTED ,Drugs/Narcotics,REDACTED ,,"07/14/2026, 08:28:25 PM UTC",lookup - Mobile,,
65689ac3-d07d-4f44-9610-74e72434a89b,Jennifer Maynard,Lee's Summit MO PD,995,"06/30/2026, 08:28:16 PM UTC
07/14/2026, 08:28:16 PM UTC",REDACTED ,Drugs/Narcotics,REDACTED ,,"07/14/2026, 08:28:17 PM UTC",lookup - Mobile,,
8a711f56-41b8-41bc-bbf5-c70896385e82,Jennifer Maynard,Lee's Summit MO PD,995,"06/30/2026, 08:27:03 PM UTC
07/14/2026, 08:27:03 PM UTC",REDACTED ,Drugs/Narcotics,REDACTED ,,"07/14/2026, 08:27:04 PM UTC",lookup - Mobile,,
c125c83c-558e-4a78-9d8f-704b06a96114,Jennifer Maynard,Lee's Summit MO PD,995,"06/30/2026, 08:26:37 PM UTC
07/14/2026, 08:26:37 PM UTC",REDACTED ,Drugs/Narcotics,REDACTED ,,"07/14/2026, 08:26:43 PM UTC",lookup - Mobile,,
7715767a-9d8c-41ef-a2af-141d6583e64b,Jennifer Maynard,Lee's Summit MO PD,995,"06/30/2026, 08:20:11 PM UTC
07/14/2026, 08:20:11 PM UTC",REDACTED ,Drugs/Narcotics,REDACTED ,,"07/14/2026, 08:20:13 PM UTC",lookup - Mobile,,
230f11ad-3129-463f-a24a-61a096c595eb,Jennifer Maynard,Lee's Summit MO PD,995,"06/30/2026, 08:18:24 PM UTC
07/14/2026, 08:18:24 PM UTC",REDACTED ,Drugs/Narcotics,REDACTED ,,"07/14/2026, 08:18:25 PM UTC",lookup - Mobile,,
708cce56-36dd-42d7-a542-28d034e1a8aa,Jennifer Maynard,Lee's Summit MO PD,995,"03/16/2026, 05:00:00 AM UTC
04/13/2026, 05:34:59 PM UTC",REDACTED ,Drugs/Narcotics,REDACTED ,,"07/14/2026, 08:18:18 PM UTC",lookup - Mobile,,
7d0ee19c-064c-4531-ab39-25a5a60daffc,Ashley Spring,Lee's Summit MO PD,2,"06/14/2026, 08:30:12 PM UTC
07/14/2026, 08:30:12 PM UTC",REDACTED ,Stolen Property Offenses - Investigation,REDACTED ,missouri,"07/14/2026, 08:18:18 PM UTC",freeform,objectClass:vehicle A blue 4-door sedan with rear window decal,allow
22b8557e-d9af-43f1-a739-983a550d7d0f,Jennifer Maynard,Lee's Summit MO PD,995,"03/16/2026, 05:00:00 AM UTC
04/13/2026, 05:34:59 PM UTC",REDACTED ,Drugs/Narcotics,REDACTED ,missouri,"07/14/2026, 08:18:16 PM UTC",lookup - Mobile,,
78431ace-5e75-4760-b519-3e9f168a3e9e,Jennifer Maynard,Lee's Summit MO PD,2,"03/16/2026, 05:00:00 AM UTC
04/13/2026, 05:34:59 PM UTC",REDACTED ,Drugs/Narcotics,REDACTED ,missouri,"07/14/2026, 08:18:13 PM UTC",lookup - Mobile,,
f27b1e56-e180-4117-930a-98cdf4f14645,Jennifer Maynard,Lee's Summit MO PD,995,"06/14/2026, 08:17:29 PM UTC
07/14/2026, 08:17:29 PM UTC",REDACTED ,Drugs/Narcotics,REDACTED ,,"07/14/2026, 08:17:32 PM UTC",lookup - Mobile,,
9ecf9c8e-d887-4c7b-a0a1-03152f6ddf4d,Jennifer Maynard,Lee's Summit MO PD,995,"03/16/2026, 05:00:00 AM UTC
04/13/2026, 05:34:59 PM UTC",REDACTED ,Drugs/Narcotics,REDACTED ,,"07/14/2026, 08:17:22 PM UTC",lookup - Mobile,,
9e7f4ab2-5286-48af-bdee-2a4ee7a823a9,Jennifer Maynard,Lee's Summit MO PD,2,"03/16/2026, 05:00:00 AM UTC
04/13/2026, 05:34:59 PM UTC",REDACTED ,Drugs/Narcotics,REDACTED ,,"07/14/2026, 08:17:19 PM UTC",lookup - Mobile,,
0172dbfc-e93a-4fd5-b039-80820c98c8e9,Jennifer Maynard,Lee's Summit MO PD,2,"03/16/2026, 05:00:00 AM UTC
04/13/2026, 05:34:59 PM UTC",REDACTED ,Drugs/Narcotics,REDACTED ,missouri,"07/14/2026, 08:17:17 PM UTC",lookup - Mobile,,
78ec8b06-cd85-411a-bffc-0cb104b540ab,Jennifer Maynard,Lee's Summit MO PD,995,"07/14/2026, 08:16:49 AM UTC
07/14/2026, 08:16:49 PM UTC",REDACTED ,Drugs/Narcotics,REDACTED ,,"07/14/2026, 08:16:52 PM UTC",lookup - Mobile,,
e5dbc435-2ec7-4c6c-b3a7-190300877f11,Ashley Spring,Lee's Summit MO PD,2,"07/12/2026, 08:30:00 PM UTC
07/14/2026, 08:30:00 PM UTC",REDACTED ,Stolen Property Offenses - Investigation,REDACTED ,missouri,"07/14/2026, 08:16:04 PM UTC",freeform,objectClass:vehicle A blue 4-door sedan with rear window decal,allow
73eb862f-32f2-4fec-9ff2-7ee40b4cd1ef,Ashley Spring,Lee's Summit MO PD,2,"07/14/2026, 06:45:00 PM UTC
07/14/2026, 07:45:00 PM UTC",REDACTED ,Stolen Property Offenses - Investigation,REDACTED ,missouri,"07/14/2026, 08:15:44 PM UTC",freeform,objectClass:vehicle A blue 4-door sedan with rear window decal,allow
3e345f91-4f21-4a04-a5fa-7e8491eceaf2,Ashley Spring,Lee's Summit MO PD,2,"07/14/2026, 06:45:00 PM UTC
07/14/2026, 07:45:00 PM UTC",REDACTED ,Stolen Property Offenses - Investigation,REDACTED ,,"07/14/2026, 08:06:11 PM UTC",freeform,objectClass:vehicle A blue 4-door sedan with rear window decal,allow
33fffc07-7bad-458d-b639-fda3178489bc,Ashley Spring,Lee's Summit MO PD,1019,"07/14/2026, 06:30:00 PM UTC
07/14/2026, 07:40:00 PM UTC",REDACTED ,Stolen Property Offenses - Investigation,REDACTED ,,"07/14/2026, 08:04:18 PM UTC",search,,
976cc095-0892-4717-8055-0edbe2104634,Luke Wilson,Lee's Summit MO PD,2,"07/14/2026, 07:18:00 PM UTC
07/14/2026, 08:00:00 PM UTC",REDACTED ,Larceny/Theft Offenses,REDACTED ,"Sedan, blue","07/14/2026, 07:43:04 PM UTC",search,,
37a703ce-c956-4604-be5b-238e3364c06b,Michael Reese,Lee's Summit MO PD,2,"06/14/2026, 07:30:45 PM UTC
07/14/2026, 07:30:45 PM UTC",REDACTED ,Counterfeiting/Forgery - Suspect Vehicle,REDACTED ,,"07/14/2026, 07:26:48 PM UTC",lookup,,
50bfd27f-c6be-479f-84b6-9af939f5fe95,Phillip Stewart,Lee's Summit MO PD,1019,"06/14/2026, 06:00:49 PM UTC
07/14/2026, 06:00:49 PM UTC",REDACTED ,Motor Vehicle Theft/Stolen - ,REDACTED ,,"07/14/2026, 05:51:17 PM UTC",lookup,,
0de9da85-026e-47b6-bb07-97bb398e06d5,David Arnold,Lee's Summit MO PD,6200,"06/14/2026, 05:12:03 PM UTC
07/14/2026, 05:12:03 PM UTC",REDACTED ,Larceny/Theft Offenses,REDACTED ,,"07/14/2026, 05:12:07 PM UTC",lookup,,
3814c7df-2ee1-40dd-818d-e36eb6202c01,David Arnold,Lee's Summit MO PD,1019,"06/14/2026, 04:00:59 PM UTC
07/14/2026, 04:00:59 PM UTC",REDACTED ,Larceny/Theft Offenses,REDACTED ,,"07/14/2026, 05:10:20 PM UTC",lookup,,
205c83b8-b525-4505-a144-15de73eb24c5,David Arnold,Lee's Summit MO PD,1020,"06/14/2026, 04:00:59 PM UTC
07/14/2026, 04:00:59 PM UTC",REDACTED ,Larceny/Theft Offenses,REDACTED ,,"07/14/2026, 03:59:29 PM UTC",lookup,,
46f690e7-5002-482b-9c9d-aba924efdd3f,Derrick Liggett,Lee's Summit MO PD,1020,"06/30/2026, 04:00:38 PM UTC
07/14/2026, 04:00:38 PM UTC",REDACTED ,Hit and Run/Car Accident,REDACTED ,kansas,"07/14/2026, 03:49:23 PM UTC",lookup,,
be0e4ee4-195a-4834-a1b2-c20fd0d11a95,Derrick Liggett,Lee's Summit MO PD,2,"06/30/2026, 04:00:38 PM UTC
07/14/2026, 04:00:38 PM UTC",REDACTED ,Hit and Run/Car Accident,REDACTED ,kansas,"07/14/2026, 03:45:41 PM UTC",lookup,,
f6e90589-d5d0-4752-8ac8-7070590d1c64,David Arnold,Lee's Summit MO PD,2,"06/14/2026, 03:22:28 PM UTC
07/14/2026, 03:22:28 PM UTC",REDACTED ,Larceny/Theft Offenses,REDACTED ,,"07/14/2026, 03:22:32 PM UTC",lookup,,
185cdf54-fa89-475a-a289-e295a2e3cfb3,David Arnold,Lee's Summit MO PD,1020,"06/14/2026, 03:30:56 PM UTC
07/14/2026, 03:30:56 PM UTC",REDACTED ,Larceny/Theft Offenses,REDACTED ,,"07/14/2026, 03:21:59 PM UTC",lookup,,
c1f653e8-4a15-44ea-8c33-5e01da97533d,David Arnold,Lee's Summit MO PD,6201,"06/14/2026, 03:30:30 PM UTC
07/14/2026, 03:30:30 PM UTC",REDACTED ,Larceny/Theft Offenses,REDACTED ,,"07/14/2026, 03:02:34 PM UTC",lookup,,
30c51eef-5c51-490b-a788-7a2b624352c2,Ryan Small,Lee's Summit MO PD,1020,"06/14/2026, 02:30:45 PM UTC
07/14/2026, 02:30:45 PM UTC",REDACTED ,Larceny/Theft Offenses,REDACTED ,missouri,"07/14/2026, 02:25:48 PM UTC",lookup,,
9fec55fc-c52c-4848-a977-be0c9841b884,David Arnold,Lee's Summit MO PD,1020,"06/14/2026, 02:00:11 PM UTC
07/14/2026, 02:00:11 PM UTC",REDACTED ,Larceny/Theft Offenses,REDACTED ,,"07/14/2026, 01:42:14 PM UTC",lookup,,
499cb4b5-2948-4f8f-9bb1-c04eb4bf1088,David Arnold,Lee's Summit MO PD,6201,"06/14/2026, 02:00:48 PM UTC
07/14/2026, 02:00:48 PM UTC",REDACTED ,Larceny/Theft Offenses,REDACTED ,,"07/14/2026, 01:41:51 PM UTC",lookup,,
470c5fe3-7b5a-4962-bf88-75941643f502,David Arnold,Lee's Summit MO PD,6201,"06/14/2026, 01:30:09 PM UTC
07/14/2026, 01:30:09 PM UTC",REDACTED ,Larceny/Theft Offenses,REDACTED ,,"07/14/2026, 01:09:12 PM UTC",lookup,,
c643a8ad-129b-427d-bf0d-83cf806b92f3,David Arnold,Lee's Summit MO PD,6201,"06/08/2026, 03:48:47 PM UTC
07/08/2026, 03:48:47 PM UTC",REDACTED ,Larceny/Theft Offenses,REDACTED ,,"07/14/2026, 12:56:02 PM UTC",lookup,,
9ee4699a-4ff5-400a-98c5-fa309547e85c,Jordan McWhorter,Lee's Summit MO PD,6200,"06/14/2026, 09:59:07 AM UTC
07/14/2026, 09:59:07 AM UTC",REDACTED ,Larceny/Theft Offenses,REDACTED ,,"07/14/2026, 09:59:09 AM UTC",lookup,,
2d386630-f947-46ec-9f4f-77ca53c6bdb5,Jordan McWhorter,Lee's Summit MO PD,6200,"06/14/2026, 09:51:20 AM UTC
07/14/2026, 09:51:20 AM UTC",REDACTED ,Larceny/Theft Offenses,REDACTED ,,"07/14/2026, 09:51:22 AM UTC",lookup,,
2aea1a60-76f6-493e-a821-d91dc6806641,Jordan McWhorter,Lee's Summit MO PD,1019,"07/09/2026, 01:00:00 PM UTC
07/10/2026, 01:50:00 AM UTC",REDACTED ,Larceny/Theft Offenses,REDACTED ,Chevrolet,"07/14/2026, 09:50:30 AM UTC",search,,
f7f8cc8c-5e9d-4f7c-95e4-129b444731bc,Jordan McWhorter,Lee's Summit MO PD,6200,"06/14/2026, 09:50:01 AM UTC
07/14/2026, 09:50:01 AM UTC",REDACTED ,Larceny/Theft Offenses,REDACTED ,,"07/14/2026, 09:50:03 AM UTC",lookup,,
dd161b37-7949-4069-8515-37be40d27f28,Jordan McWhorter,Lee's Summit MO PD,1019,"07/09/2026, 01:00:00 PM UTC
07/10/2026, 01:50:00 AM UTC",REDACTED ,Larceny/Theft Offenses,REDACTED ,"SUV, Chevrolet, GMC, black","07/14/2026, 09:49:04 AM UTC",search,,
3ab77a23-19a0-4df5-af39-973a95705121,Jordan McWhorter,Lee's Summit MO PD,1019,"07/09/2026, 01:00:00 PM UTC
07/10/2026, 01:50:00 AM UTC",REDACTED ,Larceny/Theft Offenses,REDACTED ,"Chevrolet, GMC","07/14/2026, 09:48:47 AM UTC",search,,
a225af9d-ea75-4993-9160-ea858369020b,Jordan McWhorter,Lee's Summit MO PD,1019,"07/09/2026, 01:00:00 PM UTC
07/10/2026, 01:50:00 AM UTC",REDACTED ,Larceny/Theft Offenses,REDACTED ,"Chevrolet, GMC","07/14/2026, 09:48:35 AM UTC",search,,
b8859168-9047-4637-bb56-4aeb8c1dc8df,Jordan McWhorter,Lee's Summit MO PD,1019,"07/10/2026, 12:40:00 AM UTC
07/10/2026, 01:50:00 AM UTC",REDACTED ,Larceny/Theft Offenses,REDACTED ,"Chevrolet, GMC","07/14/2026, 09:48:11 AM UTC",search,,
a4fe0534-fbed-47a5-a01d-8f87f971dbca,Jordan McWhorter,Lee's Summit MO PD,2,"07/10/2026, 12:40:00 AM UTC
07/10/2026, 01:50:00 AM UTC",REDACTED ,Larceny/Theft Offenses,REDACTED ,"Chevrolet, GMC","07/14/2026, 09:47:45 AM UTC",search,,
0b405d24-e65e-41af-a178-1824f7959618,Jordan McWhorter,Lee's Summit MO PD,2,"07/10/2026, 12:40:00 AM UTC
07/10/2026, 01:50:00 AM UTC",REDACTED ,Larceny/Theft Offenses,REDACTED ,,"07/14/2026, 09:47:30 AM UTC",search,,
6466d1bd-2a30-4f41-aa00-c18db606d39c,Jordan McWhorter,Lee's Summit MO PD,6200,"06/14/2026, 09:17:01 AM UTC
07/14/2026, 09:17:01 AM UTC",REDACTED ,Larceny/Theft Offenses,REDACTED ,,"07/14/2026, 09:46:37 AM UTC",lookup,,
7c4b8c0b-eb6f-4f74-8a40-b011b4118669,Jordan McWhorter,Lee's Summit MO PD,6200,"06/14/2026, 09:17:01 AM UTC
07/14/2026, 09:17:01 AM UTC",REDACTED ,Larceny/Theft Offenses,REDACTED ,,"07/14/2026, 09:36:36 AM UTC",lookup,,
a2b367ac-105d-4e6e-8e79-9a270e7d4bf4,Jordan McWhorter,Lee's Summit MO PD,6200,"06/14/2026, 09:17:01 AM UTC
07/14/2026, 09:17:01 AM UTC",REDACTED ,Larceny/Theft Offenses,REDACTED ,,"07/14/2026, 09:17:04 AM UTC",lookup,,
d8ddd949-aac6-401f-9474-35cb5f657443,Jordan McWhorter,Lee's Summit MO PD,1019,"07/10/2026, 12:30:00 AM UTC
07/10/2026, 01:55:00 AM UTC",REDACTED ,Larceny/Theft Offenses,REDACTED ,Chevrolet,"07/14/2026, 09:14:38 AM UTC",search,,
f5f65f0b-1c89-443a-9f27-bdee6d71d0fe,Jordan McWhorter,Lee's Summit MO PD,1019,"07/10/2026, 12:30:00 AM UTC
07/10/2026, 01:55:00 AM UTC",REDACTED ,Larceny/Theft Offenses,REDACTED ,Chevrolet,"07/14/2026, 09:14:18 AM UTC",search,,
44681d4e-065d-458e-bcac-54f7b9bd1204,Ryan Snider,Lee's Summit MO PD,1019,"07/14/2026, 06:00:00 AM UTC
07/14/2026, 06:45:00 AM UTC",REDACTED ,Burglary/Breaking & Entering - RESIDENTIAL BURGLARY,REDACTED ,"Pickup, white, silver_grey, black","07/14/2026, 07:47:38 AM UTC",search,,
d0a85c40-835d-47a5-bda1-44eea71434e1,Ryan Snider,Lee's Summit MO PD,1019,"07/14/2026, 06:00:00 AM UTC
07/14/2026, 06:45:00 AM UTC",REDACTED ,Burglary/Breaking & Entering - ,REDACTED ,"Pickup, white, silver_grey, black","07/14/2026, 07:47:14 AM UTC",search,,
aa01ed89-d0e1-40f5-a005-ffda9c9a30ef,Ryan Snider,Lee's Summit MO PD,1019,"07/14/2026, 06:00:00 AM UTC
07/14/2026, 06:45:00 AM UTC",REDACTED ,Burglary/Breaking & Entering - ,REDACTED ,"Pickup, white, silver_grey, black","07/14/2026, 07:47:07 AM UTC",search,,
d5e65170-88e3-48ee-a76f-9f8faa209e84,Ryan Snider,Lee's Summit MO PD,1019,"07/13/2026, 08:00:08 AM UTC
07/14/2026, 08:00:08 AM UTC",REDACTED ,Burglary/Breaking & Entering - ,REDACTED ,,"07/14/2026, 07:41:10 AM UTC",lookup,,
b6b88755-8a1f-4beb-a2a4-50890e72e49d,Azlen Metscher,Lee's Summit MO PD,1,"07/14/2026, 04:30:00 AM UTC
07/15/2026, 04:30:00 AM UTC",REDACTED ,Burglary/Breaking & Entering,REDACTED ,,"07/14/2026, 07:07:49 AM UTC",freeform,objectClass:vehicle DARK IN COLOR EXTENDED CAB PICKUP TRUCK,allow
37a38ed4-1eac-483e-b3d2-16e97375e6bb,Azlen Metscher,Lee's Summit MO PD,1,"07/13/2026, 05:30:00 AM UTC
07/15/2026, 04:30:00 AM UTC",REDACTED ,Burglary/Breaking & Entering,REDACTED ,,"07/14/2026, 07:07:21 AM UTC",freeform,objectClass:vehicle DARK IN COLOR EXTENDED CAB PICKUP TRUCK,allow
45ef879d-96f4-44f6-bb3a-0973e8f8eec8,Azlen Metscher,Lee's Summit MO PD,1,"07/13/2026, 05:30:00 PM UTC
07/14/2026, 07:30:00 AM UTC",REDACTED ,Burglary/Breaking & Entering,REDACTED ,,"07/14/2026, 07:06:37 AM UTC",freeform,objectClass:vehicle DARK IN COLOR EXTENDED CAB PICKUP TRUCK,allow
1cf8d626-71e8-41b2-a950-ac15a2d6e085,Azlen Metscher,Lee's Summit MO PD,1019,"07/14/2026, 05:30:22 AM UTC
07/14/2026, 07:30:22 AM UTC",REDACTED ,Burglary/Breaking & Entering,REDACTED ,missouri,"07/14/2026, 07:03:56 AM UTC",lookup,,
327f0b6e-b0cb-46e1-8342-f63c87bd93a6,Azlen Metscher,Lee's Summit MO PD,2,"07/14/2026, 01:00:45 AM UTC
07/14/2026, 07:00:45 AM UTC",REDACTED ,Burglary/Breaking & Entering,REDACTED ,missouri,"07/14/2026, 07:03:13 AM UTC",freeform,objectClass:vehicle DARK COLORED EXTENDED CAB TRUCK ,allow
e29321ec-85d5-41f8-9404-12f365ede0d2,Azlen Metscher,Lee's Summit MO PD,1,"07/14/2026, 01:00:45 AM UTC
07/14/2026, 07:00:45 AM UTC",REDACTED ,Burglary/Breaking & Entering,REDACTED ,missouri,"07/14/2026, 07:03:01 AM UTC",freeform,objectClass:vehicle DARK COLORED EXTENDED CAB TRUCK ,allow
756b6f85-05bf-4036-aca2-1c14f522874f,Azlen Metscher,Lee's Summit MO PD,1,"07/14/2026, 01:00:45 AM UTC
07/14/2026, 07:00:45 AM UTC",REDACTED ,Burglary/Breaking & Entering,REDACTED ,,"07/14/2026, 07:00:35 AM UTC",freeform,objectClass:vehicle DARK COLORED EXTENDED CAB TRUCK ,allow
e2f3b469-eee7-4c2c-ad0d-9c6b72624895,Azlen Metscher,Lee's Summit MO PD,1,"07/14/2026, 01:00:45 AM UTC
07/14/2026, 07:00:45 AM UTC",REDACTED ,Burglary/Breaking & Entering,REDACTED ,,"07/14/2026, 06:58:53 AM UTC",freeform,objectClass:vehicle DARK COLORED EXTENDED CAB TRUCK ,allow
cf2132d6-8880-4d9d-bb38-06fe89f25ef4,Jordan McWhorter,Lee's Summit MO PD,2,"07/14/2026, 05:30:00 AM UTC
07/14/2026, 07:00:00 AM UTC",REDACTED ,Burglary/Breaking & Entering,REDACTED ,Pickup,"07/14/2026, 06:57:10 AM UTC",search,,
ee63c9fe-0c60-4bdd-ab1a-ba2bea8e77cc,Azlen Metscher,Lee's Summit MO PD,1,"07/14/2026, 01:00:45 AM UTC
07/14/2026, 07:00:45 AM UTC",REDACTED ,Burglary/Breaking & Entering,REDACTED ,,"07/14/2026, 06:56:19 AM UTC",freeform,objectClass:vehicle DARK COLORED EXTENDED CAB TRUCK ,allow
24d46b97-759f-4330-a213-8d940e5c0410,Jordan McWhorter,Lee's Summit MO PD,6200,"06/14/2026, 06:53:24 AM UTC
07/14/2026, 06:53:24 AM UTC",REDACTED ,Burglary/Breaking & Entering,REDACTED ,,"07/14/2026, 06:54:54 AM UTC",lookup,,
682b5271-3e9d-43f1-a5f3-f0833243fa5a,Jordan McWhorter,Lee's Summit MO PD,6200,"06/14/2026, 06:53:22 AM UTC
07/14/2026, 06:53:22 AM UTC",REDACTED ,Burglary/Breaking & Entering,REDACTED ,,"07/14/2026, 06:54:48 AM UTC",lookup,,
4d6eba97-34bf-4c2f-a10b-547e80cd398d,Azlen Metscher,Lee's Summit MO PD,1,"07/14/2026, 01:00:45 AM UTC
07/14/2026, 07:00:45 AM UTC",REDACTED ,Burglary/Breaking & Entering,REDACTED ,,"07/14/2026, 06:54:08 AM UTC",freeform,objectClass:vehicle GRAY EXTENDED CAB TRUCK ,allow
afcdedda-563d-4cfd-bd11-1dcf8fbcae24,Jordan McWhorter,Lee's Summit MO PD,6200,"06/14/2026, 06:53:09 AM UTC
07/14/2026, 06:53:09 AM UTC",REDACTED ,Burglary/Breaking & Entering,REDACTED ,,"07/14/2026, 06:53:39 AM UTC",lookup,,
81bdab83-d487-4bc8-a77a-75c68dc8890f,Jordan McWhorter,Lee's Summit MO PD,6200,"06/14/2026, 06:53:06 AM UTC
07/14/2026, 06:53:06 AM UTC",REDACTED ,Burglary/Breaking & Entering,REDACTED ,,"07/14/2026, 06:53:26 AM UTC",lookup,,
0ea646c4-08cc-42cc-adcd-6f9e07b1acb9,Jordan McWhorter,Lee's Summit MO PD,6200,"06/14/2026, 06:53:18 AM UTC
07/14/2026, 06:53:18 AM UTC",REDACTED ,Burglary/Breaking & Entering,REDACTED ,,"07/14/2026, 06:53:21 AM UTC",lookup,,
c4634e49-f1a9-42b4-840b-56da21b0cc74,Jordan McWhorter,Lee's Summit MO PD,6200,"06/14/2026, 06:53:14 AM UTC
07/14/2026, 06:53:14 AM UTC",REDACTED ,Burglary/Breaking & Entering,REDACTED ,,"07/14/2026, 06:53:17 AM UTC",lookup,,
b8b25084-89cd-4298-bddb-419349c1d9a3,Jordan McWhorter,Lee's Summit MO PD,1019,"07/14/2026, 05:30:00 AM UTC
07/14/2026, 07:00:00 AM UTC",REDACTED ,Burglary/Breaking & Entering,REDACTED ,Pickup,"07/14/2026, 06:52:49 AM UTC",search,,
93ecc18e-7dfa-41f0-a374-08400e8f1709,Jordan McWhorter,Lee's Summit MO PD,1019,"07/14/2026, 06:00:00 AM UTC
07/14/2026, 07:00:00 AM UTC",REDACTED ,Burglary/Breaking & Entering,REDACTED ,Pickup,"07/14/2026, 06:52:33 AM UTC",search,,
0a893bd1-764d-4ac5-b9b1-3c6d11035a62,Azlen Metscher,Lee's Summit MO PD,1,"07/12/2026, 11:00:44 PM UTC
07/13/2026, 11:00:44 PM UTC",REDACTED ,Burglary/Breaking & Entering,REDACTED ,,"07/14/2026, 06:52:07 AM UTC",freeform,objectClass:vehicle GRAY EXTENDED CAB TRUCK ,allow
00fe19f5-b01a-4fda-bd1c-0a3a095f963c,Jordan McWhorter,Lee's Summit MO PD,1019,"07/14/2026, 05:00:39 AM UTC
07/14/2026, 07:00:39 AM UTC",REDACTED ,Burglary/Breaking & Entering,REDACTED ,Pickup,"07/14/2026, 06:37:10 AM UTC",search,,
a3dc6967-5bb0-464f-b25c-347b54fef551,Jordan McWhorter,Lee's Summit MO PD,1019,"07/14/2026, 05:00:39 AM UTC
07/14/2026, 07:00:39 AM UTC",REDACTED ,Burglary/Breaking & Entering,REDACTED ,"Pickup, silver_grey","07/14/2026, 06:37:06 AM UTC",search,,
00dfa71b-b093-47f8-87c3-4c768b19e75b,Jordan McWhorter,Lee's Summit MO PD,1019,"07/14/2026, 05:00:39 AM UTC
07/14/2026, 07:00:39 AM UTC",REDACTED ,Burglary/Breaking & Entering,REDACTED ,Pickup,"07/14/2026, 06:36:33 AM UTC",search,,
7d19a3c6-c2e4-4f25-9a61-ffed33fabf71,Jacob White,Lee's Summit MO PD,2,"07/07/2026, 03:30:07 AM UTC
07/14/2026, 03:30:07 AM UTC",REDACTED ,Traffic Infraction,REDACTED ,,"07/14/2026, 03:21:09 AM UTC",lookup,,
405faab2-c0c5-48cb-94c1-9cb8e9b85fde,Darcy Boorem,Lee's Summit MO PD,1037,"06/13/2026, 03:30:06 PM UTC
07/13/2026, 03:30:06 PM UTC",REDACTED ,Alcohol Offenses (Non-DUI),REDACTED ,,"07/13/2026, 04:03:19 PM UTC",lookup,,
8f6a13e7-0c45-4b7c-b821-b5ae61a1a1fc,Amanda Schulte,Lee's Summit MO PD,1037,"07/12/2026, 12:05:00 AM UTC
07/12/2026, 12:40:00 AM UTC",REDACTED ,Larceny/Theft Offenses,REDACTED ,"Sedan, Kia, black","07/13/2026, 03:30:58 PM UTC",search,,
831cd846-f0db-4b96-84ee-864a5ffc77b3,Amanda Schulte,Lee's Summit MO PD,1037,"07/12/2026, 12:05:00 AM UTC
07/12/2026, 12:40:00 AM UTC",REDACTED ,Larceny/Theft Offenses,REDACTED ,"Coupe, Kia, black","07/13/2026, 03:30:41 PM UTC",search,,
e347282c-dfe6-468a-a2a1-2f8673266283,Amanda Schulte,Lee's Summit MO PD,1037,"07/12/2026, 12:05:00 AM UTC
07/12/2026, 12:40:00 AM UTC",REDACTED ,Larceny/Theft Offenses,REDACTED ,,"07/13/2026, 03:30:09 PM UTC",search,,
28818f68-5a53-483b-aaad-933be6afba27,Darcy Boorem,Lee's Summit MO PD,1037,"06/13/2026, 03:30:06 PM UTC
07/13/2026, 03:30:06 PM UTC",REDACTED ,Financial Crime (Embezzlement/Fraud),REDACTED ,,"07/13/2026, 03:24:10 PM UTC",lookup,,
b498f111-19d8-4551-900f-f38031fe5fb8,Darcy Boorem,Lee's Summit MO PD,1037,"06/13/2026, 01:00:35 PM UTC
07/13/2026, 01:00:35 PM UTC",REDACTED ,Financial Crime (Embezzlement/Fraud) - AOA Olathe,REDACTED ,,"07/13/2026, 12:33:39 PM UTC",lookup,,
587a2b9d-27d1-4669-932d-5ea432759d20,Martin Blahut,Lee's Summit MO PD,1036,"06/13/2026, 10:30:58 AM UTC
07/13/2026, 10:30:58 AM UTC",REDACTED ,Drugs/Narcotics - Pills (possibly counterfeit) in hidden container.,REDACTED ,,"07/13/2026, 10:16:00 AM UTC",lookup,,
475388cd-7d66-4cfa-9e21-4f87822f3f28,Martin Blahut,Lee's Summit MO PD,1036,"07/12/2026, 04:00:29 AM UTC
07/13/2026, 04:00:29 AM UTC",REDACTED ,Drugs/Narcotics,REDACTED ,,"07/13/2026, 03:40:41 AM UTC",lookup,,
ff9e934a-e2a0-47a2-a1b4-3e51e4f402c4,Martin Blahut,Lee's Summit MO PD,1036,"07/12/2026, 04:00:29 AM UTC
07/13/2026, 04:00:29 AM UTC",REDACTED ,Drugs/Narcotics,REDACTED ,,"07/13/2026, 03:40:34 AM UTC",lookup,,
ebf94975-6b85-432d-a02b-ee2f2c3f6030,Scott McMilian,Lee's Summit MO PD,1036,"06/29/2026, 04:00:08 AM UTC
07/13/2026, 04:00:08 AM UTC",REDACTED ,Weapons Offense (Guns/Shots Fired),REDACTED ,,"07/13/2026, 03:31:10 AM UTC",lookup,,
d192e33b-c983-4640-9be9-a6d3eccf10b0,Martin Blahut,Lee's Summit MO PD,2,"07/12/2026, 03:00:35 AM UTC
07/13/2026, 03:00:35 AM UTC",REDACTED ,Larceny/Theft Offenses,REDACTED ,,"07/13/2026, 02:33:03 AM UTC",lookup,,
08a4205d-f4d7-483c-8a5c-2aa4e314cee2,Martin Blahut,Lee's Summit MO PD,1036,"07/12/2026, 03:00:35 AM UTC
07/13/2026, 03:00:35 AM UTC",REDACTED ,Larceny/Theft Offenses,REDACTED ,,"07/13/2026, 02:32:37 AM UTC",lookup,,
d02ec755-8efd-49ec-b358-535bf745a595,Martin Blahut,Lee's Summit MO PD,1036,"07/06/2026, 12:30:01 AM UTC
07/13/2026, 12:30:01 AM UTC",REDACTED ,Larceny/Theft Offenses,REDACTED ,,"07/13/2026, 12:25:02 AM UTC",lookup,,
a85f32e5-8aad-4b56-80fc-2fdaa280cea3,Martin Blahut,Lee's Summit MO PD,1036,"07/12/2026, 12:30:58 AM UTC
07/13/2026, 12:30:58 AM UTC",REDACTED ,Drugs/Narcotics,REDACTED ,,"07/13/2026, 12:20:59 AM UTC",lookup,,
d3895714-2483-4f46-b3fc-11cb0fadcb83,Martin Blahut,Lee's Summit MO PD,1036,"07/12/2026, 12:30:40 AM UTC
07/13/2026, 12:30:40 AM UTC",REDACTED ,Drugs/Narcotics,REDACTED ,,"07/13/2026, 12:20:50 AM UTC",lookup,,
830a3f4f-51b5-41d0-96bb-6770f8977d5c,Martin Blahut,Lee's Summit MO PD,2,"07/12/2026, 12:30:40 AM UTC
07/13/2026, 12:30:40 AM UTC",REDACTED ,Drugs/Narcotics,REDACTED ,,"07/13/2026, 12:20:42 AM UTC",lookup,,
fb25aaa5-7c55-48cc-a811-ca0d767fd731,Jacob Aguayo,Lee's Summit MO PD,1036,"07/05/2026, 11:00:38 PM UTC
07/12/2026, 11:00:38 PM UTC",REDACTED ,Stolen Property Offenses,REDACTED ,,"07/12/2026, 10:55:40 PM UTC",lookup,,
967dee71-a3e9-4427-bf94-ce448ace2e2d,Jacob Aguayo,Lee's Summit MO PD,2,"07/12/2026, 05:00:00 PM UTC
07/12/2026, 05:45:00 PM UTC",REDACTED ,Stolen Property Offenses,REDACTED ,"Dodge, black","07/12/2026, 09:08:32 PM UTC",search,,
d1fdec9e-9919-47f6-96bf-dc01a78c7c5b,Jacob Aguayo,Lee's Summit MO PD,2,"07/12/2026, 05:00:00 PM UTC
07/12/2026, 05:45:00 PM UTC",REDACTED ,Stolen Property Offenses,REDACTED ,"Dodge, black","07/12/2026, 09:08:20 PM UTC",search,,
7e56a263-f50e-476d-b3da-668a688922c2,Jacob Aguayo,Lee's Summit MO PD,2,"07/12/2026, 05:00:00 PM UTC
07/12/2026, 05:45:00 PM UTC",REDACTED ,Stolen Property Offenses,REDACTED ,"Pickup, Dodge, black","07/12/2026, 09:07:47 PM UTC",search,,
9498abe0-86e5-487e-88f4-abcc695aca81,Jacob Aguayo,Lee's Summit MO PD,2,"07/12/2026, 05:00:00 PM UTC
07/12/2026, 05:45:00 PM UTC",REDACTED ,Stolen Property Offenses,REDACTED ,"Pickup, Dodge, black","07/12/2026, 09:07:30 PM UTC",search,,
ca62baa4-aa7d-49eb-a88f-7e12ea301976,Jacob Aguayo,Lee's Summit MO PD,2,"07/12/2026, 05:00:00 PM UTC
07/12/2026, 05:45:00 PM UTC",REDACTED ,Stolen Property Offenses,REDACTED ,"Pickup, Dodge, black","07/12/2026, 09:07:18 PM UTC",search,,
22bc76a3-b3fc-4e99-af52-16ab468938de,Jacob Aguayo,Lee's Summit MO PD,2,"07/12/2026, 05:00:00 PM UTC
07/12/2026, 05:45:00 PM UTC",REDACTED ,Stolen Property Offenses,REDACTED ,"Pickup, Dodge, black","07/12/2026, 09:07:16 PM UTC",search,,
81474740-01e6-40f8-8082-51430f0a3071,Jacob Aguayo,Lee's Summit MO PD,2,"07/12/2026, 05:00:00 PM UTC
07/12/2026, 05:45:00 PM UTC",REDACTED ,Stolen Property Offenses,REDACTED ,"Pickup, Dodge, black","07/12/2026, 09:06:33 PM UTC",search,,
7a861bdf-eed6-48b1-9be8-f9048048416b,Jacob Aguayo,Lee's Summit MO PD,1036,"07/12/2026, 05:00:00 PM UTC
07/12/2026, 05:45:00 PM UTC",REDACTED ,Stolen Property Offenses,REDACTED ,"Pickup, Dodge, black","07/12/2026, 09:06:04 PM UTC",search,,
80a7adaa-79c9-4f3e-b610-c31fe9dee211,Jacob Aguayo,Lee's Summit MO PD,1036,"07/12/2026, 05:00:00 PM UTC
07/12/2026, 05:45:00 PM UTC",REDACTED ,Stolen Property Offenses,REDACTED ,"Pickup, Dodge, black","07/12/2026, 09:05:39 PM UTC",search,,
085547fe-4696-40a0-82e4-0cd3542ea83c,Jacob Aguayo,Lee's Summit MO PD,1036,"07/12/2026, 05:00:00 PM UTC
07/12/2026, 05:45:00 PM UTC",REDACTED ,Stolen Property Offenses,REDACTED ,"Pickup, Dodge, black","07/12/2026, 09:04:35 PM UTC",search,,
aef918a3-b368-4fd1-9f3e-ce98b0df088c,Jacob Aguayo,Lee's Summit MO PD,2,"07/12/2026, 05:00:00 PM UTC
07/12/2026, 06:00:00 PM UTC",REDACTED ,Stolen Property Offenses,REDACTED ,,"07/12/2026, 09:02:05 PM UTC",freeform,objectClass:vehicle sticks in bed of truck,allow
e944ac43-78e2-4721-bfcc-f09826593110,Jacob Aguayo,Lee's Summit MO PD,2,"07/12/2026, 04:00:00 PM UTC
07/12/2026, 06:00:00 PM UTC",REDACTED ,Stolen Property Offenses,REDACTED ,,"07/12/2026, 08:53:24 PM UTC",freeform,objectClass:vehicle sticks in bed of truck,allow
351b655f-e018-46db-98e3-48b1374c8947,Jacob Aguayo,Lee's Summit MO PD,2,"07/12/2026, 03:00:23 PM UTC
07/12/2026, 09:00:23 PM UTC",REDACTED ,Stolen Property Offenses,REDACTED ,,"07/12/2026, 08:52:49 PM UTC",freeform,objectClass:vehicle sticks in bed of truck,allow
254b73cb-092e-4535-9dda-39d4f826da25,Jacob Aguayo,Lee's Summit MO PD,2,"07/12/2026, 11:30:00 AM UTC
07/12/2026, 08:30:00 PM UTC",REDACTED ,Stolen Property Offenses,REDACTED ,"Pickup, Dodge, black, blue","07/12/2026, 08:51:32 PM UTC",search,,
4ebd37cc-995f-40a4-b91f-065ab223f667,Jacob Aguayo,Lee's Summit MO PD,2,"07/12/2026, 11:30:00 AM UTC
07/12/2026, 08:30:00 PM UTC",REDACTED ,Stolen Property Offenses,REDACTED ,"Pickup, Dodge, black, blue","07/12/2026, 08:51:02 PM UTC",search,,
82aa317e-e030-4008-ab26-5a4d233e10d3,Jacob Aguayo,Lee's Summit MO PD,2,"07/12/2026, 01:00:00 PM UTC
07/12/2026, 08:30:00 PM UTC",REDACTED ,Stolen Property Offenses,REDACTED ,"Pickup, Dodge, black, blue","07/12/2026, 08:50:25 PM UTC",search,,
016971a4-880d-4adc-9d67-27eee53bb06b,Jacob Aguayo,Lee's Summit MO PD,2,"07/12/2026, 01:00:00 PM UTC
07/12/2026, 08:30:00 PM UTC",REDACTED ,Stolen Property Offenses,REDACTED ,"Pickup, Dodge, black","07/12/2026, 08:48:56 PM UTC",search,,
a2d21c66-a1e0-470e-882f-f5d53ef5172d,Jacob Aguayo,Lee's Summit MO PD,2,"07/12/2026, 03:00:00 PM UTC
07/12/2026, 07:00:00 PM UTC",REDACTED ,Stolen Property Offenses,REDACTED ,"Pickup, Dodge, black","07/12/2026, 08:48:11 PM UTC",search,,
d3fdf589-412e-4dea-8204-1a5973a4a39a,Jacob Aguayo,Lee's Summit MO PD,2,"07/12/2026, 04:00:00 PM UTC
07/12/2026, 06:00:00 PM UTC",REDACTED ,Stolen Property Offenses,REDACTED ,"Pickup, Dodge, black","07/12/2026, 08:47:48 PM UTC",search,,
24664327-d394-4f45-8924-c4c06ab4d573,Christy Griffin,Lee's Summit MO PD,1,"07/12/2026, 04:00:00 PM UTC
07/12/2026, 08:30:00 PM UTC",REDACTED ,Stolen Property Offenses,REDACTED ,"Pickup, Dodge, Ram, black, blue","07/12/2026, 08:17:39 PM UTC",search,,
4ccb709b-cfac-4a72-936c-75b9f919cb2a,Christy Griffin,Lee's Summit MO PD,1036,"07/12/2026, 04:00:00 PM UTC
07/12/2026, 08:30:00 PM UTC",REDACTED ,Stolen Property Offenses,REDACTED ,"Pickup, Dodge, Ram, black, blue","07/12/2026, 08:17:11 PM UTC",search,,
ad930ddf-1ebc-4e77-92a1-5a1c8c2284c2,Christy Griffin,Lee's Summit MO PD,1036,"07/12/2026, 04:00:00 PM UTC
07/12/2026, 08:30:00 PM UTC",REDACTED ,Stolen Property Offenses,REDACTED ,"Pickup, Dodge, Ram, black, blue","07/12/2026, 08:16:17 PM UTC",search,,
24926ae0-5b86-43ed-b77b-eb8e85ff4edc,Owen Colyne,Lee's Summit MO PD,1036,"07/12/2026, 04:00:00 PM UTC
07/12/2026, 07:00:00 PM UTC",REDACTED ,Larceny/Theft Offenses,REDACTED ,"Pickup, Dodge, Ram, black","07/12/2026, 07:03:29 PM UTC",search,,
9979eb3a-dece-4fbb-a08e-8ea31cd7bb40,Owen Colyne,Lee's Summit MO PD,1036,"07/12/2026, 04:00:00 PM UTC
07/12/2026, 07:00:00 PM UTC",REDACTED ,Larceny/Theft Offenses,REDACTED ,"Dodge, Ram, black","07/12/2026, 07:02:55 PM UTC",search,,
bc044e34-edc6-411e-a534-232271dc506a,Nathan Minahan,Lee's Summit MO PD,349,"07/11/2026, 03:00:00 PM UTC
07/12/2026, 03:00:00 PM UTC",REDACTED ,Child Abuse/Neglect,REDACTED ,,"07/12/2026, 02:40:55 PM UTC",lookup,,
a8465c2d-707c-412b-b13e-0e35907ec8c9,Nathan Minahan,Lee's Summit MO PD,349,"07/11/2026, 03:00:00 PM UTC
07/12/2026, 03:00:00 PM UTC",REDACTED ,Child Abuse/Neglect,REDACTED ,,"07/12/2026, 02:39:46 PM UTC",lookup,,
8619e5cc-99ab-44e1-bad5-620b0903b475,Nathan Minahan,Lee's Summit MO PD,349,"07/11/2026, 03:00:00 PM UTC
07/12/2026, 03:00:00 PM UTC",REDACTED ,Child Abuse/Neglect,REDACTED ,,"07/12/2026, 02:39:08 PM UTC",lookup,,
f1d3aea9-4778-40d2-8c98-f9f4aa83292a,Nathan Minahan,Lee's Summit MO PD,349,"07/11/2026, 03:00:00 PM UTC
07/12/2026, 03:00:00 PM UTC",REDACTED ,Child Abuse/Neglect,REDACTED ,,"07/12/2026, 02:38:02 PM UTC",lookup,,
1eb93a8d-2daf-4b33-b5f9-43a60b5dfc98,Nathan Minahan,Lee's Summit MO PD,349,"07/11/2026, 03:00:00 PM UTC
07/12/2026, 03:00:00 PM UTC",REDACTED ,Child Abuse/Neglect,REDACTED ,,"07/12/2026, 02:36:25 PM UTC",lookup,,
e549a710-bdde-4af9-a0f0-c02062221f9a,Nathan Minahan,Lee's Summit MO PD,349,"07/11/2026, 03:00:00 PM UTC
07/12/2026, 03:00:00 PM UTC",REDACTED ,Child Abuse/Neglect,REDACTED ,,"07/12/2026, 02:35:49 PM UTC",lookup,,
eb30906a-d820-48bd-ba8f-74ad74d03c1b,Hailey Sipes,Lee's Summit MO PD,1037,"07/11/2026, 03:00:15 PM UTC
07/12/2026, 03:00:15 PM UTC",REDACTED ,Missing/Endangered Person/Runaway,REDACTED ,,"07/12/2026, 02:32:16 PM UTC",lookup,,
94c16742-7ed9-40af-894c-a728ff799da0,Hailey Sipes,Lee's Summit MO PD,1037,"07/12/2026, 06:00:48 AM UTC
07/12/2026, 08:00:48 AM UTC",REDACTED ,Missing/Endangered Person/Runaway,REDACTED ,,"07/12/2026, 02:32:12 PM UTC",lookup,,
8cc4b528-4f72-4e76-9d6b-0ddd3625e30f,Hailey Sipes,Lee's Summit MO PD,1037,"07/12/2026, 06:00:48 AM UTC
07/12/2026, 08:00:48 AM UTC",REDACTED ,Missing/Endangered Person/Runaway,REDACTED ,,"07/12/2026, 02:32:10 PM UTC",lookup,,
fd98fc16-d25c-4dc7-b0c8-9ea0788f1272,Hailey Sipes,Lee's Summit MO PD,2,"07/12/2026, 06:00:48 AM UTC
07/12/2026, 08:00:48 AM UTC",REDACTED ,Missing/Endangered Person/Runaway,REDACTED ,,"07/12/2026, 02:32:08 PM UTC",lookup,,
65ad0019-e25d-481b-83fb-bca019815c78,Owen Colyne,Lee's Summit MO PD,1036,"07/05/2026, 01:30:16 PM UTC
07/12/2026, 01:30:16 PM UTC",REDACTED ,Wanted Person (Arrest Warrant/Fugitive),REDACTED ,,"07/12/2026, 01:01:18 PM UTC",lookup,,
c02d6cce-f6f2-4026-b8e2-3bb6b3c8a52c,Owen Colyne,Lee's Summit MO PD,1036,"07/12/2026, 11:00:21 AM UTC
07/12/2026, 01:00:21 PM UTC",REDACTED ,Wanted Person (Arrest Warrant/Fugitive),REDACTED ,,"07/12/2026, 01:01:12 PM UTC",lookup,,
2cf1ebdf-9125-46c6-a9cb-7c57f08cee42,Scott McMilian,Lee's Summit MO PD,1036,"06/12/2026, 09:30:48 AM UTC
07/12/2026, 09:30:48 AM UTC",REDACTED ,Obstructing the Police (Fleeing/Eluding),REDACTED ,,"07/12/2026, 09:16:49 AM UTC",lookup,,
5a0333be-7298-4b10-b233-031172f865ee,Scott McMilian,Lee's Summit MO PD,1036,"07/05/2026, 09:30:22 AM UTC
07/12/2026, 09:30:22 AM UTC",REDACTED ,Obstructing the Police (Fleeing/Eluding),REDACTED ,,"07/12/2026, 09:16:24 AM UTC",lookup,,
bcbc28f9-82e7-40d6-8ede-e1e86123931e,Martin Blahut,Lee's Summit MO PD,2,"07/11/2026, 09:30:29 AM UTC
07/12/2026, 09:30:29 AM UTC",REDACTED ,Drugs/Narcotics,REDACTED ,,"07/12/2026, 09:08:30 AM UTC",lookup,,
3011fdfb-83b5-4f32-99f4-115c6f6c6b10,Martin Blahut,Lee's Summit MO PD,2,"07/11/2026, 06:30:51 AM UTC
07/12/2026, 06:30:51 AM UTC",REDACTED ,Drugs/Narcotics,REDACTED ,,"07/12/2026, 06:20:20 AM UTC",lookup,,
66d9f9b7-fbef-4f83-97f8-d1fb27854043,Martin Blahut,Lee's Summit MO PD,2,"07/11/2026, 06:30:51 AM UTC
07/12/2026, 06:30:51 AM UTC",REDACTED ,Drugs/Narcotics,REDACTED ,,"07/12/2026, 06:19:53 AM UTC",lookup,,
dfb0d94b-1000-4d9c-884a-482998fa315a,Ryan Small,Lee's Summit MO PD,1037,"06/12/2026, 04:30:02 AM UTC
07/12/2026, 04:30:02 AM UTC",REDACTED ,Motor Vehicle Theft/Stolen,REDACTED ,georgia,"07/12/2026, 04:26:05 AM UTC",lookup,,
445b949a-5e15-4aca-b0a8-c9dd2fbbdb4a,Ryan Small,Lee's Summit MO PD,1037,"07/10/2026, 04:30:56 AM UTC
07/12/2026, 04:30:56 AM UTC",REDACTED ,Motor Vehicle Theft/Stolen,REDACTED ,georgia,"07/12/2026, 04:25:58 AM UTC",lookup,,
0b3faca7-2a70-4ca9-b8f3-ecd5cd3e5ac8,Ryan Small,Lee's Summit MO PD,1037,"07/11/2026, 04:30:41 AM UTC
07/12/2026, 04:30:41 AM UTC",REDACTED ,Motor Vehicle Theft/Stolen,REDACTED ,georgia,"07/12/2026, 04:25:43 AM UTC",lookup,,
6b519df2-8e0d-43dc-93ed-2ad0f7b60ee6,Martin Blahut,Lee's Summit MO PD,2,"06/12/2026, 04:30:30 AM UTC
07/12/2026, 04:30:30 AM UTC",REDACTED ,Obstructing the Police (Fleeing/Eluding),REDACTED ,,"07/12/2026, 04:22:31 AM UTC",lookup,,
273dff9d-fe71-43e1-80f1-9dc58fd6bb3b,Martin Blahut,Lee's Summit MO PD,2,"07/11/2026, 04:30:53 AM UTC
07/12/2026, 04:30:53 AM UTC",REDACTED ,Drugs/Narcotics,REDACTED ,,"07/12/2026, 04:15:55 AM UTC",lookup,,
d477d8f5-134e-4a18-bd7f-5c4511523a05,Martin Blahut,Lee's Summit MO PD,2,"07/11/2026, 04:00:08 AM UTC
07/12/2026, 04:00:08 AM UTC",REDACTED ,Drugs/Narcotics,REDACTED ,,"07/12/2026, 03:31:10 AM UTC",lookup,,
951ef2ab-08d4-4892-8df0-b38c827fc45e,Noe Martinez,Lee's Summit MO PD,6214,"06/12/2026, 02:30:17 AM UTC
07/12/2026, 02:30:17 AM UTC",REDACTED ,Motor Vehicle Theft/Stolen,REDACTED ,,"07/12/2026, 02:20:20 AM UTC",lookup,,
45935d2b-8264-4f0a-9b80-2c9cb2f68c9a,Noe Martinez,Lee's Summit MO PD,6214,"06/12/2026, 02:30:09 AM UTC
07/12/2026, 02:30:09 AM UTC",REDACTED ,Motor Vehicle Theft/Stolen,REDACTED ,,"07/12/2026, 02:20:02 AM UTC",lookup,,
cda97f6a-c597-4868-af81-2b36a3236508,Noe Martinez,Lee's Summit MO PD,6214,"06/12/2026, 02:30:09 AM UTC
07/12/2026, 02:30:09 AM UTC",REDACTED ,Motor Vehicle Theft/Stolen,REDACTED ,,"07/12/2026, 02:19:11 AM UTC",lookup,,
72b3409a-085e-4de0-81bd-fa0b6d0067b3,Noe Martinez,Lee's Summit MO PD,2,"06/28/2026, 02:30:51 AM UTC
07/12/2026, 02:30:51 AM UTC",REDACTED ,Motor Vehicle Theft/Stolen,REDACTED ,,"07/12/2026, 02:18:56 AM UTC",lookup,,
29ff75fa-0072-418e-b6ae-aa59f63f2abc,Eric King,Lee's Summit MO PD,1036,"07/11/2026, 02:30:59 AM UTC
07/12/2026, 02:30:59 AM UTC",REDACTED ,Wanted Person (Arrest Warrant/Fugitive),REDACTED ,,"07/12/2026, 02:17:01 AM UTC",lookup,,
8b9aee26-b23c-4e0c-9cb5-fb7afbbed1f5,Dane Wagler,Lee's Summit MO PD,2,"07/12/2026, 12:00:00 AM UTC
07/12/2026, 01:00:00 AM UTC",REDACTED ,Larceny/Theft Offenses,REDACTED ,,"07/12/2026, 01:58:44 AM UTC",freeform,objectClass:vehicle black kia car temp tag,allow
5e2d9933-babc-4d83-8db6-e61f38c3d467,Dane Wagler,Lee's Summit MO PD,2,"07/11/2026, 12:00:00 AM UTC
07/12/2026, 01:00:00 AM UTC",REDACTED ,Larceny/Theft Offenses,REDACTED ,,"07/12/2026, 01:58:22 AM UTC",freeform,objectClass:vehicle black kia car temp tag,allow
1dc10007-1b14-44ba-b38a-89034255e91b,Dane Wagler,Lee's Summit MO PD,2,"07/11/2026, 02:00:09 AM UTC
07/12/2026, 02:00:09 AM UTC",REDACTED ,Larceny/Theft Offenses,REDACTED ,,"07/12/2026, 01:57:35 AM UTC",freeform,objectClass:vehicle black kia car temp tag,allow
6b05527f-8d88-4511-a742-57338c17b295,Dane Wagler,Lee's Summit MO PD,2,"07/12/2026, 12:00:39 AM UTC
07/12/2026, 02:00:39 AM UTC",REDACTED ,Larceny/Theft Offenses,REDACTED ,"Kia, black","07/12/2026, 01:57:02 AM UTC",search,,
004f36fe-f64e-4312-8d31-234f1bffb102,Dane Wagler,Lee's Summit MO PD,2,"07/12/2026, 12:00:39 AM UTC
07/12/2026, 02:00:39 AM UTC",REDACTED ,Larceny/Theft Offenses,REDACTED ,"Coupe, Kia","07/12/2026, 01:56:41 AM UTC",search,,
baeb2959-1c7f-40ae-8cc4-94f704d4462b,Martin Blahut,Lee's Summit MO PD,2,"06/12/2026, 01:30:23 AM UTC
07/12/2026, 01:30:23 AM UTC",REDACTED ,Traffic Infraction,REDACTED ,texas,"07/12/2026, 01:27:26 AM UTC",search,,
fa4f0863-cbd2-45d4-b9fe-06389e92d3bb,Martin Blahut,Lee's Summit MO PD,2,"07/11/2026, 01:30:13 AM UTC
07/12/2026, 01:30:13 AM UTC",REDACTED ,Traffic Infraction,REDACTED ,texas,"07/12/2026, 01:27:15 AM UTC",search,,
5643e5bf-5550-4083-89e9-f234ac69f52b,Martin Blahut,Lee's Summit MO PD,2,"07/11/2026, 11:30:50 PM UTC
07/12/2026, 01:30:50 AM UTC",REDACTED ,Traffic Infraction,REDACTED ,texas,"07/12/2026, 01:27:09 AM UTC",search,,
8234b84b-7708-44ba-b65b-9d15e7bb2532,Martin Blahut,Lee's Summit MO PD,2,"07/11/2026, 11:30:50 PM UTC
07/12/2026, 01:30:50 AM UTC",REDACTED ,Traffic Infraction,REDACTED ,texas,"07/12/2026, 01:26:56 AM UTC",search,,
a123f709-13ff-4e53-94b3-96d590db2d60,Clayton Majors,Lee's Summit MO PD,2,"07/11/2026, 11:35:00 PM UTC
07/11/2026, 11:55:00 PM UTC",REDACTED ,Assault/Battery Offenses - Road Rage Investigation,REDACTED ,,"07/12/2026, 01:22:08 AM UTC",freeform,objectClass:vehicle motorcycle,allow
f531f5ae-da82-4950-a124-898d3cc55ecc,Clayton Majors,Lee's Summit MO PD,2,"07/11/2026, 11:35:00 PM UTC
07/11/2026, 11:55:00 PM UTC",REDACTED ,Assault/Battery Offenses - Road Rage Investigation,REDACTED ,,"07/12/2026, 01:22:05 AM UTC",freeform,objectClass:vehicle motorcycle,allow
379112be-21f4-4c31-9496-6b5bd8a4601c,Clayton Majors,Lee's Summit MO PD,2,"07/11/2026, 11:35:00 PM UTC
07/11/2026, 11:55:00 PM UTC",REDACTED ,Assault/Battery Offenses - Road Rage Investigation,REDACTED ,,"07/12/2026, 01:21:56 AM UTC",freeform,objectClass:vehicle motorcycle,allow
1ac4957c-f065-41a2-8264-541eb5a7f889,Clayton Majors,Lee's Summit MO PD,1,"07/11/2026, 11:35:00 PM UTC
07/11/2026, 11:55:00 PM UTC",REDACTED ,Assault/Battery Offenses - Road Rage Investigation,REDACTED ,Motorcycle,"07/12/2026, 01:19:32 AM UTC",search,,
5326b65f-21b1-4655-bd5c-bb073a21d446,Clayton Majors,Lee's Summit MO PD,1,"07/11/2026, 11:35:00 PM UTC
07/11/2026, 11:55:00 PM UTC",REDACTED ,Assault/Battery Offenses - Road Rage Investigation,REDACTED ,Motorcycle,"07/12/2026, 01:19:25 AM UTC",search,,
83be4532-a47b-4963-abe5-55feb74b2bb4,Scott McMilian,Lee's Summit MO PD,1036,"06/27/2026, 06:00:38 AM UTC
07/11/2026, 06:00:38 AM UTC",REDACTED ,Destruction/Damage/Vandalism of Property,REDACTED ,,"07/12/2026, 01:18:04 AM UTC",lookup,,
393d81d2-c084-49ae-bd00-9a9fd9abc681,Scott McMilian,Lee's Summit MO PD,1036,"07/10/2026, 08:30:59 AM UTC
07/11/2026, 08:30:59 AM UTC",REDACTED ,Destruction/Damage/Vandalism of Property,REDACTED ,,"07/12/2026, 01:18:04 AM UTC",lookup,,
5d872521-c471-4502-84fa-907a3c65afb3,Scott McMilian,Lee's Summit MO PD,2,"07/11/2026, 01:30:32 AM UTC
07/11/2026, 03:30:32 AM UTC",REDACTED ,Obstructing the Police (Fleeing/Eluding),REDACTED ,Motorcycle,"07/12/2026, 01:18:04 AM UTC",search,,
7b3ba7c9-3343-4f2e-a082-b25b31e7eea8,Clayton Majors,Lee's Summit MO PD,1,"07/11/2026, 11:35:00 PM UTC
07/11/2026, 11:55:00 PM UTC",REDACTED ,Assault/Battery Offenses - Road Rage Investigation,REDACTED ,,"07/12/2026, 01:16:11 AM UTC",search,,
631aebd8-3270-4e4e-85e2-806e07065ffd,Clayton Majors,Lee's Summit MO PD,1,"07/11/2026, 11:35:00 PM UTC
07/11/2026, 11:55:00 PM UTC",REDACTED ,Assault/Battery Offenses - Road Rage Investigation,REDACTED ,,"07/12/2026, 01:15:54 AM UTC",search,,
6157ab54-0fd1-4788-b72c-cecc9892464f,Martin Blahut,Lee's Summit MO PD,1036,"07/11/2026, 01:30:47 AM UTC
07/12/2026, 01:30:47 AM UTC",REDACTED ,Drugs/Narcotics,REDACTED ,,"07/12/2026, 01:06:52 AM UTC",lookup,,
f3098060-9a43-4193-bcfa-51b9e6cfdbef,Elizabeth Hoon,Lee's Summit MO PD,1037,"07/11/2026, 10:00:54 PM UTC
07/12/2026, 12:00:54 AM UTC",REDACTED ,Larceny/Theft Offenses,REDACTED ,,"07/11/2026, 11:46:11 PM UTC",lookup,,
328f2fc7-6592-4081-88d4-19f80c4ddeda,Caylie Colombo,Lee's Summit MO PD,2,"07/11/2026, 10:00:51 PM UTC
07/12/2026, 12:00:51 AM UTC",REDACTED ,Larceny/Theft Offenses,REDACTED ,Volkswagen,"07/11/2026, 11:44:56 PM UTC",search,,
645f8fa3-6659-459d-872a-1cb15447e2ca,Caylie Colombo,Lee's Summit MO PD,1036,"07/11/2026, 10:00:51 PM UTC
07/12/2026, 12:00:51 AM UTC",REDACTED ,Larceny/Theft Offenses,REDACTED ,Volkswagen,"07/11/2026, 11:44:50 PM UTC",search,,
bc351da1-9d5c-48c6-83ef-8f7fa0257b63,Caylie Colombo,Lee's Summit MO PD,1036,"07/11/2026, 10:00:51 PM UTC
07/12/2026, 12:00:51 AM UTC",REDACTED ,Larceny/Theft Offenses,REDACTED ,"Volkswagen, REDACTED ","07/11/2026, 11:44:47 PM UTC",search,,
ac1ec40c-49e8-4cda-b959-9645627b9301,Caylie Colombo,Lee's Summit MO PD,1036,"07/11/2026, 10:00:51 PM UTC
07/12/2026, 12:00:51 AM UTC",REDACTED ,Larceny/Theft Offenses,REDACTED ,REDACTED ,"07/11/2026, 11:44:25 PM UTC",search,,
e82e66c3-7d5f-4ac8-943b-2bb39190be2a,Caylie Colombo,Lee's Summit MO PD,1036,"07/11/2026, 10:00:51 PM UTC
07/12/2026, 12:00:51 AM UTC",REDACTED ,Destruction/Damage/Vandalism of Property,REDACTED ,REDACTED ,"07/11/2026, 11:44:10 PM UTC",search,,
80bcd8a0-36cb-483d-8ebb-5b5a553eefac,Elizabeth Hoon,Lee's Summit MO PD,1037,"07/11/2026, 10:00:54 PM UTC
07/12/2026, 12:00:54 AM UTC",REDACTED ,Larceny/Theft Offenses,REDACTED ,,"07/11/2026, 11:43:17 PM UTC",lookup,,
bbbad681-e837-4c28-b4fb-2f9396f4aa9f,Caylie Colombo,Lee's Summit MO PD,1036,"07/11/2026, 10:00:51 PM UTC
07/12/2026, 12:00:51 AM UTC",REDACTED ,Destruction/Damage/Vandalism of Property,REDACTED ,REDACTED ,"07/11/2026, 11:43:00 PM UTC",search,,
e4155b05-c68c-494e-b546-f3f60f7d446b,Caylie Colombo,Lee's Summit MO PD,1036,"07/11/2026, 10:00:51 PM UTC
07/12/2026, 12:00:51 AM UTC",REDACTED ,Destruction/Damage/Vandalism of Property,REDACTED ,"Volkswagen, REDACTED ","07/11/2026, 11:42:52 PM UTC",search,,
2fc1ab09-8986-42d1-b1af-380049e57c86,Caylie Colombo,Lee's Summit MO PD,1036,"07/11/2026, 10:00:51 PM UTC
07/12/2026, 12:00:51 AM UTC",REDACTED ,Destruction/Damage/Vandalism of Property,REDACTED ,Volkswagen,"07/11/2026, 11:42:46 PM UTC",lookup,,
5a01e899-da69-488d-b265-8a4f8e08ab96,Caylie Colombo,Lee's Summit MO PD,1036,"07/11/2026, 10:00:51 PM UTC
07/12/2026, 12:00:51 AM UTC",REDACTED ,Destruction/Damage/Vandalism of Property,REDACTED ,Volkswagen,"07/11/2026, 11:42:33 PM UTC",lookup,,
d3ae98ef-ce12-4d27-b90a-ba2647a83cc8,Caylie Colombo,Lee's Summit MO PD,1036,"07/11/2026, 10:00:51 PM UTC
07/12/2026, 12:00:51 AM UTC",REDACTED ,Destruction/Damage/Vandalism of Property,REDACTED ,Volkswagen,"07/11/2026, 11:42:29 PM UTC",lookup,,
8d5a2612-cb3a-4281-acde-4f5e6020e1e0,Caylie Colombo,Lee's Summit MO PD,2,"07/11/2026, 10:00:51 PM UTC
07/12/2026, 12:00:51 AM UTC",REDACTED ,Destruction/Damage/Vandalism of Property,REDACTED ,Volkswagen,"07/11/2026, 11:42:24 PM UTC",lookup,,
9659f9e1-ba83-4fb2-bf40-85579c07afa1,Caylie Colombo,Lee's Summit MO PD,2,"07/11/2026, 10:00:51 PM UTC
07/12/2026, 12:00:51 AM UTC",REDACTED ,Destruction/Damage/Vandalism of Property,REDACTED ,"Volkswagen, blue","07/11/2026, 11:41:33 PM UTC",search,,
76a7bc33-f071-4b92-bb4e-dcaff157b0ae,Elizabeth Hoon,Lee's Summit MO PD,1037,"07/11/2026, 10:00:04 PM UTC
07/12/2026, 12:00:04 AM UTC",REDACTED ,Larceny/Theft Offenses,REDACTED ,"Volkswagen, blue","07/11/2026, 11:41:26 PM UTC",search,,
87edca98-8272-4d41-a87e-8b2571d7436c,Caylie Colombo,Lee's Summit MO PD,1036,"07/11/2026, 10:00:51 PM UTC
07/12/2026, 12:00:51 AM UTC",REDACTED ,Destruction/Damage/Vandalism of Property,REDACTED ,"Volkswagen, blue","07/11/2026, 11:41:22 PM UTC",search,,
c2726503-0f7e-46d7-9066-3ed9006c467a,Caylie Colombo,Lee's Summit MO PD,1036,"07/11/2026, 10:00:51 PM UTC
07/12/2026, 12:00:51 AM UTC",REDACTED ,Destruction/Damage/Vandalism of Property,REDACTED ,,"07/11/2026, 11:40:54 PM UTC",lookup,,
df78a49d-c5c2-41eb-9442-063070dc3f65,Caylie Colombo,Lee's Summit MO PD,1036,"07/11/2026, 10:00:51 PM UTC
07/12/2026, 12:00:51 AM UTC",REDACTED ,Destruction/Damage/Vandalism of Property,REDACTED ,,"07/11/2026, 11:40:45 PM UTC",lookup,,
257a7712-ce9a-48a9-a741-9a8f82c306ed,Caylie Colombo,Lee's Summit MO PD,1036,"07/11/2026, 10:00:51 PM UTC
07/12/2026, 12:00:51 AM UTC",REDACTED ,Destruction/Damage/Vandalism of Property,REDACTED ,,"07/11/2026, 11:40:27 PM UTC",lookup,,
6d1c9116-a55f-4471-9fa4-947b28664866,Caylie Colombo,Lee's Summit MO PD,1036,"07/11/2026, 10:00:51 PM UTC
07/12/2026, 12:00:51 AM UTC",REDACTED ,Destruction/Damage/Vandalism of Property,REDACTED ,,"07/11/2026, 11:40:12 PM UTC",lookup,,
ac68c623-a792-4d5b-b5fb-181c8b15e9be,Elizabeth Hoon,Lee's Summit MO PD,1037,"07/11/2026, 10:00:04 PM UTC
07/12/2026, 12:00:04 AM UTC",REDACTED ,Larceny/Theft Offenses,REDACTED ,,"07/11/2026, 11:40:02 PM UTC",lookup,,
461c62d3-38c3-4eb8-ab58-1dcd4d3557eb,Elizabeth Hoon,Lee's Summit MO PD,1037,"07/11/2026, 10:00:04 PM UTC
07/12/2026, 12:00:04 AM UTC",REDACTED ,Larceny/Theft Offenses,REDACTED ,,"07/11/2026, 11:39:33 PM UTC",lookup,,
c4c5351d-c875-4c9d-a627-b2cee176fa7c,Eric King,Lee's Summit MO PD,1036,"07/10/2026, 11:00:48 PM UTC
07/11/2026, 11:00:48 PM UTC",REDACTED ,Wanted Person (Arrest Warrant/Fugitive),REDACTED ,,"07/11/2026, 10:45:16 PM UTC",lookup,,
d1c65a55-bd96-40b5-b62c-b7e585a31952,Eric King,Lee's Summit MO PD,1036,"07/10/2026, 11:00:48 PM UTC
07/11/2026, 11:00:48 PM UTC",REDACTED ,Wanted Person (Arrest Warrant/Fugitive),REDACTED ,,"07/11/2026, 10:42:32 PM UTC",lookup,,
bd2e2ac1-8219-42c0-b55d-ea72f156c88e,Eric King,Lee's Summit MO PD,1036,"07/10/2026, 11:00:48 PM UTC
07/11/2026, 11:00:48 PM UTC",REDACTED ,Wanted Person (Arrest Warrant/Fugitive),REDACTED ,,"07/11/2026, 10:39:30 PM UTC",lookup,,
f1b11aa2-2afe-4f1a-b748-26fa018f1a49,Eric King,Lee's Summit MO PD,1036,"07/10/2026, 11:00:48 PM UTC
07/11/2026, 11:00:48 PM UTC",REDACTED ,Wanted Person (Arrest Warrant/Fugitive),REDACTED ,,"07/11/2026, 10:35:51 PM UTC",lookup,,
4005553f-84f1-42fa-b197-7e3f7675e671,Eric King,Lee's Summit MO PD,1036,"07/10/2026, 10:30:39 PM UTC
07/11/2026, 10:30:39 PM UTC",REDACTED ,Wanted Person (Arrest Warrant/Fugitive),REDACTED ,,"07/11/2026, 10:29:41 PM UTC",lookup,,
d1c2466b-3a46-42ad-9180-3e3e8b9bef32,Eric King,Lee's Summit MO PD,1036,"07/04/2026, 10:30:35 PM UTC
07/11/2026, 10:30:35 PM UTC",REDACTED ,Wanted Person (Arrest Warrant/Fugitive),REDACTED ,,"07/11/2026, 10:21:08 PM UTC",lookup,,
b87baec2-c070-4f10-b091-ae6d40eb970d,Eric King,Lee's Summit MO PD,1036,"07/04/2026, 10:30:35 PM UTC
07/11/2026, 10:30:35 PM UTC",REDACTED ,Wanted Person (Arrest Warrant/Fugitive),REDACTED ,,"07/11/2026, 10:20:37 PM UTC",lookup,,
8c4f248c-cf9b-41c0-8bc9-6b0abb905ee2,Eric King,Lee's Summit MO PD,1036,"07/04/2026, 10:30:35 PM UTC
07/11/2026, 10:30:35 PM UTC",REDACTED ,Wanted Person (Arrest Warrant/Fugitive),REDACTED ,,"07/11/2026, 10:19:52 PM UTC",lookup,,
228a6e69-693e-4009-8a2c-a1bc2d33c565,Eric King,Lee's Summit MO PD,1036,"07/04/2026, 10:30:35 PM UTC
07/11/2026, 10:30:35 PM UTC",REDACTED ,Wanted Person (Arrest Warrant/Fugitive),REDACTED ,,"07/11/2026, 10:19:37 PM UTC",lookup,,
e51cd888-1c80-42c2-a746-418a43abddba,Eric King,Lee's Summit MO PD,1036,"07/11/2026, 08:30:12 PM UTC
07/11/2026, 10:30:12 PM UTC",REDACTED ,Wanted Person (Arrest Warrant/Fugitive),REDACTED ,,"07/11/2026, 10:19:26 PM UTC",lookup,,
9de9be3d-0388-4a93-9cb2-18c032ab5533,Jason Rosarius,Lee's Summit MO PD,4,"07/10/2026, 10:30:00 AM UTC
07/10/2026, 10:55:00 AM UTC",REDACTED ,Motor Vehicle Theft/Stolen - Stolen vehicle towed by unknown truck,REDACTED ,,"07/11/2026, 06:40:09 PM UTC",freeform,objectClass:vehicle tow truck no plate,allow
c6f59056-a229-42ab-903a-ad37254b8097,Jason Rosarius,Lee's Summit MO PD,1,"07/10/2026, 10:30:00 AM UTC
07/10/2026, 10:55:00 AM UTC",REDACTED ,Motor Vehicle Theft/Stolen - Stolen vehicle towed by unknown truck,REDACTED ,,"07/11/2026, 06:38:56 PM UTC",freeform,objectClass:vehicle tow truck no plate,allow
9cf40d44-6db0-44f0-8a4b-0e3b644ccd29,Jason Rosarius,Lee's Summit MO PD,1,"07/10/2026, 10:30:00 AM UTC
07/10/2026, 10:55:00 AM UTC",REDACTED ,Motor Vehicle Theft/Stolen - Stolen vehicle towed by unknown truck,REDACTED ,,"07/11/2026, 06:38:38 PM UTC",freeform,objectClass:vehicle tow truck,allow
c4666549-bd39-4fad-9e72-42dfee121c54,Jordan McWhorter,Lee's Summit MO PD,2,"07/01/2026, 04:30:00 PM UTC
07/11/2026, 06:30:00 PM UTC",REDACTED ,Motor Vehicle Theft/Stolen,REDACTED ,,"07/11/2026, 06:19:38 PM UTC",lookup,,
c93f8aff-cb16-47af-97ff-054e8e541553,Jordan McWhorter,Lee's Summit MO PD,2,"07/11/2026, 04:30:17 PM UTC
07/11/2026, 06:30:17 PM UTC",REDACTED ,Motor Vehicle Theft/Stolen,REDACTED ,,"07/11/2026, 06:19:27 PM UTC",lookup,,
8ab8fa9c-0ff5-4d25-812b-d9a536855127,Owen Colyne,Lee's Summit MO PD,1050,"06/11/2026, 06:00:26 PM UTC
07/11/2026, 06:00:26 PM UTC",REDACTED ,Wanted Person (Arrest Warrant/Fugitive),REDACTED ,missouri,"07/11/2026, 05:53:28 PM UTC",lookup,,
c24283c4-62c0-4534-bc2e-0c485bc4b6d2,Owen Colyne,Lee's Summit MO PD,1050,"07/11/2026, 04:00:47 PM UTC
07/11/2026, 06:00:47 PM UTC",REDACTED ,Wanted Person (Arrest Warrant/Fugitive),REDACTED ,missouri,"07/11/2026, 05:53:22 PM UTC",lookup,,
ba5afd29-802b-4ef5-8c76-f40705869a81,Owen Colyne,Lee's Summit MO PD,1050,"06/11/2026, 06:00:24 PM UTC
07/11/2026, 06:00:24 PM UTC",REDACTED ,Wanted Person (Arrest Warrant/Fugitive),REDACTED ,missouri,"07/11/2026, 05:50:27 PM UTC",lookup,,
22135ed0-7bcb-4b3d-bec4-ca399b31097d,Owen Colyne,Lee's Summit MO PD,1050,"07/11/2026, 04:00:33 PM UTC
07/11/2026, 06:00:33 PM UTC",REDACTED ,Wanted Person (Arrest Warrant/Fugitive),REDACTED ,missouri,"07/11/2026, 05:50:07 PM UTC",lookup,,
9f112b36-a9c7-4b7e-ac8c-8358269500e5,Jacob Aguayo,Lee's Summit MO PD,1050,"06/11/2026, 01:00:09 PM UTC
07/11/2026, 01:00:09 PM UTC",REDACTED ,Stolen Property Offenses,REDACTED ,,"07/11/2026, 12:59:10 PM UTC",lookup,,
7c4c7892-3d20-4e6b-b2cc-acf3179ba3fb,Jacob Aguayo,Lee's Summit MO PD,1050,"07/04/2026, 01:00:55 PM UTC
07/11/2026, 01:00:55 PM UTC",REDACTED ,Stolen Property Offenses,REDACTED ,,"07/11/2026, 12:58:57 PM UTC",lookup,,
b5e25d47-1f64-4c9a-a2b9-c05614e66678,Jacob Aguayo,Lee's Summit MO PD,2,"07/10/2026, 07:00:00 PM UTC
07/10/2026, 08:30:00 PM UTC",REDACTED ,Stolen Property Offenses,REDACTED ,"Sedan, Buick, silver_grey, blue","07/11/2026, 12:53:05 PM UTC",search,,
418372aa-5997-4695-8100-6d3762c8b39d,Jacob Aguayo,Lee's Summit MO PD,2,"06/12/2026, 11:30:00 PM UTC
06/13/2026, 09:00:00 AM UTC",REDACTED ,Stolen Property Offenses,REDACTED ,,"07/11/2026, 12:47:12 PM UTC",freeform,objectClass:vehicle white buckets in bed of truck,allow
fbca31bf-0cef-4f20-a62f-161bc8938c7c,Jason Rosarius,Lee's Summit MO PD,2,"07/10/2026, 10:00:00 AM UTC
07/10/2026, 10:45:00 AM UTC",REDACTED ,Motor Vehicle Theft/Stolen - Stolen vehicle towed by unknown truck,REDACTED ,,"07/11/2026, 12:28:29 PM UTC",freeform,objectClass:vehicle tow truck,allow
ac31f51f-4449-4428-88e2-b6bac0d2c25c,Jason Rosarius,Lee's Summit MO PD,2,"07/10/2026, 10:00:00 AM UTC
07/10/2026, 10:45:00 AM UTC",REDACTED ,Motor Vehicle Theft/Stolen - Stolen vehicle towed by unknown truck,REDACTED ,,"07/11/2026, 12:26:59 PM UTC",freeform,objectClass:vehicle tow truck,allow
b1988ee2-a258-4de9-9c87-a5d89b75b00b,Jason Rosarius,Lee's Summit MO PD,1050,"07/10/2026, 10:10:00 AM UTC
07/10/2026, 10:45:00 AM UTC",REDACTED ,Motor Vehicle Theft/Stolen - Stolen vehicle towed by unknown truck,REDACTED ,,"07/11/2026, 12:25:33 PM UTC",search,,
11630277-fbc5-434b-a45a-fb4895fda725,Jason Rosarius,Lee's Summit MO PD,1050,"07/10/2026, 10:10:00 AM UTC
07/10/2026, 10:45:00 AM UTC",REDACTED ,Motor Vehicle Theft/Stolen - Stolen vehicle towed by unknown truck,REDACTED ,,"07/11/2026, 12:25:22 PM UTC",lookup,,
fcfcb4a0-23ff-43b0-b8bc-eb0fadf6da00,Clayton Majors,Lee's Summit MO PD,1050,"07/09/2026, 07:30:00 AM UTC
07/11/2026, 10:30:00 AM UTC",REDACTED ,Motor Vehicle Theft/Stolen - looking for last direction of travel,REDACTED ,missouri,"07/11/2026, 10:20:17 AM UTC",lookup,,
5d35bc26-69a1-4d05-a0d6-f2349dabdb3e,Clayton Majors,Lee's Summit MO PD,1050,"07/10/2026, 07:30:00 AM UTC
07/11/2026, 10:30:00 AM UTC",REDACTED ,Motor Vehicle Theft/Stolen - looking for last direction of travel,REDACTED ,missouri,"07/11/2026, 10:19:28 AM UTC",lookup,,
98a55a7d-ea0d-4776-9d50-34d56777d8c7,Clayton Majors,Lee's Summit MO PD,1050,"07/10/2026, 10:30:31 AM UTC
07/11/2026, 10:30:31 AM UTC",REDACTED ,Traffic Infraction - looking for last direction of travel,REDACTED ,missouri,"07/11/2026, 10:15:33 AM UTC",lookup,,
a9dc6fbb-3f82-4c5b-8532-c816a08c0c42,Clayton Majors,Lee's Summit MO PD,1050,"07/10/2026, 08:30:02 AM UTC
07/11/2026, 08:30:02 AM UTC",REDACTED ,Drugs/Narcotics - Drug investigation,REDACTED ,missouri,"07/11/2026, 10:04:27 AM UTC",lookup,,
e3dc5757-84b4-4b01-99f5-4518c34b3b28,Clayton Majors,Lee's Summit MO PD,1050,"07/10/2026, 08:30:02 AM UTC
07/11/2026, 08:30:02 AM UTC",REDACTED ,Drugs/Narcotics - Drug investigation,REDACTED ,missouri,"07/11/2026, 08:54:03 AM UTC",lookup,,
afe5c787-213f-4909-89fd-148ce5f352ce,Martin Blahut,Lee's Summit MO PD,1050,"07/10/2026, 09:00:32 AM UTC
07/11/2026, 09:00:32 AM UTC",REDACTED ,Drugs/Narcotics,REDACTED ,,"07/11/2026, 08:45:34 AM UTC",lookup,,
a29ac96b-dde7-4924-bbc8-b734e3d6a258,Martin Blahut,Lee's Summit MO PD,1050,"07/10/2026, 07:30:44 AM UTC
07/11/2026, 07:30:44 AM UTC",REDACTED ,Drugs/Narcotics,REDACTED ,,"07/11/2026, 08:45:24 AM UTC",lookup,,
cf37bddc-9caf-4b6f-82fe-d6f586d532d1,Scott McMilian,Lee's Summit MO PD,1050,"07/04/2026, 08:30:43 AM UTC
07/11/2026, 08:30:43 AM UTC",REDACTED ,Drugs/Narcotics,REDACTED ,,"07/11/2026, 08:10:45 AM UTC",lookup,,
90fefce5-cf91-4fff-8caa-11687a5f59f9,Scott McMilian,Lee's Summit MO PD,1050,"07/10/2026, 08:30:59 AM UTC
07/11/2026, 08:30:59 AM UTC",REDACTED ,Destruction/Damage/Vandalism of Property,REDACTED ,,"07/11/2026, 08:10:02 AM UTC",lookup,,
1a36c962-5312-4b41-9368-c9fa9c289acc,Clayton Majors,Lee's Summit MO PD,1050,"07/10/2026, 08:30:02 AM UTC
07/11/2026, 08:30:02 AM UTC",REDACTED ,Drugs/Narcotics - Drug investigation,REDACTED ,missouri,"07/11/2026, 08:02:23 AM UTC",lookup,,
04ed0be4-0d57-4d39-a5a4-1b970ebad907,Clayton Majors,Lee's Summit MO PD,1050,"07/10/2026, 08:30:02 AM UTC
07/11/2026, 08:30:02 AM UTC",REDACTED ,Drugs/Narcotics - Drug investigation,REDACTED ,missouri,"07/11/2026, 08:02:03 AM UTC",lookup,,
3dec6bcf-ce04-41c9-81c4-c5651e1f1d8e,Clayton Majors,Lee's Summit MO PD,1050,"07/10/2026, 08:30:44 AM UTC
07/11/2026, 08:30:44 AM UTC",REDACTED ,Traffic Infraction - atl vehicle that was avoiding,REDACTED ,missouri,"07/11/2026, 08:01:17 AM UTC",lookup,,
eb2d7d95-d278-47f2-a114-d8d67eea865d,Clayton Majors,Lee's Summit MO PD,1050,"07/10/2026, 08:30:44 AM UTC
07/11/2026, 08:30:44 AM UTC",REDACTED ,Traffic Infraction - atl vehicle that was avoiding,REDACTED ,missouri,"07/11/2026, 08:00:46 AM UTC",lookup,,
b3a39d82-f07e-43e1-8259-8e535bea8c4e,Clayton Majors,Lee's Summit MO PD,1050,"07/10/2026, 07:30:11 AM UTC
07/11/2026, 07:30:11 AM UTC",REDACTED ,Drugs/Narcotics - Drug investigation,REDACTED ,missouri,"07/11/2026, 07:59:42 AM UTC",lookup,,
a3dd8975-ed8c-440b-bdb5-16448c3b274c,Clayton Majors,Lee's Summit MO PD,1050,"07/10/2026, 07:30:11 AM UTC
07/11/2026, 07:30:11 AM UTC",REDACTED ,Drugs/Narcotics - Drug investigation,REDACTED ,missouri,"07/11/2026, 07:50:22 AM UTC",lookup,,
c43144e9-132a-42bf-9e77-b746b73e4407,Clayton Majors,Lee's Summit MO PD,1050,"07/10/2026, 07:30:11 AM UTC
07/11/2026, 07:30:11 AM UTC",REDACTED ,Drugs/Narcotics - Drug investigation,REDACTED ,missouri,"07/11/2026, 07:49:25 AM UTC",lookup,,
3598877e-09cc-471d-ba22-7a2d40e544cf,Clayton Majors,Lee's Summit MO PD,1050,"07/10/2026, 07:30:11 AM UTC
07/11/2026, 07:30:11 AM UTC",REDACTED ,Drugs/Narcotics - Drug investigation,REDACTED ,missouri,"07/11/2026, 07:49:03 AM UTC",lookup,,
beb9260e-f834-49ef-956a-ca35b9728ac0,Martin Blahut,Lee's Summit MO PD,1050,"07/10/2026, 07:30:44 AM UTC
07/11/2026, 07:30:44 AM UTC",REDACTED ,Drugs/Narcotics,REDACTED ,,"07/11/2026, 07:44:36 AM UTC",lookup,,
c7ad2e51-cf48-4742-9734-c979f3c5f09a,Clayton Majors,Lee's Summit MO PD,1050,"07/10/2026, 07:30:11 AM UTC
07/11/2026, 07:30:11 AM UTC",REDACTED ,Drugs/Narcotics - Drug investigation,REDACTED ,missouri,"07/11/2026, 07:43:58 AM UTC",lookup,,
ba64334c-1117-4a12-a838-5bfcd7487f7d,Clayton Majors,Lee's Summit MO PD,1050,"07/10/2026, 07:30:11 AM UTC
07/11/2026, 07:30:11 AM UTC",REDACTED ,Drugs/Narcotics - Drug investigation,REDACTED ,missouri,"07/11/2026, 07:43:27 AM UTC",lookup,,
f644ab92-0cc6-438d-bbe6-5e909d287ab5,Clayton Majors,Lee's Summit MO PD,1050,"07/10/2026, 07:30:11 AM UTC
07/11/2026, 07:30:11 AM UTC",REDACTED ,Drugs/Narcotics - Drug investigation,REDACTED ,missouri,"07/11/2026, 07:43:06 AM UTC",lookup,,
0ae9371d-ac8b-4f4a-bd20-0582ab379157,Clayton Majors,Lee's Summit MO PD,1050,"07/10/2026, 07:30:11 AM UTC
07/11/2026, 07:30:11 AM UTC",REDACTED ,Drugs/Narcotics - Drug investigation,REDACTED ,missouri,"07/11/2026, 07:42:59 AM UTC",lookup,,
26bf9080-b2c6-49f1-b593-ee8fea3072ab,Clayton Majors,Lee's Summit MO PD,1050,"07/10/2026, 07:30:11 AM UTC
07/11/2026, 07:30:11 AM UTC",REDACTED ,Drugs/Narcotics - Drug investigation,REDACTED ,missouri,"07/11/2026, 07:42:50 AM UTC",lookup,,
a9e1134c-822a-4f39-a76c-773b58d61176,Clayton Majors,Lee's Summit MO PD,1050,"07/10/2026, 07:30:11 AM UTC
07/11/2026, 07:30:11 AM UTC",REDACTED ,Drugs/Narcotics - Drug investigation,REDACTED ,missouri,"07/11/2026, 07:41:47 AM UTC",lookup,,
832e64ac-1d7f-410f-99aa-9fffd8e20302,Clayton Majors,Lee's Summit MO PD,1050,"07/10/2026, 07:30:11 AM UTC
07/11/2026, 07:30:11 AM UTC",REDACTED ,Drugs/Narcotics - Drug investigation,REDACTED ,missouri,"07/11/2026, 07:38:22 AM UTC",lookup,,
63b6e938-681b-49a2-bc73-903b5192add5,Clayton Majors,Lee's Summit MO PD,1050,"07/10/2026, 07:30:11 AM UTC
07/11/2026, 07:30:11 AM UTC",REDACTED ,Drugs/Narcotics - Drug investigation,REDACTED ,missouri,"07/11/2026, 07:37:52 AM UTC",lookup,,
a3dc1d83-1929-4ab7-8527-5afa1907edb9,Clayton Majors,Lee's Summit MO PD,1050,"07/10/2026, 07:30:11 AM UTC
07/11/2026, 07:30:11 AM UTC",REDACTED ,Drugs/Narcotics - Drug investigation,REDACTED ,missouri,"07/11/2026, 07:37:38 AM UTC",lookup,,
7db30a7b-ff94-4e3e-8fd3-4fcf8229dd1c,Clayton Majors,Lee's Summit MO PD,1050,"07/10/2026, 07:30:11 AM UTC
07/11/2026, 07:30:11 AM UTC",REDACTED ,Drugs/Narcotics - Drug investigation,REDACTED ,missouri,"07/11/2026, 07:37:19 AM UTC",lookup,,
385abf23-383e-4ca0-a1aa-db2a210d6aa6,Clayton Majors,Lee's Summit MO PD,1050,"07/10/2026, 07:30:11 AM UTC
07/11/2026, 07:30:11 AM UTC",REDACTED ,Drugs/Narcotics - Drug investigation,REDACTED ,missouri,"07/11/2026, 07:37:11 AM UTC",lookup,,
0438c147-9f11-434b-9f79-202b9c78523b,Clayton Majors,Lee's Summit MO PD,1050,"07/10/2026, 07:30:11 AM UTC
07/11/2026, 07:30:11 AM UTC",REDACTED ,Drugs/Narcotics - Drug investigation,REDACTED ,missouri,"07/11/2026, 07:36:36 AM UTC",lookup,,
2a69857b-32c6-40b9-83df-6890ed962292,Clayton Majors,Lee's Summit MO PD,1050,"07/10/2026, 07:30:11 AM UTC
07/11/2026, 07:30:11 AM UTC",REDACTED ,Drugs/Narcotics - Drug investigation,REDACTED ,missouri,"07/11/2026, 07:36:25 AM UTC",lookup,,
9a88c36e-4171-40f3-ad54-48bb2ca5a3e7,Clayton Majors,Lee's Summit MO PD,1050,"07/10/2026, 07:30:11 AM UTC
07/11/2026, 07:30:11 AM UTC",REDACTED ,Drugs/Narcotics - Drug investigation,REDACTED ,missouri,"07/11/2026, 07:35:58 AM UTC",lookup,,
f8185ebf-a309-4122-842a-c0dae33a66d4,Clayton Majors,Lee's Summit MO PD,1050,"07/10/2026, 07:30:11 AM UTC
07/11/2026, 07:30:11 AM UTC",REDACTED ,Drugs/Narcotics - Drug investigation,REDACTED ,missouri,"07/11/2026, 07:35:45 AM UTC",lookup,,
ab20493d-075e-4b4b-b98d-def526b191dd,Clayton Majors,Lee's Summit MO PD,1050,"07/10/2026, 07:30:11 AM UTC
07/11/2026, 07:30:11 AM UTC",REDACTED ,Drugs/Narcotics - Drug investigation,REDACTED ,missouri,"07/11/2026, 07:34:23 AM UTC",lookup,,
ec68b6ba-cb0f-47df-9380-bc6cc688fde1,Clayton Majors,Lee's Summit MO PD,1050,"07/10/2026, 07:30:11 AM UTC
07/11/2026, 07:30:11 AM UTC",REDACTED ,Drugs/Narcotics - Drug investigation,REDACTED ,missouri,"07/11/2026, 07:31:02 AM UTC",lookup,,
87803b13-e731-4bb0-bf3b-e937d3283413,Clayton Majors,Lee's Summit MO PD,1050,"07/10/2026, 07:30:11 AM UTC
07/11/2026, 07:30:11 AM UTC",REDACTED ,Drugs/Narcotics - Drug investigation,REDACTED ,missouri,"07/11/2026, 07:29:39 AM UTC",lookup,,
33bf4920-0edb-4138-8e33-d6809c12e5ad,Clayton Majors,Lee's Summit MO PD,1050,"07/10/2026, 07:30:11 AM UTC
07/11/2026, 07:30:11 AM UTC",REDACTED ,Drugs/Narcotics - Drug investigation,REDACTED ,missouri,"07/11/2026, 07:29:09 AM UTC",lookup,,
485930e0-662f-4e11-876f-f9262e95f770,Clayton Majors,Lee's Summit MO PD,1050,"07/10/2026, 07:30:11 AM UTC
07/11/2026, 07:30:11 AM UTC",REDACTED ,Drugs/Narcotics - Drug investigation,REDACTED ,missouri,"07/11/2026, 07:28:58 AM UTC",lookup,,
b5f28799-62f4-4724-918f-6166a7703867,Clayton Majors,Lee's Summit MO PD,1050,"07/10/2026, 07:30:11 AM UTC
07/11/2026, 07:30:11 AM UTC",REDACTED ,Drugs/Narcotics - Drug investigation,REDACTED ,missouri,"07/11/2026, 07:27:35 AM UTC",lookup,,
2fe9b89d-4cda-4fac-835e-a95ee283ad62,Clayton Majors,Lee's Summit MO PD,1050,"07/10/2026, 07:30:11 AM UTC
07/11/2026, 07:30:11 AM UTC",REDACTED ,Drugs/Narcotics - Drug investigation,REDACTED ,missouri,"07/11/2026, 07:27:18 AM UTC",lookup,,
d0cf0a51-6480-449a-ac89-d7ab8aef891e,Clayton Majors,Lee's Summit MO PD,1050,"07/10/2026, 07:30:11 AM UTC
07/11/2026, 07:30:11 AM UTC",REDACTED ,Drugs/Narcotics - Drug investigation,REDACTED ,missouri,"07/11/2026, 07:27:10 AM UTC",lookup,,
26f76910-1915-4ae3-840c-9b94b498ea10,Clayton Majors,Lee's Summit MO PD,1050,"07/10/2026, 07:30:11 AM UTC
07/11/2026, 07:30:11 AM UTC",REDACTED ,Drugs/Narcotics - Drug investigation,REDACTED ,missouri,"07/11/2026, 07:27:00 AM UTC",lookup,,
9950763b-85f4-49a9-b244-2c8ad48812bd,Clayton Majors,Lee's Summit MO PD,1050,"07/10/2026, 07:30:11 AM UTC
07/11/2026, 07:30:11 AM UTC",REDACTED ,Drugs/Narcotics - Drug investigation,REDACTED ,missouri,"07/11/2026, 07:26:49 AM UTC",lookup,,
0d5ce46e-ea44-42f1-9bbd-da3efa05cb0e,Clayton Majors,Lee's Summit MO PD,1050,"07/10/2026, 07:30:11 AM UTC
07/11/2026, 07:30:11 AM UTC",REDACTED ,Drugs/Narcotics - Drug investigation,REDACTED ,missouri,"07/11/2026, 07:25:28 AM UTC",lookup,,
2f0ac89c-701e-4acd-89d3-c4ef397db384,Clayton Majors,Lee's Summit MO PD,1050,"07/10/2026, 07:30:11 AM UTC
07/11/2026, 07:30:11 AM UTC",REDACTED ,Drugs/Narcotics - Drug investigation,REDACTED ,missouri,"07/11/2026, 07:25:22 AM UTC",lookup,,
7ad2b844-eb25-476f-b7a9-5834dc3f5806,Martin Blahut,Lee's Summit MO PD,1050,"07/10/2026, 07:30:44 AM UTC
07/11/2026, 07:30:44 AM UTC",REDACTED ,Drugs/Narcotics,REDACTED ,,"07/11/2026, 07:23:51 AM UTC",lookup,,
1af5f27d-0367-4533-beb0-15a49bb577dc,Martin Blahut,Lee's Summit MO PD,1050,"07/10/2026, 07:30:44 AM UTC
07/11/2026, 07:30:44 AM UTC",REDACTED ,Drugs/Narcotics,REDACTED ,,"07/11/2026, 07:23:12 AM UTC",lookup,,
6a8f6eab-2124-489d-95df-da4e2f5d4d99,Clayton Majors,Lee's Summit MO PD,1050,"07/10/2026, 07:30:11 AM UTC
07/11/2026, 07:30:11 AM UTC",REDACTED ,Drugs/Narcotics - Drug investigation,REDACTED ,missouri,"07/11/2026, 07:21:30 AM UTC",lookup,,
ba128ca4-a989-4281-9f16-5d9574b2f72d,Clayton Majors,Lee's Summit MO PD,1050,"07/10/2026, 07:30:11 AM UTC
07/11/2026, 07:30:11 AM UTC",REDACTED ,Drugs/Narcotics - Drug investigation,REDACTED ,missouri,"07/11/2026, 07:20:40 AM UTC",lookup,,
89b7c2c4-2382-42da-9a9d-13afb78cb9a8,Clayton Majors,Lee's Summit MO PD,1050,"07/10/2026, 07:30:11 AM UTC
07/11/2026, 07:30:11 AM UTC",REDACTED ,Drugs/Narcotics - Drug investigation,REDACTED ,missouri,"07/11/2026, 07:20:35 AM UTC",lookup,,
14c2b026-7627-4c06-be99-71d3b6cc3dde,Clayton Majors,Lee's Summit MO PD,1050,"07/10/2026, 07:30:11 AM UTC
07/11/2026, 07:30:11 AM UTC",REDACTED ,Drugs/Narcotics - Drug investigation,REDACTED ,missouri,"07/11/2026, 07:20:29 AM UTC",lookup,,
1514a4a0-9286-4683-9b32-0c2930268e41,Clayton Majors,Lee's Summit MO PD,1050,"07/10/2026, 07:30:11 AM UTC
07/11/2026, 07:30:11 AM UTC",REDACTED ,Drugs/Narcotics - Drug investigation,REDACTED ,missouri,"07/11/2026, 07:20:22 AM UTC",lookup,,
c8f272e9-c4a5-4ba9-95df-d9290ee08bac,Clayton Majors,Lee's Summit MO PD,1050,"07/10/2026, 07:30:11 AM UTC
07/11/2026, 07:30:11 AM UTC",REDACTED ,Drugs/Narcotics - Drug investigation,REDACTED ,missouri,"07/11/2026, 07:20:02 AM UTC",lookup,,
1d7b0eb7-a4a2-4deb-924f-595539f5d8c5,Clayton Majors,Lee's Summit MO PD,1050,"07/10/2026, 07:30:11 AM UTC
07/11/2026, 07:30:11 AM UTC",REDACTED ,Drugs/Narcotics - Drug investigation,REDACTED ,missouri,"07/11/2026, 07:19:43 AM UTC",lookup,,
b350e96a-2a4b-4271-b07f-50966de17842,Clayton Majors,Lee's Summit MO PD,1050,"07/10/2026, 07:30:11 AM UTC
07/11/2026, 07:30:11 AM UTC",REDACTED ,Drugs/Narcotics - Drug investigation,REDACTED ,missouri,"07/11/2026, 07:19:32 AM UTC",lookup,,
7f80d8e5-1984-4d09-8c3e-71f29a7dd77b,Clayton Majors,Lee's Summit MO PD,1050,"07/10/2026, 07:30:11 AM UTC
07/11/2026, 07:30:11 AM UTC",REDACTED ,Drugs/Narcotics - Drug investigation,REDACTED ,missouri,"07/11/2026, 07:19:15 AM UTC",lookup,,
e5e8171f-cfe5-4c7c-b050-6b09c3160f91,Martin Blahut,Lee's Summit MO PD,1050,"07/10/2026, 07:30:44 AM UTC
07/11/2026, 07:30:44 AM UTC",REDACTED ,Drugs/Narcotics,REDACTED ,,"07/11/2026, 07:19:12 AM UTC",lookup,,
4b9151e0-bbc5-42ac-99c0-fb0d2d6e24a4,Clayton Majors,Lee's Summit MO PD,1050,"07/10/2026, 07:30:11 AM UTC
07/11/2026, 07:30:11 AM UTC",REDACTED ,Drugs/Narcotics - Drug investigation,REDACTED ,missouri,"07/11/2026, 07:19:09 AM UTC",lookup,,
89b0706f-0533-4eea-987e-2c56f44e0242,Clayton Majors,Lee's Summit MO PD,1050,"07/10/2026, 07:30:11 AM UTC
07/11/2026, 07:30:11 AM UTC",REDACTED ,Drugs/Narcotics - Drug investigation,REDACTED ,missouri,"07/11/2026, 07:19:00 AM UTC",lookup,,
6947501a-db2f-4e3f-925e-3acaa4acc392,Clayton Majors,Lee's Summit MO PD,1050,"07/10/2026, 07:30:11 AM UTC
07/11/2026, 07:30:11 AM UTC",REDACTED ,Drugs/Narcotics - Drug investigation,REDACTED ,missouri,"07/11/2026, 07:18:53 AM UTC",lookup,,
85d0b75c-83f0-42ff-87ec-68a49a76210f,Clayton Majors,Lee's Summit MO PD,1050,"07/10/2026, 07:30:11 AM UTC
07/11/2026, 07:30:11 AM UTC",REDACTED ,Drugs/Narcotics - Drug investigation,REDACTED ,missouri,"07/11/2026, 07:18:37 AM UTC",lookup,,
47277306-6add-442f-a01b-4b403143a98e,Clayton Majors,Lee's Summit MO PD,1050,"07/10/2026, 07:30:11 AM UTC
07/11/2026, 07:30:11 AM UTC",REDACTED ,Drugs/Narcotics - Drug investigation,REDACTED ,missouri,"07/11/2026, 07:18:30 AM UTC",lookup,,
29a843d5-21cd-432a-aace-754d5bbf89ab,Clayton Majors,Lee's Summit MO PD,1050,"07/10/2026, 07:30:11 AM UTC
07/11/2026, 07:30:11 AM UTC",REDACTED ,Drugs/Narcotics - Drug investigation,REDACTED ,missouri,"07/11/2026, 07:18:25 AM UTC",lookup,,
9c1ea18a-c023-4a2d-92c0-4751fbeaef04,Clayton Majors,Lee's Summit MO PD,1050,"07/10/2026, 07:30:11 AM UTC
07/11/2026, 07:30:11 AM UTC",REDACTED ,Drugs/Narcotics - Drug investigation,REDACTED ,missouri,"07/11/2026, 07:18:19 AM UTC",lookup,,
44e49e9b-06b7-4071-960d-c3391867639a,Clayton Majors,Lee's Summit MO PD,1050,"07/10/2026, 07:30:11 AM UTC
07/11/2026, 07:30:11 AM UTC",REDACTED ,Drugs/Narcotics - Drug investigation,REDACTED ,missouri,"07/11/2026, 07:18:08 AM UTC",lookup,,
f6c148c4-1891-41fb-83de-77775a51143a,Clayton Majors,Lee's Summit MO PD,1050,"07/10/2026, 07:30:11 AM UTC
07/11/2026, 07:30:11 AM UTC",REDACTED ,Drugs/Narcotics - Drug investigation,REDACTED ,missouri,"07/11/2026, 07:17:58 AM UTC",lookup,,
042c4ccd-f411-496d-bba8-92bdf8e871f2,Clayton Majors,Lee's Summit MO PD,1050,"07/10/2026, 07:30:11 AM UTC
07/11/2026, 07:30:11 AM UTC",REDACTED ,Drugs/Narcotics - Drug investigation,REDACTED ,missouri,"07/11/2026, 07:17:50 AM UTC",lookup,,
e09b3f4e-e552-48ce-bcb0-b08d8311cbf8,Clayton Majors,Lee's Summit MO PD,1050,"07/10/2026, 07:30:11 AM UTC
07/11/2026, 07:30:11 AM UTC",REDACTED ,Drugs/Narcotics - Drug investigation,REDACTED ,missouri,"07/11/2026, 07:17:43 AM UTC",lookup,,
ea8f57dc-fd28-498a-96b6-577bcc80054d,Clayton Majors,Lee's Summit MO PD,1050,"07/10/2026, 07:30:11 AM UTC
07/11/2026, 07:30:11 AM UTC",REDACTED ,Drugs/Narcotics - Drug investigation,REDACTED ,missouri,"07/11/2026, 07:17:38 AM UTC",lookup,,
9a661864-a639-4fbe-8d15-855e488f06e6,Clayton Majors,Lee's Summit MO PD,1050,"07/10/2026, 07:30:11 AM UTC
07/11/2026, 07:30:11 AM UTC",REDACTED ,Drugs/Narcotics - Drug investigation,REDACTED ,missouri,"07/11/2026, 07:17:33 AM UTC",lookup,,
f003a1f5-9c1c-4b69-afde-29b62d9df107,Clayton Majors,Lee's Summit MO PD,1050,"07/10/2026, 07:30:11 AM UTC
07/11/2026, 07:30:11 AM UTC",REDACTED ,Drugs/Narcotics - Drug investigation,REDACTED ,missouri,"07/11/2026, 07:17:26 AM UTC",lookup,,
7bf68ac1-5001-4688-bb41-f11f8011d8fb,Clayton Majors,Lee's Summit MO PD,1050,"07/10/2026, 07:30:11 AM UTC
07/11/2026, 07:30:11 AM UTC",REDACTED ,Drugs/Narcotics - Drug investigation,REDACTED ,missouri,"07/11/2026, 07:17:20 AM UTC",lookup,,
bbf3fc7a-4132-42cd-84b3-7cdb435748a4,Clayton Majors,Lee's Summit MO PD,1050,"07/10/2026, 07:30:11 AM UTC
07/11/2026, 07:30:11 AM UTC",REDACTED ,Drugs/Narcotics - Drug investigation,REDACTED ,missouri,"07/11/2026, 07:17:04 AM UTC",lookup,,
7b9fab4e-656e-4635-adf0-6c2dccd1a37e,Martin Blahut,Lee's Summit MO PD,1050,"07/10/2026, 07:30:44 AM UTC
07/11/2026, 07:30:44 AM UTC",REDACTED ,Drugs/Narcotics,REDACTED ,,"07/11/2026, 07:16:27 AM UTC",lookup,,
6a6d8af1-0a42-4516-a291-776d55c39ca1,Clayton Majors,Lee's Summit MO PD,1050,"07/10/2026, 07:30:11 AM UTC
07/11/2026, 07:30:11 AM UTC",REDACTED ,Drugs/Narcotics - Drug investigation,REDACTED ,missouri,"07/11/2026, 07:16:19 AM UTC",lookup,,
92bd7978-f588-40cf-9ba3-9d4f807d06f1,Martin Blahut,Lee's Summit MO PD,1050,"07/10/2026, 07:30:44 AM UTC
07/11/2026, 07:30:44 AM UTC",REDACTED ,Drugs/Narcotics,REDACTED ,,"07/11/2026, 07:15:58 AM UTC",lookup,,
d3eab4ed-c170-455e-aa0f-97f671bbbaa1,Clayton Majors,Lee's Summit MO PD,1050,"07/10/2026, 07:30:11 AM UTC
07/11/2026, 07:30:11 AM UTC",REDACTED ,Drugs/Narcotics - Drug investigation,REDACTED ,missouri,"07/11/2026, 07:15:13 AM UTC",lookup,,
c74653fc-fbb1-4b76-ae06-c081bf23dde6,Scott McMilian,Lee's Summit MO PD,1050,"07/04/2026, 07:30:08 AM UTC
07/11/2026, 07:30:08 AM UTC",REDACTED ,Destruction/Damage/Vandalism of Property,REDACTED ,,"07/11/2026, 07:15:10 AM UTC",lookup,,
85e4afc3-8b92-4365-acb7-f970fb8f2217,Martin Blahut,Lee's Summit MO PD,1050,"07/10/2026, 07:30:44 AM UTC
07/11/2026, 07:30:44 AM UTC",REDACTED ,Drugs/Narcotics,REDACTED ,,"07/11/2026, 07:14:46 AM UTC",lookup,,
a6b9e788-c677-49b6-b5fb-5a92a2176199,Martin Blahut,Lee's Summit MO PD,1050,"07/10/2026, 07:30:27 AM UTC
07/11/2026, 07:30:27 AM UTC",REDACTED ,Drugs/Narcotics,REDACTED ,,"07/11/2026, 07:14:36 AM UTC",lookup,,
a40b4254-dbb2-486b-b8e9-96748dc01b44,Martin Blahut,Lee's Summit MO PD,1050,"07/10/2026, 07:30:27 AM UTC
07/11/2026, 07:30:27 AM UTC",REDACTED ,Drugs/Narcotics,REDACTED ,,"07/11/2026, 07:12:43 AM UTC",lookup,,
b378c825-c152-41cf-be6f-764c2d219db9,Martin Blahut,Lee's Summit MO PD,1050,"07/10/2026, 07:30:27 AM UTC
07/11/2026, 07:30:27 AM UTC",REDACTED ,Drugs/Narcotics,REDACTED ,,"07/11/2026, 07:11:36 AM UTC",lookup,,
e77ae93d-3065-4d97-b7fa-b0d4c9cd81c5,Martin Blahut,Lee's Summit MO PD,1050,"07/10/2026, 07:30:27 AM UTC
07/11/2026, 07:30:27 AM UTC",REDACTED ,Drugs/Narcotics,REDACTED ,,"07/11/2026, 07:11:03 AM UTC",lookup,,
2673e2d8-47d5-45ca-b9bf-3ba9f72cb862,Martin Blahut,Lee's Summit MO PD,1050,"07/10/2026, 07:30:27 AM UTC
07/11/2026, 07:30:27 AM UTC",REDACTED ,Drugs/Narcotics,REDACTED ,,"07/11/2026, 07:10:23 AM UTC",lookup,,
e0330363-cc10-4a85-b9e7-73aa3829a8f5,Martin Blahut,Lee's Summit MO PD,1050,"07/10/2026, 07:30:27 AM UTC
07/11/2026, 07:30:27 AM UTC",REDACTED ,Drugs/Narcotics,REDACTED ,,"07/11/2026, 07:09:54 AM UTC",lookup,,
cccd8898-d213-4498-bb95-31f64b5ad977,Martin Blahut,Lee's Summit MO PD,1050,"07/10/2026, 07:30:27 AM UTC
07/11/2026, 07:30:27 AM UTC",REDACTED ,Drugs/Narcotics,REDACTED ,,"07/11/2026, 07:09:30 AM UTC",lookup,,
be84cf85-1c57-4e30-94e8-7be0cfa27d9e,Addison Smith,Lee's Summit MO PD,1051,"07/11/2026, 05:30:07 AM UTC
07/11/2026, 07:30:07 AM UTC",REDACTED ,Threats/Harassment,REDACTED ,,"07/11/2026, 07:07:51 AM UTC",lookup,,
f5bfcb8b-6a45-409b-8cd2-02d7fa3d85f9,Addison Smith,Lee's Summit MO PD,1051,"07/11/2026, 05:30:07 AM UTC
07/11/2026, 07:30:07 AM UTC",REDACTED ,Threats/Harassment,REDACTED ,,"07/11/2026, 07:07:34 AM UTC",lookup,,
d268d5f7-7bb6-40ea-86b8-5418ee461767,Addison Smith,Lee's Summit MO PD,1051,"07/11/2026, 05:30:07 AM UTC
07/11/2026, 07:30:07 AM UTC",REDACTED ,Threats/Harassment,REDACTED ,,"07/11/2026, 07:07:17 AM UTC",lookup,,
682b5ea4-3b21-4561-bd84-9d6208626e20,Martin Blahut,Lee's Summit MO PD,1050,"07/10/2026, 07:30:06 AM UTC
07/11/2026, 07:30:06 AM UTC",REDACTED ,Drugs/Narcotics,REDACTED ,,"07/11/2026, 07:07:07 AM UTC",lookup,,
4eca64b7-82d6-429b-8287-9bbd725c3fea,Martin Blahut,Lee's Summit MO PD,1050,"07/10/2026, 07:30:39 AM UTC
07/11/2026, 07:30:39 AM UTC",REDACTED ,Drugs/Narcotics,REDACTED ,,"07/11/2026, 07:04:40 AM UTC",lookup,,
3a974575-8ea8-4e85-be72-4852b98ee663,Clayton Majors,Lee's Summit MO PD,1050,"07/10/2026, 07:30:33 AM UTC
07/11/2026, 07:30:33 AM UTC",REDACTED ,Drugs/Narcotics - Drug investigation,REDACTED ,missouri,"07/11/2026, 07:03:26 AM UTC",lookup,,
2ed72995-5671-4a7d-aca0-ee9cb662f475,Clayton Majors,Lee's Summit MO PD,1050,"07/10/2026, 07:30:33 AM UTC
07/11/2026, 07:30:33 AM UTC",REDACTED ,Drugs/Narcotics - Drug investigation,REDACTED ,missouri,"07/11/2026, 07:02:35 AM UTC",lookup,,
5b873f05-22ba-4db8-b114-35c808223427,Clayton Majors,Lee's Summit MO PD,1050,"07/10/2026, 07:00:45 AM UTC
07/11/2026, 07:00:45 AM UTC",REDACTED ,Drugs/Narcotics - Drug investigation,REDACTED ,missouri,"07/11/2026, 07:02:09 AM UTC",lookup,,
c8349b11-4271-4cb0-b14a-3ad2fec27263,Clayton Majors,Lee's Summit MO PD,1050,"07/10/2026, 07:00:45 AM UTC
07/11/2026, 07:00:45 AM UTC",REDACTED ,Drugs/Narcotics - Drug investigation,REDACTED ,missouri,"07/11/2026, 07:02:00 AM UTC",lookup,,
855bba58-585a-4532-afbd-271f3fd1e10c,Clayton Majors,Lee's Summit MO PD,1050,"07/10/2026, 07:00:45 AM UTC
07/11/2026, 07:00:45 AM UTC",REDACTED ,Drugs/Narcotics - Drug investigation,REDACTED ,missouri,"07/11/2026, 07:00:48 AM UTC",lookup,,
6b234f26-f958-41b3-a44a-7b08829a6ca6,Martin Blahut,Lee's Summit MO PD,1050,"07/10/2026, 07:00:33 AM UTC
07/11/2026, 07:00:33 AM UTC",REDACTED ,Drugs/Narcotics,REDACTED ,,"07/11/2026, 06:59:35 AM UTC",lookup,,
fe2f480f-975d-4e71-aa63-118dd2a5bbd9,Clayton Majors,Lee's Summit MO PD,1050,"07/10/2026, 07:00:45 AM UTC
07/11/2026, 07:00:45 AM UTC",REDACTED ,Drugs/Narcotics - Drug investigation,REDACTED ,missouri,"07/11/2026, 06:59:17 AM UTC",lookup,,
9df2f327-08c7-48e6-b792-75cf4c315684,Clayton Majors,Lee's Summit MO PD,1050,"07/10/2026, 07:00:45 AM UTC
07/11/2026, 07:00:45 AM UTC",REDACTED ,Drugs/Narcotics - Drug investigation,REDACTED ,missouri,"07/11/2026, 06:56:48 AM UTC",lookup,,
3f76b687-624f-4304-ab34-9409dbee5cde,Noe Martinez,Lee's Summit MO PD,2,"07/10/2026, 09:10:00 PM UTC
07/10/2026, 09:20:00 PM UTC",REDACTED ,Financial Crime (Embezzlement/Fraud),REDACTED ,Toyota,"07/11/2026, 06:23:03 AM UTC",search,,
4d424d6e-4242-43a0-8b6f-c63253d8dac1,Noe Martinez,Lee's Summit MO PD,2,"07/10/2026, 09:10:00 PM UTC
07/10/2026, 09:20:00 PM UTC",REDACTED ,Financial Crime (Embezzlement/Fraud),REDACTED ,Toyota,"07/11/2026, 06:22:53 AM UTC",search,,
a97bebd7-444a-426f-84fd-77e9a87c09ac,Martin Blahut,Lee's Summit MO PD,1050,"07/10/2026, 06:30:06 AM UTC
07/11/2026, 06:30:06 AM UTC",REDACTED ,Drugs/Narcotics,REDACTED ,,"07/11/2026, 06:17:08 AM UTC",lookup,,
782e8466-a1d0-46b0-a916-28298a23e4c8,Scott McMilian,Lee's Summit MO PD,1050,"06/27/2026, 06:00:38 AM UTC
07/11/2026, 06:00:38 AM UTC",REDACTED ,Destruction/Damage/Vandalism of Property,REDACTED ,,"07/11/2026, 05:59:40 AM UTC",lookup,,
193b4527-a01d-44db-862e-5699b66e2224,Scott McMilian,Lee's Summit MO PD,1050,"07/10/2026, 06:00:10 AM UTC
07/11/2026, 06:00:10 AM UTC",REDACTED ,Destruction/Damage/Vandalism of Property,REDACTED ,,"07/11/2026, 05:59:12 AM UTC",lookup,,
ba9a168a-cc5f-4c07-9279-68cfb07f3732,Scott McMilian,Lee's Summit MO PD,1050,"06/10/2026, 08:00:08 AM UTC
07/10/2026, 08:00:08 AM UTC",REDACTED ,Trespass,REDACTED ,,"07/11/2026, 05:58:47 AM UTC",lookup,,
6fa63a80-bfd6-474a-be93-79b4774b784e,Scott McMilian,Lee's Summit MO PD,1050,"07/11/2026, 04:10:00 AM UTC
07/11/2026, 04:20:00 AM UTC",REDACTED ,Destruction/Damage/Vandalism of Property,REDACTED ,,"07/11/2026, 05:57:59 AM UTC",search,,
0d705f71-ed6c-4122-a011-42f85c4b1645,Scott McMilian,Lee's Summit MO PD,1050,"07/12/2026, 04:10:00 AM UTC
07/12/2026, 04:20:00 AM UTC",REDACTED ,Destruction/Damage/Vandalism of Property,REDACTED ,,"07/11/2026, 05:57:38 AM UTC",search,,
b9282780-4567-47dd-923f-794a7cd77df3,Scott McMilian,Lee's Summit MO PD,1050,"07/12/2026, 04:10:00 AM UTC
07/12/2026, 04:20:00 AM UTC",REDACTED ,Destruction/Damage/Vandalism of Property,REDACTED ,,"07/11/2026, 05:57:15 AM UTC",search,,
bca8f318-9199-45d7-a456-d77263ab6cfa,Martin Blahut,Lee's Summit MO PD,1050,"07/10/2026, 06:00:09 AM UTC
07/11/2026, 06:00:09 AM UTC",REDACTED ,Drugs/Narcotics,REDACTED ,,"07/11/2026, 05:38:11 AM UTC",lookup,,
a7e53d26-4a47-4985-9793-239ebf3d5069,Martin Blahut,Lee's Summit MO PD,1050,"07/10/2026, 06:00:42 AM UTC
07/11/2026, 06:00:42 AM UTC",REDACTED ,Drugs/Narcotics,REDACTED ,,"07/11/2026, 05:30:45 AM UTC",lookup,,
a2e57581-483d-4602-9d00-a39a1d28040a,Martin Blahut,Lee's Summit MO PD,1050,"06/27/2026, 05:30:02 AM UTC
07/11/2026, 05:30:02 AM UTC",REDACTED ,Drugs/Narcotics - Reported fentanyl sales. Investigation.,REDACTED ,,"07/11/2026, 05:08:04 AM UTC",lookup,,
bfa93240-8b26-4100-b665-9808d627388c,Clayton Majors,Lee's Summit MO PD,1050,"07/10/2026, 05:30:56 AM UTC
07/11/2026, 05:30:56 AM UTC",REDACTED ,Drugs/Narcotics - Drug investigation,REDACTED ,missouri,"07/11/2026, 05:07:57 AM UTC",lookup,,
16da20c1-fb3b-487b-b047-2e8524954a37,Martin Blahut,Lee's Summit MO PD,1050,"07/10/2026, 05:30:55 AM UTC
07/11/2026, 05:30:55 AM UTC",REDACTED ,Drugs/Narcotics - Reported fentanyl sales. Investigation.,REDACTED ,,"07/11/2026, 05:07:56 AM UTC",lookup,,
d66c88a3-a68e-4ebf-badf-085da66329f1,Clayton Majors,Lee's Summit MO PD,1050,"07/10/2026, 05:00:53 AM UTC
07/11/2026, 05:00:53 AM UTC",REDACTED ,Drugs/Narcotics - Drug investigation,REDACTED ,missouri,"07/11/2026, 05:07:35 AM UTC",lookup,,
f5413e57-6ba6-48ef-922a-ba98a1d5e3d3,Martin Blahut,Lee's Summit MO PD,1050,"07/10/2026, 05:30:38 AM UTC
07/11/2026, 05:30:38 AM UTC",REDACTED ,Drugs/Narcotics,REDACTED ,,"07/11/2026, 05:00:40 AM UTC",lookup,,
0f284d6f-8fdc-454c-96e2-fb4c18194a98,Clayton Majors,Lee's Summit MO PD,1050,"07/10/2026, 05:00:53 AM UTC
07/11/2026, 05:00:53 AM UTC",REDACTED ,Drugs/Narcotics - Drug investigation,REDACTED ,missouri,"07/11/2026, 04:51:51 AM UTC",lookup,,
4daae601-dd91-425e-b6c8-b806eb04a69e,Martin Blahut,Lee's Summit MO PD,1050,"07/10/2026, 05:00:49 AM UTC
07/11/2026, 05:00:49 AM UTC",REDACTED ,Drugs/Narcotics,REDACTED ,,"07/11/2026, 04:50:51 AM UTC",lookup,,
b8778fd8-eb62-4a3f-8f68-4695ddb5b7a5,Clayton Majors,Lee's Summit MO PD,1050,"07/10/2026, 05:00:53 AM UTC
07/11/2026, 05:00:53 AM UTC",REDACTED ,Drugs/Narcotics - Drug investigation,REDACTED ,missouri,"07/11/2026, 04:43:55 AM UTC",lookup,,
05cd9630-d255-406e-949e-e4f32a03e0f2,Clayton Majors,Lee's Summit MO PD,1,"07/10/2026, 05:00:33 AM UTC
07/11/2026, 05:00:33 AM UTC",REDACTED ,Drugs/Narcotics - Drug investigation,REDACTED ,,"07/11/2026, 04:42:59 AM UTC",freeform,objectClass:vehicle Black Suv traveling with a white BMW with a black trunk,allow
477ce2a7-4cd6-4fda-82eb-ffe775fe5acd,Clayton Majors,Lee's Summit MO PD,1,"07/10/2026, 05:00:34 AM UTC
07/11/2026, 05:00:34 AM UTC",REDACTED ,Drugs/Narcotics - Drug investigation,REDACTED ,,"07/11/2026, 04:41:50 AM UTC",search,,
d7f6eb68-1f70-412b-8958-a2ee06274348,Clayton Majors,Lee's Summit MO PD,1050,"07/10/2026, 05:00:34 AM UTC
07/11/2026, 05:00:34 AM UTC",REDACTED ,Drugs/Narcotics - Drug investigation,REDACTED ,missouri,"07/11/2026, 04:40:38 AM UTC",lookup,,
a944a4cc-4be5-462d-83fe-69f43770b03f,Clayton Majors,Lee's Summit MO PD,1050,"07/10/2026, 05:00:15 AM UTC
07/11/2026, 05:00:15 AM UTC",REDACTED ,Drugs/Narcotics - Drug investigation,REDACTED ,missouri,"07/11/2026, 04:37:54 AM UTC",lookup,,
098d4bde-6496-49eb-87e3-f8b78163adc9,Clayton Majors,Lee's Summit MO PD,1050,"07/10/2026, 05:00:15 AM UTC
07/11/2026, 05:00:15 AM UTC",REDACTED ,Drugs/Narcotics - Drug investigation,REDACTED ,missouri,"07/11/2026, 04:37:17 AM UTC",lookup,,
5d0fe807-2b09-4c51-8668-19f5331c5e40,Clayton Majors,Lee's Summit MO PD,1050,"07/10/2026, 05:00:40 AM UTC
07/11/2026, 05:00:40 AM UTC",REDACTED ,Drugs/Narcotics - Drug investigation,REDACTED ,missouri,"07/11/2026, 04:36:03 AM UTC",lookup,,
3e1aa69d-63c6-4a63-b90b-b556ce743b99,Clayton Majors,Lee's Summit MO PD,1050,"07/10/2026, 05:00:40 AM UTC
07/11/2026, 05:00:40 AM UTC",REDACTED ,Drugs/Narcotics - Drug investigation,REDACTED ,missouri,"07/11/2026, 04:34:42 AM UTC",lookup,,
91d84b65-7be1-41bf-8855-4113d36e5c80,Scott McMilian,Lee's Summit MO PD,2,"07/11/2026, 01:30:32 AM UTC
07/11/2026, 03:30:32 AM UTC",REDACTED ,Obstructing the Police (Fleeing/Eluding),REDACTED ,Motorcycle,"07/11/2026, 03:04:45 AM UTC",search,,
679429cc-1f5d-4850-8999-868546d69b0f,Clayton Majors,Lee's Summit MO PD,2,"07/10/2026, 03:30:35 AM UTC
07/11/2026, 03:30:35 AM UTC",REDACTED ,Motor Vehicle Theft/Stolen - Attempting to identify the suspect vehicle,REDACTED ,,"07/11/2026, 03:04:41 AM UTC",freeform,objectClass:vehicle Black ford tow truck,allow
2ece72d4-cb59-4bbd-9a1e-f834ff84de5c,Scott McMilian,Lee's Summit MO PD,2,"07/11/2026, 01:30:32 AM UTC
07/11/2026, 03:30:32 AM UTC",REDACTED ,Obstructing the Police (Fleeing/Eluding),REDACTED ,Motorcycle,"07/11/2026, 03:04:34 AM UTC",search,,
ff793c67-8041-4b49-9d67-273b72f83354,Scott McMilian,Lee's Summit MO PD,2,"07/11/2026, 01:30:26 AM UTC
07/11/2026, 03:30:26 AM UTC",REDACTED ,Obstructing the Police (Fleeing/Eluding),REDACTED ,Motorcycle,"07/11/2026, 03:04:27 AM UTC",search,,
f3c131db-bde5-409a-b56f-94f696acaec8,Scott McMilian,Lee's Summit MO PD,2,"07/11/2026, 02:49:08 AM UTC
07/11/2026, 03:04:08 AM UTC",REDACTED ,Obstructing the Police (Fleeing/Eluding),REDACTED ,Motorcycle,"07/11/2026, 03:04:21 AM UTC",search,,
0d2b9352-f8d2-4392-8ca3-037fc6bd8249,Scott McMilian,Lee's Summit MO PD,2,"07/11/2026, 02:49:08 AM UTC
07/11/2026, 03:04:08 AM UTC",REDACTED ,Obstructing the Police (Fleeing/Eluding),REDACTED ,Motorcycle,"07/11/2026, 03:04:10 AM UTC",search,,
e3841cd5-4b70-45d3-a0b2-e65f5cee16c3,Austin Prindle,Lee's Summit MO PD,1050,"07/11/2026, 01:30:07 AM UTC
07/11/2026, 03:30:07 AM UTC",REDACTED ,Criminal Motor Vehicle Offense (incl. Road Rage/Reckless),REDACTED ,RT,"07/11/2026, 03:02:15 AM UTC",search,,
bbbdba5b-92fa-4ff2-816a-0c4fe4579d79,Austin Prindle,Lee's Summit MO PD,1050,"07/11/2026, 01:30:07 AM UTC
07/11/2026, 03:30:07 AM UTC",REDACTED ,Criminal Motor Vehicle Offense (incl. Road Rage/Reckless),REDACTED ,,"07/11/2026, 03:01:55 AM UTC",lookup,,
c224fa9f-ed72-402c-9925-9297694e2a03,Austin Prindle,Lee's Summit MO PD,1050,"07/11/2026, 01:30:07 AM UTC
07/11/2026, 03:30:07 AM UTC",REDACTED ,Criminal Motor Vehicle Offense (incl. Road Rage/Reckless),REDACTED ,REDACTED ,"07/11/2026, 03:01:48 AM UTC",search,,
81f612e2-9096-4e7c-9a32-4d178b4f9b1d,Dane Wagler,Lee's Summit MO PD,1050,"07/10/2026, 10:30:00 AM UTC
07/10/2026, 12:30:00 PM UTC",REDACTED ,Motor Vehicle Theft/Stolen,REDACTED ,,"07/11/2026, 02:16:54 AM UTC",search,,
8bc3c267-ffe8-4500-9fc3-11e0d14231d0,Dane Wagler,Lee's Summit MO PD,1026,"06/11/2026, 02:13:52 AM UTC
07/11/2026, 02:13:52 AM UTC",REDACTED ,Motor Vehicle Theft/Stolen,REDACTED ,kansas,"07/11/2026, 02:13:56 AM UTC",lookup - Mobile,,
a3c68475-9c37-47d2-8b2e-5ca0da3a14c0,Dane Wagler,Lee's Summit MO PD,1050,"07/10/2026, 09:30:00 AM UTC
07/10/2026, 10:30:00 AM UTC",REDACTED ,Motor Vehicle Theft/Stolen,REDACTED ,,"07/11/2026, 02:08:43 AM UTC",search,,
1378c940-0397-48fc-98f0-4034e55a4371,Dane Wagler,Lee's Summit MO PD,1050,"07/10/2026, 09:30:00 PM UTC
07/11/2026, 02:30:00 AM UTC",REDACTED ,Motor Vehicle Theft/Stolen,REDACTED ,,"07/11/2026, 02:08:14 AM UTC",search,,
fbddece3-c12d-447e-ab08-2db68d40985a,Dane Wagler,Lee's Summit MO PD,349,"07/10/2026, 02:30:51 AM UTC
07/11/2026, 02:30:51 AM UTC",REDACTED ,Motor Vehicle Theft/Stolen,REDACTED ,,"07/11/2026, 02:04:53 AM UTC",lookup,,
269a4cd7-a64f-4cac-8dcb-68350ef30009,Dane Wagler,Lee's Summit MO PD,2,"07/04/2026, 02:30:39 AM UTC
07/11/2026, 02:30:39 AM UTC",REDACTED ,Motor Vehicle Theft/Stolen,REDACTED ,,"07/11/2026, 02:04:40 AM UTC",lookup,,
3800322a-20b5-4a6e-8b8c-4017511f59ce,Dane Wagler,Lee's Summit MO PD,2,"07/10/2026, 02:30:25 AM UTC
07/11/2026, 02:30:25 AM UTC",REDACTED ,Motor Vehicle Theft/Stolen,REDACTED ,,"07/11/2026, 02:04:28 AM UTC",lookup,,
5809bf8b-281b-481a-ad85-dff09ef83774,Dane Wagler,Lee's Summit MO PD,2,"07/11/2026, 12:30:15 AM UTC
07/11/2026, 02:30:15 AM UTC",REDACTED ,Motor Vehicle Theft/Stolen,REDACTED ,,"07/11/2026, 02:04:23 AM UTC",lookup,,
64f8dd8b-7e27-4271-ad96-b1cfc9c14578,Scott McMilian,Lee's Summit MO PD,1050,"07/10/2026, 01:30:43 AM UTC
07/11/2026, 01:30:43 AM UTC",REDACTED ,Criminal Motor Vehicle Offense (incl. Road Rage/Reckless),REDACTED ,,"07/11/2026, 01:22:44 AM UTC",lookup,,
3a2304d4-9014-4541-a61b-b990b40085d7,Noe Martinez,Lee's Summit MO PD,6227,"06/11/2026, 12:59:34 AM UTC
07/11/2026, 12:59:34 AM UTC",REDACTED ,Financial Crime (Embezzlement/Fraud),REDACTED ,,"07/11/2026, 12:59:39 AM UTC",lookup,,
b5ceb0c2-d953-47e3-a90d-7f72c2c94244,Noe Martinez,Lee's Summit MO PD,6227,"06/11/2026, 12:42:12 AM UTC
07/11/2026, 12:42:12 AM UTC",REDACTED ,Financial Crime (Embezzlement/Fraud),REDACTED ,,"07/11/2026, 12:42:16 AM UTC",lookup,,
cfe7e726-3b07-47ee-b9e3-ba86b924682f,Noe Martinez,Lee's Summit MO PD,6227,"06/11/2026, 12:33:37 AM UTC
07/11/2026, 12:33:37 AM UTC",REDACTED ,Financial Crime (Embezzlement/Fraud),REDACTED ,,"07/11/2026, 12:33:41 AM UTC",lookup,,
92c2715d-9c88-4e04-8ade-83f3498b1c98,Noe Martinez,Lee's Summit MO PD,2,"06/11/2026, 12:33:07 AM UTC
07/11/2026, 12:33:07 AM UTC",REDACTED ,Financial Crime (Embezzlement/Fraud),REDACTED ,,"07/11/2026, 12:33:11 AM UTC",lookup,,
205aaeeb-2ae3-4f85-a5c5-2170ab5e8aed,Noe Martinez,Lee's Summit MO PD,2,"07/10/2026, 09:00:00 PM UTC
07/10/2026, 09:30:00 PM UTC",REDACTED ,Financial Crime (Embezzlement/Fraud),REDACTED ,"SUV, Toyota","07/11/2026, 12:32:46 AM UTC",search,,
b2a0e08c-d46b-4948-a6ca-c9b85964a4bc,Noe Martinez,Lee's Summit MO PD,2,"07/10/2026, 09:00:00 PM UTC
07/10/2026, 09:30:00 PM UTC",REDACTED ,Financial Crime (Embezzlement/Fraud),REDACTED ,"SUV, Toyota","07/11/2026, 12:32:37 AM UTC",search,,
5d9a426d-d2e3-4044-bb2b-a1a3485791b8,Noe Martinez,Lee's Summit MO PD,6227,"06/11/2026, 12:29:31 AM UTC
07/11/2026, 12:29:31 AM UTC",REDACTED ,Financial Crime (Embezzlement/Fraud),REDACTED ,,"07/11/2026, 12:29:35 AM UTC",lookup,,
da7284c8-3b08-4e0c-afaa-6fbd09e3296d,Noe Martinez,Lee's Summit MO PD,2,"07/10/2026, 09:00:00 PM UTC
07/10/2026, 09:30:00 PM UTC",REDACTED ,Financial Crime (Embezzlement/Fraud),REDACTED ,"SUV, Toyota, silver_grey","07/11/2026, 12:29:23 AM UTC",search,,
eee835c7-9af8-48bf-a89d-0feda52f31bd,Noe Martinez,Lee's Summit MO PD,6227,"06/11/2026, 12:19:19 AM UTC
07/11/2026, 12:19:19 AM UTC",REDACTED ,Financial Crime (Embezzlement/Fraud),REDACTED ,,"07/11/2026, 12:19:23 AM UTC",lookup,,
72124edb-5cd7-4323-90b0-2a8e9ac206d2,Noe Martinez,Lee's Summit MO PD,2,"07/10/2026, 09:05:00 PM UTC
07/10/2026, 09:20:00 PM UTC",REDACTED ,Financial Crime (Embezzlement/Fraud),REDACTED ,"SUV, silver_grey","07/11/2026, 12:18:19 AM UTC",search,,
aaad6626-799b-45e2-8211-7eecde8dca85,Scott McMilian,Lee's Summit MO PD,1050,"06/10/2026, 08:00:08 AM UTC
07/10/2026, 08:00:08 AM UTC",REDACTED ,Trespass,REDACTED ,,"07/11/2026, 12:18:05 AM UTC",lookup,,
4a6a3dc0-6c76-4708-b17c-cb734cc53218,Noe Martinez,Lee's Summit MO PD,6227,"06/11/2026, 12:17:25 AM UTC
07/11/2026, 12:17:25 AM UTC",REDACTED ,Financial Crime (Embezzlement/Fraud),REDACTED ,,"07/11/2026, 12:17:28 AM UTC",lookup,,
55a5610c-6782-451c-9834-31c5703729f2,Noe Martinez,Lee's Summit MO PD,6227,"06/11/2026, 12:16:48 AM UTC
07/11/2026, 12:16:48 AM UTC",REDACTED ,Financial Crime (Embezzlement/Fraud),REDACTED ,,"07/11/2026, 12:16:51 AM UTC",lookup,,
079ca56a-3a63-43c5-8566-afac2335cec7,Noe Martinez,Lee's Summit MO PD,6227,"06/11/2026, 12:15:07 AM UTC
07/11/2026, 12:15:07 AM UTC",REDACTED ,Financial Crime (Embezzlement/Fraud),REDACTED ,,"07/11/2026, 12:15:11 AM UTC",lookup,,
703be73b-ac0a-4df4-858e-8febb22b5412,Noe Martinez,Lee's Summit MO PD,6227,"06/11/2026, 12:14:12 AM UTC
07/11/2026, 12:14:12 AM UTC",REDACTED ,Financial Crime (Embezzlement/Fraud),REDACTED ,,"07/11/2026, 12:14:17 AM UTC",lookup,,
f002df3c-cae7-4e0c-af2d-d12f2eeb00c7,Noe Martinez,Lee's Summit MO PD,2,"07/10/2026, 09:05:00 PM UTC
07/10/2026, 09:20:00 PM UTC",REDACTED ,Financial Crime (Embezzlement/Fraud),REDACTED ,"SUV, Toyota, silver_grey","07/11/2026, 12:11:44 AM UTC",search,,
c1932148-5dc2-41b4-b3c5-e4280533d421,Noe Martinez,Lee's Summit MO PD,2,"07/10/2026, 09:05:00 PM UTC
07/10/2026, 09:15:00 PM UTC",REDACTED ,Financial Crime (Embezzlement/Fraud),REDACTED ,"SUV, Toyota, silver_grey","07/11/2026, 12:09:51 AM UTC",search,,
f480d949-da3e-4013-8ece-7525f067d1a6,Noe Martinez,Lee's Summit MO PD,2,"07/10/2026, 09:05:00 PM UTC
07/10/2026, 09:15:00 PM UTC",REDACTED ,Financial Crime (Embezzlement/Fraud),REDACTED ,"SUV, Toyota, silver_grey","07/11/2026, 12:09:44 AM UTC",search,,
060da2b6-47c4-4b79-88b9-19ae96d4d6e6,Noe Martinez,Lee's Summit MO PD,2,"07/10/2026, 09:05:00 PM UTC
07/10/2026, 09:15:00 PM UTC",REDACTED ,Financial Crime (Embezzlement/Fraud),REDACTED ,Toyota,"07/11/2026, 12:09:17 AM UTC",search,,
59f2397c-a776-4ddc-b8cf-891a99936e53,Brent Evans,Lee's Summit MO PD,1027,"06/10/2026, 11:51:39 PM UTC
07/10/2026, 11:51:39 PM UTC",REDACTED ,"Assault/Battery Offenses, Motor Vehicle Theft/Stolen - Sus auto",REDACTED ,,"07/10/2026, 11:51:40 PM UTC",lookup - Mobile,,
7de287fd-77b4-4d03-aecd-32e9bf42e2d8,Noe Martinez,Lee's Summit MO PD,2,"07/10/2026, 09:05:00 PM UTC
07/10/2026, 09:15:00 PM UTC",REDACTED ,Financial Crime (Embezzlement/Fraud),REDACTED ,"SUV, Toyota, silver_grey","07/10/2026, 11:50:08 PM UTC",search,,
b53730c7-4457-4578-a4e3-eef193eb63c3,Brent Evans,Lee's Summit MO PD,1027,"06/10/2026, 11:47:05 PM UTC
07/10/2026, 11:47:05 PM UTC",REDACTED ,"Assault/Battery Offenses, Motor Vehicle Theft/Stolen - Sus auto",REDACTED ,,"07/10/2026, 11:47:07 PM UTC",lookup - Mobile,,
53e9dfa8-d0b9-40b1-87b7-e3615f1fe5ff,Brent Evans,Lee's Summit MO PD,1027,"06/26/2026, 11:47:03 PM UTC
07/10/2026, 11:47:03 PM UTC",REDACTED ,"Assault/Battery Offenses, Motor Vehicle Theft/Stolen - Sus auto",REDACTED ,,"07/10/2026, 11:47:04 PM UTC",lookup - Mobile,,
f9e06aa3-0ade-400d-b085-1716f9578f10,Brent Evans,Lee's Summit MO PD,1027,"07/03/2026, 11:47:02 PM UTC
07/10/2026, 11:47:02 PM UTC",REDACTED ,"Assault/Battery Offenses, Motor Vehicle Theft/Stolen - Sus auto",REDACTED ,,"07/10/2026, 11:47:02 PM UTC",lookup - Mobile,,
16a63e78-5031-4f30-88f5-e47a57c89255,Brent Evans,Lee's Summit MO PD,1027,"07/09/2026, 11:47:00 PM UTC
07/10/2026, 11:47:00 PM UTC",REDACTED ,"Assault/Battery Offenses, Motor Vehicle Theft/Stolen - Sus auto",REDACTED ,,"07/10/2026, 11:47:01 PM UTC",lookup - Mobile,,
08631394-b599-4360-a372-ee22ab37144a,Noe Martinez,Lee's Summit MO PD,6227,"06/10/2026, 11:45:01 PM UTC
07/10/2026, 11:45:01 PM UTC",REDACTED ,Financial Crime (Embezzlement/Fraud),REDACTED ,,"07/10/2026, 11:45:06 PM UTC",lookup,,
4a2a87f7-0433-4d32-8f0b-ba4d41c3a6a4,Noe Martinez,Lee's Summit MO PD,2,"07/10/2026, 09:05:00 PM UTC
07/10/2026, 09:15:00 PM UTC",REDACTED ,Financial Crime (Embezzlement/Fraud),REDACTED ,"SUV, silver_grey","07/10/2026, 11:42:49 PM UTC",search,,
54c94c69-7cbb-450b-ba74-8baf6caa364b,Noe Martinez,Lee's Summit MO PD,2,"07/10/2026, 09:05:00 PM UTC
07/10/2026, 09:15:00 PM UTC",REDACTED ,Financial Crime (Embezzlement/Fraud),REDACTED ,SUV,"07/10/2026, 11:41:26 PM UTC",search,,
053f8590-723b-4ca8-8f23-c2cc2e909bb0,Noe Martinez,Lee's Summit MO PD,2,"07/10/2026, 09:05:00 PM UTC
07/10/2026, 09:15:00 PM UTC",REDACTED ,Financial Crime (Embezzlement/Fraud),REDACTED ,SUV,"07/10/2026, 11:41:02 PM UTC",search,,
0d83a14f-08bd-4550-a7e2-72062f6286b8,Noe Martinez,Lee's Summit MO PD,2,"07/10/2026, 09:05:00 PM UTC
07/10/2026, 09:15:00 PM UTC",REDACTED ,Financial Crime (Embezzlement/Fraud),REDACTED ,,"07/10/2026, 11:40:16 PM UTC",search,,
3bdb592f-a657-42b7-bfc8-b42a0fd7a342,Bryan Gilbert,Lee's Summit MO PD,1065,"07/03/2026, 10:30:38 PM UTC
07/10/2026, 10:30:38 PM UTC",REDACTED ,Wanted Person (Arrest Warrant/Fugitive) - Warrants,REDACTED ,,"07/10/2026, 10:11:41 PM UTC",lookup,,
031d62f8-8d89-4596-82a6-65f1db4225f6,Casca Hunter,Lee's Summit MO PD,1078,"12/17/2025, 12:30:45 AM UTC
01/16/2026, 12:30:45 AM UTC",REDACTED ,Stolen Property Offenses - suspect,REDACTED ,missouri,"07/10/2026, 07:50:00 PM UTC",lookup,,
afcbcfa5-f8b7-49d0-9b3f-122497a82431,Amanda Schulte,Lee's Summit MO PD,2,"07/03/2026, 07:00:26 PM UTC
07/10/2026, 07:00:26 PM UTC",REDACTED ,Robbery,REDACTED ,,"07/10/2026, 06:58:45 PM UTC",lookup,,
31f72497-4a76-4ac3-b9b4-9396131bdab1,Amanda Schulte,Lee's Summit MO PD,2,"07/03/2026, 07:00:26 PM UTC
07/10/2026, 07:00:26 PM UTC",REDACTED ,Robbery,REDACTED ,,"07/10/2026, 06:58:28 PM UTC",lookup,,
97e5f28d-969b-496a-a5dc-cb3f607e4a73,Bryan Gilbert,Lee's Summit MO PD,1,"07/10/2026, 02:05:00 AM UTC
07/10/2026, 02:15:00 AM UTC",REDACTED ,Larceny/Theft Offenses - ,REDACTED ,,"07/10/2026, 06:32:52 PM UTC",search,,
df7f54b3-8be5-4475-bfa5-5378d698ce2b,Amanda Schulte,Lee's Summit MO PD,6255,"06/10/2026, 06:29:31 PM UTC
07/10/2026, 06:29:31 PM UTC",REDACTED ,Larceny/Theft Offenses,REDACTED ,,"07/10/2026, 06:29:34 PM UTC",lookup,,
8ec7e756-b4b1-4a32-8439-46cc5ded745b,Amanda Schulte,Lee's Summit MO PD,3,"07/10/2026, 01:20:00 AM UTC
07/10/2026, 02:30:00 AM UTC",REDACTED ,Larceny/Theft Offenses,REDACTED ,"SUV, Chevrolet","07/10/2026, 06:26:33 PM UTC",search,,
a47930a8-757f-4f5a-834e-c7508216f4b1,Amanda Schulte,Lee's Summit MO PD,3,"07/10/2026, 01:20:00 AM UTC
07/10/2026, 02:30:00 AM UTC",REDACTED ,Larceny/Theft Offenses,REDACTED ,SUV,"07/10/2026, 06:26:05 PM UTC",search,,
65d829ff-197d-4927-a9d0-428f5c1d980f,Bryan Gilbert,Lee's Summit MO PD,2,"07/10/2026, 01:35:00 AM UTC
07/10/2026, 03:00:00 AM UTC",REDACTED ,Larceny/Theft Offenses - ,REDACTED ,,"07/10/2026, 06:20:21 PM UTC",visual,,
5ceeec3b-1967-46cf-b9a0-a2122f9782ee,Bryan Gilbert,Lee's Summit MO PD,4,"07/10/2026, 01:30:00 AM UTC
07/10/2026, 03:00:00 AM UTC",REDACTED ,Larceny/Theft Offenses - ,REDACTED ,,"07/10/2026, 06:18:48 PM UTC",freeform,objectClass:vehicle BLACK CHEVY TAHOO,allow
b86b8c18-e7ba-45c3-b138-9f09da29467d,Bryan Gilbert,Lee's Summit MO PD,1078,"07/10/2026, 01:35:00 AM UTC
07/10/2026, 03:00:00 AM UTC",REDACTED ,Larceny/Theft Offenses - ,REDACTED ,black,"07/10/2026, 06:17:34 PM UTC",search,,
6c0fbaf8-f55d-4f5b-bc17-65a64e5bb29e,Bryan Gilbert,Lee's Summit MO PD,1078,"07/10/2026, 01:35:00 AM UTC
07/10/2026, 03:00:00 AM UTC",REDACTED ,Larceny/Theft Offenses - ,REDACTED ,black,"07/10/2026, 06:17:23 PM UTC",search,,
e27fe675-488d-4776-86b4-263ba5b77f67,Bryan Gilbert,Lee's Summit MO PD,1078,"07/10/2026, 01:35:00 AM UTC
07/10/2026, 03:00:00 AM UTC",REDACTED ,Larceny/Theft Offenses - ,REDACTED ,black,"07/10/2026, 06:17:07 PM UTC",search,,
ddaf3681-f6fa-4a93-ad35-f88943bbf169,Bryan Gilbert,Lee's Summit MO PD,1078,"07/09/2026, 06:30:00 PM UTC
07/10/2026, 06:30:00 PM UTC",REDACTED ,Larceny/Theft Offenses - ,REDACTED ,"Sedan, Coupe, Convertible, Hatchback, Wagon, Kia, black","07/10/2026, 06:15:36 PM UTC",search,,
453206a0-5649-4fe1-963d-2e43a6317f6b,Bryan Gilbert,Lee's Summit MO PD,1078,"07/09/2026, 06:30:00 PM UTC
07/10/2026, 06:30:00 PM UTC",REDACTED ,Larceny/Theft Offenses - ,REDACTED ,"Sedan, Coupe, Convertible, Hatchback, Wagon, Kia, black","07/10/2026, 06:15:01 PM UTC",search,,
f38fae05-a2d0-4687-8d6f-f73dd8cd1ba3,Bryan Gilbert,Lee's Summit MO PD,1078,"07/09/2026, 06:30:00 PM UTC
07/10/2026, 06:30:00 PM UTC",REDACTED ,Larceny/Theft Offenses - ,REDACTED ,,"07/10/2026, 06:14:29 PM UTC",lookup,,
d902d57e-6e36-4951-bb7f-bfcd46a8183f,Bryan Gilbert,Lee's Summit MO PD,1078,"07/09/2026, 06:30:00 PM UTC
07/10/2026, 06:30:00 PM UTC",REDACTED ,Larceny/Theft Offenses -,REDACTED ,,"07/10/2026, 06:14:25 PM UTC",lookup,,
6a80684e-460d-41da-92cf-12eb934cbeaa,Bryan Gilbert,Lee's Summit MO PD,1078,"07/09/2026, 06:30:00 PM UTC
07/10/2026, 06:30:00 PM UTC",REDACTED ,Larceny/Theft Offenses - ,REDACTED ,,"07/10/2026, 06:14:20 PM UTC",lookup,,
9b71093b-9131-4786-b2d5-be63028c318e,Bryan Gilbert,Lee's Summit MO PD,1078,"07/09/2026, 06:30:00 PM UTC
07/10/2026, 06:30:00 PM UTC",REDACTED ,Larceny/Theft Offenses -,REDACTED ,,"07/10/2026, 06:14:02 PM UTC",lookup,,
11b6a5c5-77f0-4be5-85d6-deaef77e78de,Jason Rosarius,Lee's Summit MO PD,1077,"07/10/2026, 05:00:00 AM UTC
07/10/2026, 10:35:00 AM UTC",REDACTED ,Motor Vehicle Theft/Stolen - Check to see when Vehicle was stolen.,REDACTED ,,"07/10/2026, 05:53:26 PM UTC",search,,
6b8ed9a5-e376-4d2d-a7da-5703da470d56,Jason Rosarius,Lee's Summit MO PD,1077,"07/10/2026, 07:00:00 AM UTC
07/10/2026, 10:35:00 AM UTC",REDACTED ,Motor Vehicle Theft/Stolen - Check to see when Vehicle was stolen.,REDACTED ,,"07/10/2026, 05:51:36 PM UTC",search,,
0bddc0e4-a755-4a94-9ce8-a8a8f1a990cd,Jason Rosarius,Lee's Summit MO PD,1077,"07/10/2026, 08:00:00 AM UTC
07/10/2026, 10:35:00 AM UTC",REDACTED ,Motor Vehicle Theft/Stolen - Check to see when Vehicle was stolen.,REDACTED ,,"07/10/2026, 05:50:09 PM UTC",search,,
12191f37-d649-49ba-ad59-2f517a9a1268,Jason Rosarius,Lee's Summit MO PD,6254,"06/10/2026, 06:00:10 PM UTC
07/10/2026, 06:00:10 PM UTC",REDACTED ,Motor Vehicle Theft/Stolen - Stolen vehicle towed by unknown truck,REDACTED ,kansas,"07/10/2026, 05:49:15 PM UTC",lookup,,
090c1876-bbb6-4ca0-8e05-c61f356e7771,Amanda Schulte,Lee's Summit MO PD,6255,"06/10/2026, 05:47:43 PM UTC
07/10/2026, 05:47:43 PM UTC",REDACTED ,Larceny/Theft Offenses,REDACTED ,,"07/10/2026, 05:47:45 PM UTC",lookup,,
a49c8dbd-a28c-436b-9e14-4bc000028e38,Jason Rosarius,Lee's Summit MO PD,1077,"07/10/2026, 09:00:00 AM UTC
07/10/2026, 10:35:00 AM UTC",REDACTED ,Motor Vehicle Theft/Stolen - Check to see when Vehicle was stolen.,REDACTED ,,"07/10/2026, 05:45:55 PM UTC",search,,
e6b6de2b-4a2a-4ac6-9198-333ad4901200,Amanda Schulte,Lee's Summit MO PD,3,"07/10/2026, 01:20:00 AM UTC
07/10/2026, 02:30:00 AM UTC",REDACTED ,Larceny/Theft Offenses,REDACTED ,"SUV, GMC, Chevrolet, black","07/10/2026, 05:45:28 PM UTC",search,,
2c85a32c-e83a-41f6-9b16-d7cca3ab6d25,Amanda Schulte,Lee's Summit MO PD,3,"07/10/2026, 01:30:00 AM UTC
07/10/2026, 02:20:00 AM UTC",REDACTED ,Larceny/Theft Offenses,REDACTED ,"SUV, GMC, Chevrolet, black","07/10/2026, 05:42:11 PM UTC",search,,
3875c23d-0961-45cb-affe-3d2676f17cc6,Amanda Schulte,Lee's Summit MO PD,3,"07/10/2026, 01:30:00 AM UTC
07/10/2026, 02:20:00 AM UTC",REDACTED ,Larceny/Theft Offenses,REDACTED ,,"07/10/2026, 05:41:13 PM UTC",search,,
c8201b46-836f-4568-84bf-524176e20e42,Amanda Schulte,Lee's Summit MO PD,3,"07/10/2026, 01:30:00 AM UTC
07/10/2026, 02:20:00 AM UTC",REDACTED ,Larceny/Theft Offenses,REDACTED ,,"07/10/2026, 05:40:39 PM UTC",search,,
8c2d6ed9-792c-4e9a-a955-e72f09541432,Amanda Schulte,Lee's Summit MO PD,4,"07/10/2026, 01:30:00 AM UTC
07/10/2026, 02:20:00 AM UTC",REDACTED ,Larceny/Theft Offenses,REDACTED ,,"07/10/2026, 05:39:00 PM UTC",search,,
9a000315-ec3b-4807-9f64-48995c4a7460,Jason Rosarius,Lee's Summit MO PD,6254,"07/10/2026, 10:00:00 AM UTC
07/10/2026, 06:00:00 PM UTC",REDACTED ,Motor Vehicle Theft/Stolen - Check to see when Vehicle was stolen.,REDACTED ,,"07/10/2026, 05:36:21 PM UTC",lookup,,
f57717fc-a3aa-4289-aaaa-1ab7e3e25ed7,Jason Rosarius,Lee's Summit MO PD,349,"06/10/2026, 06:00:04 PM UTC
07/10/2026, 06:00:04 PM UTC",REDACTED ,Motor Vehicle Theft/Stolen - Check to see when Vehicle was stolen.,REDACTED ,,"07/10/2026, 05:35:07 PM UTC",lookup,,
f3c4b818-cfcf-486e-8c9d-8ea6bf1d72b5,Jason Rosarius,Lee's Summit MO PD,2,"07/10/2026, 10:00:00 AM UTC
07/10/2026, 02:30:00 PM UTC",REDACTED ,Motor Vehicle Theft/Stolen - Stolen vehicle towed by unknown truck,REDACTED ,,"07/10/2026, 03:32:32 PM UTC",freeform,objectClass:vehicle tow truck pulling a nissan altima,allow
0ef9a958-9835-421e-aedb-36ee9be2a044,Jason Rosarius,Lee's Summit MO PD,2,"07/09/2026, 02:30:25 PM UTC
07/10/2026, 02:30:25 PM UTC",REDACTED ,Motor Vehicle Theft/Stolen - Stolen vehicle towed by unknown truck,REDACTED ,,"07/10/2026, 03:31:48 PM UTC",freeform,objectClass:vehicle tow truck pulling a nissan altima,allow
c86fe7bb-064d-4b97-b4cd-f4ce9f89ee74,Jason Rosarius,Lee's Summit MO PD,2,"07/09/2026, 02:30:25 PM UTC
07/10/2026, 02:30:25 PM UTC",REDACTED ,Motor Vehicle Theft/Stolen - Stolen vehicle towed by unknown truck,REDACTED ,,"07/10/2026, 03:30:43 PM UTC",freeform,objectClass:vehicle tow truck pulling a tan nissan altima,allow
e2ef1983-eafe-4a93-8684-a6101214c4a9,Jason Rosarius,Lee's Summit MO PD,1077,"07/10/2026, 10:15:00 AM UTC
07/10/2026, 03:30:00 PM UTC",REDACTED ,Motor Vehicle Theft/Stolen - Check to see when Vehicle was stolen.,REDACTED ,,"07/10/2026, 02:52:46 PM UTC",lookup,,
79fca149-5271-4018-9ecc-d6ec0c0c57f3,Jason Rosarius,Lee's Summit MO PD,1077,"07/10/2026, 10:15:00 AM UTC
07/10/2026, 10:30:00 AM UTC",REDACTED ,Motor Vehicle Theft/Stolen - Check to see when Vehicle was stolen.,REDACTED ,,"07/10/2026, 02:32:40 PM UTC",search,,
9cb40999-c5f5-4ad0-a1c5-33fcd8b0b5f6,Brandy Flores,Lee's Summit MO PD,1078,"07/09/2026, 03:00:50 PM UTC
07/10/2026, 03:00:50 PM UTC",REDACTED ,Motor Vehicle Theft/Stolen,REDACTED ,,"07/10/2026, 02:31:52 PM UTC",lookup,,
85490ad4-3c5d-4c93-9e16-6188780fa8fd,Brandy Flores,Lee's Summit MO PD,1078,"07/10/2026, 12:30:53 PM UTC
07/10/2026, 02:30:53 PM UTC",REDACTED ,Motor Vehicle Theft/Stolen,REDACTED ,,"07/10/2026, 02:30:33 PM UTC",lookup,,
4a41ed07-25ca-41c3-a603-25ead18803fa,Jason Rosarius,Lee's Summit MO PD,349,"07/10/2026, 10:15:00 AM UTC
07/10/2026, 02:30:00 PM UTC",REDACTED ,Motor Vehicle Theft/Stolen - Check to see when Vehicle was stolen.,REDACTED ,,"07/10/2026, 02:29:58 PM UTC",lookup,,
d2c56b5d-c8a1-464a-ab77-bbee0f3a33ad,Hailey Sipes,Lee's Summit MO PD,1078,"07/09/2026, 02:30:26 PM UTC
07/10/2026, 02:30:26 PM UTC",REDACTED ,Motor Vehicle Theft/Stolen,REDACTED ,,"07/10/2026, 02:27:29 PM UTC",lookup,,
c42e876d-1d22-488a-b033-4308191a0bdf,Hailey Sipes,Lee's Summit MO PD,2,"07/10/2026, 12:30:52 PM UTC
07/10/2026, 02:30:52 PM UTC",REDACTED ,Motor Vehicle Theft/Stolen,REDACTED ,,"07/10/2026, 02:27:03 PM UTC",lookup,,
26dc926a-b8da-4123-8eae-07133552909c,Jason Rosarius,Lee's Summit MO PD,1077,"07/10/2026, 10:15:00 AM UTC
07/10/2026, 02:30:00 PM UTC",REDACTED ,Motor Vehicle Theft/Stolen - Check to see when Vehicle was stolen.,REDACTED ,,"07/10/2026, 02:27:00 PM UTC",search,,
ddb93a02-7ed1-4d49-8504-74daef97676f,Jason Rosarius,Lee's Summit MO PD,1077,"07/10/2026, 10:15:00 AM UTC
07/10/2026, 02:30:00 PM UTC",REDACTED ,Motor Vehicle Theft/Stolen - Check to see when Vehicle was stolen.,REDACTED ,Nissan,"07/10/2026, 02:25:29 PM UTC",search,,
84473ab4-a062-488f-b409-183b34bc2abf,Jason Rosarius,Lee's Summit MO PD,1077,"07/10/2026, 10:15:00 AM UTC
07/10/2026, 02:30:00 PM UTC",REDACTED ,Motor Vehicle Theft/Stolen - Check to see when Vehicle was stolen.,REDACTED ,Nissan,"07/10/2026, 02:25:17 PM UTC",search,,
e81415e7-522e-49fd-9338-43a4fa17026a,Amanda Schulte,Lee's Summit MO PD,1078,"07/09/2026, 01:30:29 PM UTC
07/10/2026, 01:30:29 PM UTC",REDACTED ,Robbery,REDACTED ,,"07/10/2026, 01:10:32 PM UTC",lookup,,
1b391b34-2ef6-4249-8b7f-84610f6de741,Scott McMilian,Lee's Summit MO PD,1077,"06/10/2026, 08:00:08 AM UTC
07/10/2026, 08:00:08 AM UTC",REDACTED ,Trespass,REDACTED ,,"07/10/2026, 07:52:14 AM UTC",lookup,,
60db1791-4967-4676-aa9e-2f7c92a00691,Azlen Metscher,Lee's Summit MO PD,349,"06/10/2026, 06:30:03 AM UTC
07/10/2026, 06:30:03 AM UTC",REDACTED ,Larceny/Theft Offenses,REDACTED ,missouri,"07/10/2026, 06:18:05 AM UTC",lookup,,
2dfb9902-e731-4188-b097-9728c4c0b114,Azlen Metscher,Lee's Summit MO PD,1077,"07/10/2026, 04:30:37 AM UTC
07/10/2026, 06:30:37 AM UTC",REDACTED ,Larceny/Theft Offenses,REDACTED ,missouri,"07/10/2026, 06:17:58 AM UTC",lookup,,
fd142cea-d06a-4e7c-b14d-133ee1315969,Azlen Metscher,Lee's Summit MO PD,2,"07/09/2026, 06:30:31 AM UTC
07/10/2026, 06:30:31 AM UTC",REDACTED ,Larceny/Theft Offenses,REDACTED ,iowa,"07/10/2026, 06:13:52 AM UTC",freeform,objectClass:vehicle black chevrolet tahoe with rood rack and chrome trim on sides of vehicle,allow
12b16b1e-61d3-4ced-80a6-5d53522d04eb,Azlen Metscher,Lee's Summit MO PD,2,"07/09/2026, 06:30:31 AM UTC
07/10/2026, 06:30:31 AM UTC",REDACTED ,Larceny/Theft Offenses,REDACTED ,,"07/10/2026, 06:12:00 AM UTC",freeform,objectClass:vehicle black chevrolet tahoe with rood rack and chrome trim on sides of vehicle,allow
1e894728-654e-44f9-881a-36c7d4fc8ec5,Azlen Metscher,Lee's Summit MO PD,1077,"06/10/2026, 06:30:50 AM UTC
07/10/2026, 06:30:50 AM UTC",REDACTED ,Larceny/Theft Offenses,REDACTED ,"SUV, Chevrolet, black, 8AL2","07/10/2026, 06:10:00 AM UTC",search,,
bc462d1f-cd40-4aa7-abc0-c5e75eec9c91,Azlen Metscher,Lee's Summit MO PD,1077,"07/10/2026, 04:30:52 AM UTC
07/10/2026, 06:30:52 AM UTC",REDACTED ,Larceny/Theft Offenses,REDACTED ,"SUV, Chevrolet, black, 8AL2","07/10/2026, 06:09:44 AM UTC",search,,
df1be70f-573b-483d-bb2c-667a83502418,Azlen Metscher,Lee's Summit MO PD,1077,"06/10/2026, 06:04:21 AM UTC
07/10/2026, 06:04:21 AM UTC",REDACTED ,Larceny/Theft Offenses,REDACTED ,,"07/10/2026, 06:04:22 AM UTC",lookup - Mobile,,
9ab75be7-9b70-4415-8d89-85cae6f6f0df,Azlen Metscher,Lee's Summit MO PD,1077,"07/09/2026, 06:03:57 AM UTC
07/10/2026, 06:03:57 AM UTC",REDACTED ,Larceny/Theft Offenses,REDACTED ,,"07/10/2026, 06:03:58 AM UTC",lookup - Mobile,,
098b5acb-adf6-41e9-8898-580a13953926,Azlen Metscher,Lee's Summit MO PD,1077,"07/09/2026, 06:03:08 AM UTC
07/10/2026, 06:03:08 AM UTC",REDACTED ,Larceny/Theft Offenses,REDACTED ,,"07/10/2026, 06:03:09 AM UTC",lookup - Mobile,,
68e5d310-e632-4ddf-87e9-2ee4724fc83d,Azlen Metscher,Lee's Summit MO PD,2,"07/03/2026, 06:02:44 AM UTC
07/10/2026, 06:02:44 AM UTC",REDACTED ,Larceny/Theft Offenses,REDACTED ,,"07/10/2026, 06:02:45 AM UTC",lookup - Mobile,,
21489942-daf2-4477-b6ea-d5dcc736815c,Azlen Metscher,Lee's Summit MO PD,2,"07/09/2026, 06:02:40 AM UTC
07/10/2026, 06:02:40 AM UTC",REDACTED ,Larceny/Theft Offenses,REDACTED ,,"07/10/2026, 06:02:40 AM UTC",lookup - Mobile,,
5942260d-1cc9-4cc2-b062-96569967598a,Azlen Metscher,Lee's Summit MO PD,3,"07/10/2026, 12:00:55 AM UTC
07/10/2026, 06:00:55 AM UTC",REDACTED ,Larceny/Theft Offenses,REDACTED ,,"07/10/2026, 05:59:14 AM UTC",freeform,objectClass:vehicle black chevy trailblazer with roof rack and chrome side trim ,allow
891479e3-369a-44fb-b877-4d6110d7c39f,Azlen Metscher,Lee's Summit MO PD,3,"07/10/2026, 12:00:55 AM UTC
07/10/2026, 06:00:55 AM UTC",REDACTED ,Larceny/Theft Offenses,REDACTED ,,"07/10/2026, 05:55:54 AM UTC",freeform,objectClass:vehicle black suv with roof rack and chrome side trim ,allow
21fa28a9-3956-42a2-836b-c65c8de05f95,Azlen Metscher,Lee's Summit MO PD,3,"07/10/2026, 12:00:55 AM UTC
07/10/2026, 06:00:55 AM UTC",REDACTED ,Larceny/Theft Offenses,REDACTED ,,"07/10/2026, 05:53:19 AM UTC",freeform,objectClass:vehicle black in coler gmc yukon or full sized suv silver trim on side of vehicle ,allow
ad4ac282-344b-4170-bd01-4fd48920c5f9,Azlen Metscher,Lee's Summit MO PD,3,"07/10/2026, 12:00:55 AM UTC
07/10/2026, 06:00:55 AM UTC",REDACTED ,Larceny/Theft Offenses,REDACTED ,,"07/10/2026, 05:51:10 AM UTC",freeform,objectClass:vehicle black in coler gmc yukon or full sized suv,allow
9f0905b7-3223-4ef3-b4cc-1da486cbb1a0,Casca Hunter,Lee's Summit MO PD,1078,"12/17/2025, 12:30:45 AM UTC
01/16/2026, 12:30:45 AM UTC",REDACTED ,Stolen Property Offenses - suspect,REDACTED ,missouri,"07/10/2026, 04:17:29 AM UTC",lookup,,
6c7a4b78-e2f1-4a27-b655-299cee6c3804,Brent Evans,Lee's Summit MO PD,6255,"06/10/2026, 04:12:02 AM UTC
07/10/2026, 04:12:02 AM UTC",REDACTED ,Sex Offenses - Pho La La/Massage suspicious activity,REDACTED ,,"07/10/2026, 04:12:05 AM UTC",lookup,,
e1445ca6-9daf-42a2-8e6b-516689ea6059,Brent Evans,Lee's Summit MO PD,1078,"06/10/2026, 03:30:18 AM UTC
07/10/2026, 03:30:18 AM UTC",REDACTED ,Sex Offenses - Pho La La/Massage suspicious activity,REDACTED ,,"07/10/2026, 03:26:55 AM UTC",lookup,,
2c4cb213-6cfb-4131-ac4a-58c50645c0fc,Brent Evans,Lee's Summit MO PD,6255,"06/10/2026, 03:25:07 AM UTC
07/10/2026, 03:25:07 AM UTC",REDACTED ,Sex Offenses - Pho La La/Massage suspicious activity,REDACTED ,,"07/10/2026, 03:25:12 AM UTC",lookup,,
d7429f92-6d02-4676-9233-1430fe5ba866,Brent Evans,Lee's Summit MO PD,1078,"06/10/2026, 03:30:18 AM UTC
07/10/2026, 03:30:18 AM UTC",REDACTED ,Sex Offenses - Pho La La/Massage suspicious activity,REDACTED ,,"07/10/2026, 03:24:35 AM UTC",lookup,,
2cc460dd-0237-4821-9ba6-6fc48a269186,Brent Evans,Lee's Summit MO PD,1078,"06/10/2026, 03:30:18 AM UTC
07/10/2026, 03:30:18 AM UTC",REDACTED ,Sex Offenses - Pho La La/Massage suspicious activity,REDACTED ,,"07/10/2026, 03:22:37 AM UTC",lookup,,
4037925f-6eec-448d-b502-e5b8e0802e2c,Brent Evans,Lee's Summit MO PD,1078,"06/10/2026, 03:30:18 AM UTC
07/10/2026, 03:30:18 AM UTC",REDACTED ,Sex Offenses - Pho La La/Massage suspicious activity,REDACTED ,,"07/10/2026, 03:22:24 AM UTC",lookup,,
e0c4ca7b-7a9c-44d7-bc47-c4c671481246,Brent Evans,Lee's Summit MO PD,1078,"06/10/2026, 03:30:18 AM UTC
07/10/2026, 03:30:18 AM UTC",REDACTED ,Sex Offenses - Pho La La/Massage suspicious activity,REDACTED ,,"07/10/2026, 03:21:21 AM UTC",lookup,,
83e9aa0d-12f8-45d0-8727-1644e79fefc4,Jacob White,Lee's Summit MO PD,2,"07/10/2026, 02:00:08 AM UTC
07/10/2026, 02:15:08 AM UTC",REDACTED ,Larceny/Theft Offenses,REDACTED ,"SUV, black","07/10/2026, 02:15:31 AM UTC",search,,
3e00596f-4f7f-4aac-9208-48824609be04,Jacob White,Lee's Summit MO PD,1077,"07/10/2026, 02:00:08 AM UTC
07/10/2026, 02:15:08 AM UTC",REDACTED ,Larceny/Theft Offenses,REDACTED ,"SUV, black","07/10/2026, 02:15:10 AM UTC",search,,
7c465c81-926e-43f3-aa84-975b742eb08e,Brent Evans,Lee's Summit MO PD,1054,"06/09/2026, 11:44:57 PM UTC
07/09/2026, 11:44:57 PM UTC",REDACTED ,Sex Offenses - Sex offense,REDACTED ,,"07/09/2026, 11:44:59 PM UTC",lookup - Mobile,,
6c05ff8c-1bfe-4da0-b56f-28667005a195,Brent Evans,Lee's Summit MO PD,1054,"06/09/2026, 11:43:37 PM UTC
07/09/2026, 11:43:37 PM UTC",REDACTED ,Sex Offenses - Sex offense,REDACTED ,,"07/09/2026, 11:43:40 PM UTC",lookup - Mobile,,
fbb4f257-fcf0-4fc7-b737-9491c41e22e2,Brent Evans,Lee's Summit MO PD,1054,"07/08/2026, 11:43:31 PM UTC
07/09/2026, 11:43:31 PM UTC",REDACTED ,Sex Offenses - Sex offense,REDACTED ,,"07/09/2026, 11:43:32 PM UTC",lookup - Mobile,,
b59f0e16-fdbd-47b0-8314-e8c86b050345,Dalton Sterbenz,Lee's Summit MO PD,6255,"06/09/2026, 11:00:50 PM UTC
07/09/2026, 11:00:50 PM UTC",REDACTED ,Motor Vehicle Theft/Stolen,REDACTED ,,"07/09/2026, 10:41:52 PM UTC",lookup,,
56e11ba9-3bf2-4049-bffb-e4419c6feb10,Dalton Sterbenz,Lee's Summit MO PD,1077,"07/09/2026, 09:00:35 PM UTC
07/09/2026, 11:00:35 PM UTC",REDACTED ,Motor Vehicle Theft/Stolen,REDACTED ,,"07/09/2026, 10:41:47 PM UTC",lookup,,
f73906d6-08c5-4a8a-ae3b-b9d0a0ebb686,Nicolet Dyer,Lee's Summit MO PD,1078,"06/25/2026, 10:30:19 PM UTC
07/09/2026, 10:30:19 PM UTC",REDACTED ,Hit and Run/Car Accident - concordia bolo,REDACTED ,,"07/09/2026, 10:16:28 PM UTC",lookup,,
efcb9d76-6ff7-488b-b757-0555d7b24b6d,Darcy Boorem,Lee's Summit MO PD,1078,"06/09/2026, 08:30:47 PM UTC
07/09/2026, 08:30:47 PM UTC",REDACTED ,Obstructing the Police (Fleeing/Eluding),REDACTED ,,"07/09/2026, 08:56:15 PM UTC",lookup,,
f412378a-bfff-46a8-829d-28fdfd6c5284,Amanda Schulte,Lee's Summit MO PD,1078,"07/02/2026, 09:00:22 PM UTC
07/09/2026, 09:00:22 PM UTC",REDACTED ,Robbery,REDACTED ,,"07/09/2026, 08:46:26 PM UTC",lookup,,
4211ba7b-9740-43db-9365-c5dc415cc0d2,Amanda Schulte,Lee's Summit MO PD,4,"07/03/2026, 09:20:00 PM UTC
07/03/2026, 10:00:00 PM UTC",REDACTED ,Financial Crime (Embezzlement/Fraud),REDACTED ,,"07/09/2026, 08:32:19 PM UTC",freeform,objectClass:vehicle dark pickup with large boxes and no tailgate,allow
1c3e1ac3-936f-475f-8bce-53c32dee12eb,Amanda Schulte,Lee's Summit MO PD,4,"07/04/2026, 11:00:00 PM UTC
07/05/2026, 12:00:00 AM UTC",REDACTED ,Financial Crime (Embezzlement/Fraud),REDACTED ,,"07/09/2026, 08:24:04 PM UTC",freeform,objectClass:vehicle dark pickup with large boxes and no tailgate,allow
31c00408-7457-4a41-9f01-d31edb542a9d,Darcy Boorem,Lee's Summit MO PD,1078,"06/09/2026, 08:30:47 PM UTC
07/09/2026, 08:30:47 PM UTC",REDACTED ,Obstructing the Police (Fleeing/Eluding),REDACTED ,,"07/09/2026, 08:18:50 PM UTC",lookup,,
3d3db628-30b4-4715-8510-65a30ee3fb16,Nicolet Dyer,Lee's Summit MO PD,6256,"07/09/2026, 06:30:34 PM UTC
07/09/2026, 08:30:34 PM UTC",REDACTED ,Motor Vehicle Theft/Stolen,REDACTED ,,"07/09/2026, 08:07:51 PM UTC",lookup,,
781598e6-ed32-4e57-9c9c-23af4d2bbe00,Scott McMilian,Lee's Summit MO PD,1077,"06/06/2026, 10:30:26 AM UTC
07/06/2026, 10:30:26 AM UTC",REDACTED ,Welfare Check,REDACTED ,,"07/09/2026, 08:06:38 PM UTC",lookup,,
d65220b6-fc41-4650-a7a2-cd2d30ef0a90,Brent Evans,Lee's Summit MO PD,1078,"07/02/2026, 07:30:09 PM UTC
07/09/2026, 07:30:09 PM UTC",REDACTED ,Wanted Person (Arrest Warrant/Fugitive) - Wanted party,REDACTED ,missouri,"07/09/2026, 07:51:44 PM UTC",lookup,,
408459ca-f7c3-4518-bc92-31fe0fc080e3,Scott McMilian,Lee's Summit MO PD,1077,"06/05/2026, 04:00:38 AM UTC
07/05/2026, 04:00:38 AM UTC",REDACTED ,Traffic Infraction,REDACTED ,,"07/09/2026, 07:29:33 PM UTC",lookup,,
0f31a5c4-4d35-48b0-976a-5bfc4ee1a269,Darcy Boorem,Lee's Summit MO PD,1078,"06/09/2026, 07:30:00 PM UTC
07/09/2026, 07:30:00 PM UTC",REDACTED ,Wanted Person (Arrest Warrant/Fugitive),REDACTED ,,"07/09/2026, 07:25:02 PM UTC",lookup,,
50554b79-45b3-45df-a8de-0766c6bf7265,Brent Evans,Lee's Summit MO PD,1078,"07/02/2026, 07:30:09 PM UTC
07/09/2026, 07:30:09 PM UTC",REDACTED ,Wanted Person (Arrest Warrant/Fugitive) - Wanted party,REDACTED ,missouri,"07/09/2026, 07:08:11 PM UTC",lookup,,
723d7a06-18cf-458f-8af7-c26054641eb4,Steve Owings,Lee's Summit MO PD,1078,"06/02/2026, 04:30:00 PM UTC
07/09/2026, 06:30:00 PM UTC",REDACTED ,Assault/Battery Offenses - Assault,REDACTED ,south_dakota,"07/09/2026, 06:03:57 PM UTC",lookup,,
5a0292e7-2cc1-4205-a172-a216e013c197,John Eppert,Lee's Summit MO PD,1077,"07/08/2026, 04:00:00 PM UTC
07/09/2026, 06:00:00 PM UTC",REDACTED ,Assault/Battery Offenses,REDACTED ,missouri,"07/09/2026, 05:56:16 PM UTC",lookup,,
d5f84a48-5ead-465a-8c2b-32130d0536ae,Matthew Long,Lee's Summit MO PD,1077,"06/09/2026, 05:30:16 PM UTC
07/09/2026, 05:30:16 PM UTC",REDACTED ,Stolen Property Offenses - report,REDACTED ,"Pickup, missouri","07/09/2026, 05:27:59 PM UTC",lookup,,
29c42d84-e4f3-4af5-8419-414a0189355c,Amanda Schulte,Lee's Summit MO PD,1078,"06/09/2026, 04:30:14 PM UTC
07/09/2026, 04:30:14 PM UTC",REDACTED ,Motor Vehicle Theft/Stolen,REDACTED ,,"07/09/2026, 04:04:39 PM UTC",lookup,,
c40c41a1-8249-454f-8af7-35c7663d0aca,Amanda Schulte,Lee's Summit MO PD,1078,"06/09/2026, 04:30:14 PM UTC
07/09/2026, 04:30:14 PM UTC",REDACTED ,Robbery,REDACTED ,,"07/09/2026, 04:00:19 PM UTC",lookup,,
3d8c9117-40ee-4650-94ea-af4a46966567,Eric Hennig,Lee's Summit MO PD,2,"07/09/2026, 03:00:00 PM UTC
07/09/2026, 04:00:00 PM UTC",REDACTED ,Assault/Battery Offenses - assault,REDACTED ,"missouri, REDACTED ","07/09/2026, 03:55:19 PM UTC",search,,
1870ebed-d435-43e2-bbbb-561c8142c817,Eric Hennig,Lee's Summit MO PD,2,"07/09/2026, 03:00:00 PM UTC
07/09/2026, 04:00:00 PM UTC",REDACTED ,Assault/Battery Offenses - assault,REDACTED ,"Honda, missouri","07/09/2026, 03:54:52 PM UTC",search,,
d01c8159-52f5-4376-99e7-25ee4f898ad2,Eric Hennig,Lee's Summit MO PD,2,"07/09/2026, 03:00:00 PM UTC
07/09/2026, 04:00:00 PM UTC",REDACTED ,Assault/Battery Offenses - assault,REDACTED ,"blue, missouri","07/09/2026, 03:54:27 PM UTC",search,,
3e907baa-daa0-4d60-afe7-75f26654fb1d,Jennifer Kudzinski,Lee's Summit MO PD,2,"06/09/2026, 04:00:16 PM UTC
07/09/2026, 04:00:16 PM UTC",REDACTED ,Assault/Battery Offenses - Suspect vehicle search,REDACTED ,,"07/09/2026, 03:54:21 PM UTC",lookup,,
84e3e02a-45ab-4028-a852-c37dd016ee05,Jennifer Kudzinski,Lee's Summit MO PD,2,"07/02/2026, 04:00:00 PM UTC
07/09/2026, 04:00:00 PM UTC",REDACTED ,Assault/Battery Offenses - Suspect vehicle search,REDACTED ,,"07/09/2026, 03:54:02 PM UTC",lookup,,
6f5e8768-3dca-48f8-a195-79094f77c178,Jennifer Kudzinski,Lee's Summit MO PD,2,"07/08/2026, 04:00:55 PM UTC
07/09/2026, 04:00:55 PM UTC",REDACTED ,Assault/Battery Offenses - Suspect vehicle search,REDACTED ,,"07/09/2026, 03:53:58 PM UTC",lookup,,
c495672b-9b4e-4b7e-a094-df3e9ae6f583,Eric Hennig,Lee's Summit MO PD,2,"07/09/2026, 02:00:27 PM UTC
07/09/2026, 04:00:27 PM UTC",REDACTED ,Assault/Battery Offenses - assault,REDACTED ,missouri,"07/09/2026, 03:53:16 PM UTC",search,,
33bea68b-dd52-4b55-931b-5919dba8736a,Eric Hennig,Lee's Summit MO PD,2,"07/08/2026, 03:10:00 PM UTC
07/09/2026, 04:00:00 PM UTC",REDACTED ,Assault/Battery Offenses - assault,REDACTED ,missouri,"07/09/2026, 03:51:46 PM UTC",freeform,objectClass:vehicle light blue color honda,allow
2a67b168-2b72-41aa-aba2-83c814308050,Eric Hennig,Lee's Summit MO PD,2,"07/08/2026, 03:10:00 PM UTC
07/09/2026, 04:00:00 PM UTC",REDACTED ,Assault/Battery Offenses - assault,REDACTED ,missouri,"07/09/2026, 03:51:25 PM UTC",freeform,objectClass:vehicle light blue color,allow
f823d261-b27c-498d-bde8-8f14906766d6,Jennifer Kudzinski,Lee's Summit MO PD,2,"07/09/2026, 03:00:00 PM UTC
07/09/2026, 04:00:00 PM UTC",REDACTED ,Assault/Battery Offenses - Suspect vehicle search,REDACTED ,,"07/09/2026, 03:50:52 PM UTC",lookup,,
fc0501b9-54e9-4c16-8a97-455cf4880e50,Jennifer Kudzinski,Lee's Summit MO PD,2,"07/09/2026, 03:00:00 PM UTC
07/09/2026, 04:00:00 PM UTC",REDACTED ,Assault/Battery Offenses - Suspect vehicle search,REDACTED ,,"07/09/2026, 03:50:40 PM UTC",lookup,,
023dcc96-17e1-475a-9f85-ab71bb5932d0,Eric Hennig,Lee's Summit MO PD,1077,"07/09/2026, 02:00:27 PM UTC
07/09/2026, 04:00:27 PM UTC",REDACTED ,Assault/Battery Offenses - assault,REDACTED ,missouri,"07/09/2026, 03:50:05 PM UTC",lookup,,
0f927f25-662f-4869-8c82-daa9983669d5,Eric Hennig,Lee's Summit MO PD,1077,"07/09/2026, 02:00:27 PM UTC
07/09/2026, 04:00:27 PM UTC",REDACTED ,Assault/Battery Offenses - assault,REDACTED ,,"07/09/2026, 03:49:47 PM UTC",lookup,,
89bcfcfc-127f-44f3-b937-dd7eed1cdd24,Derrick Liggett,Lee's Summit MO PD,2,"07/06/2026, 01:30:00 AM UTC
07/08/2026, 01:30:00 AM UTC",REDACTED ,Hit and Run/Car Accident,REDACTED ,"Sedan, Kia, blue","07/09/2026, 01:19:18 PM UTC",search,,
52e90598-31c3-4d24-be9b-87e7e5acfc91,Jonathan Cooley,Lee's Summit MO PD,1078,"07/08/2026, 11:00:00 AM UTC
07/09/2026, 01:00:00 PM UTC",REDACTED ,Motor Vehicle Theft/Stolen,REDACTED ,missouri,"07/09/2026, 12:55:13 PM UTC",lookup,,
37ae6220-6aea-4818-afb5-29879d9173b1,Jonathan Cooley,Lee's Summit MO PD,1078,"07/09/2026, 11:00:11 AM UTC
07/09/2026, 01:00:11 PM UTC",REDACTED ,Motor Vehicle Theft/Stolen,REDACTED ,missouri,"07/09/2026, 12:55:00 PM UTC",lookup,,
924c0600-fc7d-4be1-878b-d02d4a7ca1a7,Mahmoud Albawwab,Lee's Summit MO PD,1078,"07/08/2026, 12:30:31 PM UTC
07/09/2026, 12:30:31 PM UTC",REDACTED ,Wanted Person (Arrest Warrant/Fugitive),REDACTED ,,"07/09/2026, 12:15:44 PM UTC",lookup,,
6938a63d-bf5f-4cf5-b5ff-064d73c601d0,Nicolet Dyer,Lee's Summit MO PD,349,"06/09/2026, 12:30:46 PM UTC
07/09/2026, 12:30:46 PM UTC",REDACTED ,Motor Vehicle Theft/Stolen,REDACTED ,,"07/09/2026, 12:11:49 PM UTC",lookup,,
bf98158f-1812-48d5-b636-7f7906dd35db,Nicolet Dyer,Lee's Summit MO PD,1079,"07/09/2026, 10:30:02 AM UTC
07/09/2026, 12:30:02 PM UTC",REDACTED ,Motor Vehicle Theft/Stolen,REDACTED ,,"07/09/2026, 12:11:39 PM UTC",lookup,,
49a8a729-769e-4a5b-98b4-c6535e9752f7,Jacob Henderson,Lee's Summit MO PD,1078,"07/09/2026, 05:30:00 AM UTC
07/09/2026, 08:00:00 AM UTC",REDACTED ,Criminal Motor Vehicle Offense (incl. Road Rage/Reckless) - FLEEING VEHICLE,REDACTED ,missouri,"07/09/2026, 07:47:52 AM UTC",lookup,,
c0bbd033-a1d0-4c97-ac4b-bacd823ad94c,Jacob Henderson,Lee's Summit MO PD,1078,"07/09/2026, 05:30:00 AM UTC
07/09/2026, 08:00:00 AM UTC",REDACTED ,Criminal Motor Vehicle Offense (incl. Road Rage/Reckless) - FLEEING VEHICLE,REDACTED ,missouri,"07/09/2026, 07:47:49 AM UTC",lookup,,
4eebf1e5-0295-436b-91b5-8f08d0849341,Jacob Henderson,Lee's Summit MO PD,1078,"07/09/2026, 05:30:00 AM UTC
07/09/2026, 08:00:00 AM UTC",REDACTED ,Criminal Motor Vehicle Offense (incl. Road Rage/Reckless) - FLEEING VEHICLE,REDACTED ,missouri,"07/09/2026, 07:47:47 AM UTC",lookup,,
f249db04-ed09-48cf-b59a-022da2d684ec,Jacob Henderson,Lee's Summit MO PD,1078,"07/08/2026, 08:00:57 AM UTC
07/09/2026, 08:00:57 AM UTC",REDACTED ,Criminal Motor Vehicle Offense (incl. Road Rage/Reckless) - FLEEING VEHICLE,REDACTED ,missouri,"07/09/2026, 07:46:59 AM UTC",lookup,,
093dd8d0-cf6e-4bc5-8d1f-ff3b709dd498,Jordan McWhorter,Lee's Summit MO PD,6255,"06/09/2026, 06:12:47 AM UTC
07/09/2026, 06:12:47 AM UTC",REDACTED ,Larceny/Theft Offenses,REDACTED ,,"07/09/2026, 06:12:50 AM UTC",lookup,,
c5029b56-0147-4bee-9c35-75310c5fe0e2,Jordan McWhorter,Lee's Summit MO PD,1078,"07/08/2026, 04:00:00 PM UTC
07/09/2026, 06:30:00 AM UTC",REDACTED ,Larceny/Theft Offenses,REDACTED ,"kansas, 2023","07/09/2026, 06:12:22 AM UTC",search,,
27f76b60-ec55-4759-9ea1-91906a4b9b2e,Gerard Tiedemann,Lee's Summit MO PD,1078,"07/09/2026, 04:00:39 AM UTC
07/09/2026, 06:00:39 AM UTC",REDACTED ,Hit and Run/Car Accident - FLEEING,REDACTED ,,"07/09/2026, 05:39:39 AM UTC",lookup,,
a98a403e-c2f1-4e06-a630-b83d6910e394,Gerard Tiedemann,Lee's Summit MO PD,2,"07/09/2026, 04:00:39 AM UTC
07/09/2026, 06:00:39 AM UTC",REDACTED ,Hit and Run/Car Accident - FLEEING,REDACTED ,,"07/09/2026, 05:39:35 AM UTC",lookup,,
d8c8c9bf-d201-4817-b5f7-c63a63dc95b0,Gerard Tiedemann,Lee's Summit MO PD,2,"07/09/2026, 04:00:39 AM UTC
07/09/2026, 06:00:39 AM UTC",REDACTED ,Alcohol Offenses (Non-DUI),REDACTED ,,"07/09/2026, 05:38:46 AM UTC",lookup,,
47e14217-2290-4f3c-a59e-b03c2d274a6c,Gerard Tiedemann,Lee's Summit MO PD,2,"07/09/2026, 04:00:39 AM UTC
07/09/2026, 06:00:39 AM UTC",REDACTED ,Alcohol Offenses (Non-DUI),REDACTED ,,"07/09/2026, 05:38:33 AM UTC",lookup,,
112183fe-02b5-4ce9-9662-14a4c4dd2112,Gerard Tiedemann,Lee's Summit MO PD,2,"07/09/2026, 04:00:37 AM UTC
07/09/2026, 06:00:37 AM UTC",REDACTED ,Motor Vehicle Theft/Stolen,REDACTED ,,"07/09/2026, 05:34:30 AM UTC",search,,
0f90c772-86c5-44e6-8941-11e19060e24d,Gerard Tiedemann,Lee's Summit MO PD,1078,"07/09/2026, 04:00:37 AM UTC
07/09/2026, 06:00:37 AM UTC",REDACTED ,Motor Vehicle Theft/Stolen,REDACTED ,,"07/09/2026, 05:32:43 AM UTC",search,,
be7dc833-eb45-47e6-9fa8-d1ff4d10049b,Brent Evans,Lee's Summit MO PD,1055,"06/09/2026, 03:57:17 AM UTC
07/09/2026, 03:57:17 AM UTC",REDACTED ,Drugs/Narcotics - Drug Investigation,REDACTED ,,"07/09/2026, 03:57:18 AM UTC",lookup - Mobile,,
510f60f8-0534-428c-901c-7e00e624a810,Brent Evans,Lee's Summit MO PD,1055,"07/08/2026, 03:56:42 AM UTC
07/09/2026, 03:56:42 AM UTC",REDACTED ,Drugs/Narcotics - Drug Investigation,REDACTED ,,"07/09/2026, 03:56:45 AM UTC",lookup - Mobile,,
39e70dc8-d109-4229-bff1-da625b82695a,Jennifer Maynard,Lee's Summit MO PD,1055,"07/08/2026, 02:40:15 AM UTC
07/09/2026, 02:40:15 AM UTC",REDACTED ,Drugs/Narcotics,REDACTED ,EM5J,"07/09/2026, 02:40:18 AM UTC",search - Mobile,,
847af946-f658-44ec-8993-955773319e2e,Jacob Henderson,Lee's Summit MO PD,6255,"06/09/2026, 02:30:36 AM UTC
07/09/2026, 02:30:36 AM UTC",REDACTED ,Criminal Motor Vehicle Offense (incl. Road Rage/Reckless) - FLEEING VEHICLE,REDACTED ,,"07/09/2026, 02:17:40 AM UTC",lookup,,
ee2194cf-6eda-4e05-9747-afbae0591a55,Jacob Henderson,Lee's Summit MO PD,349,"06/09/2026, 02:00:14 AM UTC
07/09/2026, 02:00:14 AM UTC",REDACTED ,Criminal Motor Vehicle Offense (incl. Road Rage/Reckless) - FLEEING VEHICLE,REDACTED ,,"07/09/2026, 02:17:25 AM UTC",lookup,,
dcb20452-20a8-4c34-abeb-56693f1cf984,Jacob Henderson,Lee's Summit MO PD,349,"06/09/2026, 02:00:14 AM UTC
07/09/2026, 02:00:14 AM UTC",REDACTED ,Criminal Motor Vehicle Offense (incl. Road Rage/Reckless) - FLEEING VEHICLE,REDACTED ,,"07/09/2026, 02:08:27 AM UTC",lookup,,
3ea062de-963e-4db9-a84f-6c250188ab8f,Jacob Henderson,Lee's Summit MO PD,349,"06/09/2026, 02:00:14 AM UTC
07/09/2026, 02:00:14 AM UTC",REDACTED ,Criminal Motor Vehicle Offense (incl. Road Rage/Reckless) - FLEEING VEHICLE,REDACTED ,,"07/09/2026, 01:52:16 AM UTC",lookup,,
3d920d28-636c-4d4d-bd91-d9e4807b008d,Jacob Henderson,Lee's Summit MO PD,2,"06/09/2026, 01:30:24 AM UTC
07/09/2026, 01:30:24 AM UTC",REDACTED ,Criminal Motor Vehicle Offense (incl. Road Rage/Reckless) - FLEEING VEHICLE,REDACTED ,,"07/09/2026, 01:52:08 AM UTC",lookup,,
46b667b9-c44a-46c8-83a3-7d5ac917e092,Jacob Henderson,Lee's Summit MO PD,2,"06/09/2026, 01:30:24 AM UTC
07/09/2026, 01:30:24 AM UTC",REDACTED ,Criminal Motor Vehicle Offense (incl. Road Rage/Reckless) - FLEEING VEHICLE,REDACTED ,,"07/09/2026, 01:14:31 AM UTC",lookup,,
a395cec0-aa09-420d-8653-750a8be660d2,Jacob Henderson,Lee's Summit MO PD,6255,"06/09/2026, 01:06:30 AM UTC
07/09/2026, 01:06:30 AM UTC",REDACTED ,Criminal Motor Vehicle Offense (incl. Road Rage/Reckless) - FLEEING VEHICLE,REDACTED ,,"07/09/2026, 01:06:34 AM UTC",lookup,,
76dca10b-d6da-495a-a1cf-2057f1fc1155,Jacob Henderson,Lee's Summit MO PD,349,"06/09/2026, 01:30:17 AM UTC
07/09/2026, 01:30:17 AM UTC",REDACTED ,Criminal Motor Vehicle Offense (incl. Road Rage/Reckless) - FLEEING VEHICLE,REDACTED ,,"07/09/2026, 01:06:20 AM UTC",lookup,,
02fd8f15-9ddd-4232-a059-d011d709eb6a,Jacob Henderson,Lee's Summit MO PD,1078,"07/07/2026, 01:00:14 AM UTC
07/09/2026, 01:00:14 AM UTC",REDACTED ,Criminal Motor Vehicle Offense (incl. Road Rage/Reckless) - FLEEING VEHICLE,REDACTED ,"Sedan, Coupe, Hatchback, Wagon, red, brown","07/09/2026, 01:06:07 AM UTC",lookup,,
ae90f296-5dda-4b58-9889-d66e36483b99,Jordan McWhorter,Lee's Summit MO PD,2,"06/09/2026, 01:03:21 AM UTC
07/09/2026, 01:03:21 AM UTC",REDACTED ,Obstructing the Police (Fleeing/Eluding),REDACTED ,,"07/09/2026, 01:03:24 AM UTC",lookup,,
5aca4776-1f64-4e44-9e82-e53d722249e0,Jordan McWhorter,Lee's Summit MO PD,1078,"07/09/2026, 12:00:00 AM UTC
07/09/2026, 12:20:00 AM UTC",REDACTED ,Obstructing the Police (Fleeing/Eluding),REDACTED ,Sedan,"07/09/2026, 01:01:35 AM UTC",search,,
99dea419-c223-492f-b542-01b50603dee5,Jacob Henderson,Lee's Summit MO PD,1078,"07/07/2026, 01:00:14 AM UTC
07/09/2026, 01:00:14 AM UTC",REDACTED ,Criminal Motor Vehicle Offense (incl. Road Rage/Reckless) - FLEEING VEHICLE,REDACTED ,"Sedan, Coupe, Hatchback, Wagon, red, brown","07/09/2026, 12:52:17 AM UTC",search,,
3af1874f-15a7-45bf-97c5-c653527574b0,Jennifer Maynard,Lee's Summit MO PD,1055,"07/08/2026, 12:52:06 AM UTC
07/09/2026, 12:52:06 AM UTC",REDACTED ,Drugs/Narcotics,REDACTED ,"kansas, 459RV","07/09/2026, 12:52:08 AM UTC",search - Mobile,,
b724c0ab-6152-4bdb-91ff-e63b453a4c47,Jordan McWhorter,Lee's Summit MO PD,1078,"07/08/2026, 11:00:23 PM UTC
07/09/2026, 01:00:23 AM UTC",REDACTED ,Larceny/Theft Offenses,REDACTED ,"Nissan, white, kansas","07/09/2026, 12:46:32 AM UTC",search,,
0f4224c0-2050-472d-abf9-912cb5d111ec,Jordan McWhorter,Lee's Summit MO PD,1078,"07/08/2026, 11:00:23 PM UTC
07/09/2026, 01:00:23 AM UTC",REDACTED ,Larceny/Theft Offenses,REDACTED ,"Nissan, kansas","07/09/2026, 12:46:23 AM UTC",search,,
907a9be9-f746-4898-9a37-7f913a1a27f4,Jordan McWhorter,Lee's Summit MO PD,1078,"07/08/2026, 11:00:23 PM UTC
07/09/2026, 01:00:23 AM UTC",REDACTED ,Larceny/Theft Offenses,REDACTED ,Nissan,"07/09/2026, 12:45:43 AM UTC",search,,
3acff012-c3e5-4af2-85dd-8b3d6a640cf0,Jordan McWhorter,Lee's Summit MO PD,1078,"07/08/2026, 11:00:23 PM UTC
07/09/2026, 01:00:23 AM UTC",REDACTED ,Larceny/Theft Offenses,REDACTED ,,"07/09/2026, 12:45:28 AM UTC",search,,
d764a134-8b47-4f19-8064-007defcb4a77,Jacob Henderson,Lee's Summit MO PD,1078,"07/07/2026, 01:00:14 AM UTC
07/09/2026, 01:00:14 AM UTC",REDACTED ,Criminal Motor Vehicle Offense (incl. Road Rage/Reckless) - FLEEING VEHICLE,REDACTED ,"Sedan, Coupe, Hatchback, Wagon, red, brown","07/09/2026, 12:45:24 AM UTC",search,,
e90d9bf8-0276-44b6-8cc5-42503d3bf9fa,Bryan Gilbert,Lee's Summit MO PD,1079,"07/07/2026, 11:00:00 PM UTC
07/08/2026, 12:00:00 AM UTC",REDACTED ,Larceny/Theft Offenses -,REDACTED ,"Sedan, Coupe, Convertible, Hatchback, Wagon, Kia, black","07/09/2026, 12:43:18 AM UTC",search,,
fbdcad10-bfac-4a6d-9c1b-25d0c155ddef,Jacob Henderson,Lee's Summit MO PD,1078,"07/08/2026, 10:30:39 PM UTC
07/09/2026, 12:30:39 AM UTC",REDACTED ,Criminal Motor Vehicle Offense (incl. Road Rage/Reckless) - FLEEING VEHICLE,REDACTED ,"Sedan, Coupe, Hatchback, Wagon, red, brown","07/09/2026, 12:42:03 AM UTC",search,,
9fe994d0-8315-45a8-84ed-394bb6b81e83,Jennifer Maynard,Lee's Summit MO PD,1055,"06/25/2026, 12:41:48 AM UTC
07/09/2026, 12:41:48 AM UTC",REDACTED ,Drugs/Narcotics,REDACTED ,,"07/09/2026, 12:41:49 AM UTC",lookup - Mobile,,
cde0a635-d07a-4ab3-aae5-40202a0791d2,Jennifer Maynard,Lee's Summit MO PD,1055,"07/08/2026, 12:40:50 AM UTC
07/09/2026, 12:40:50 AM UTC",REDACTED ,Drugs/Narcotics,REDACTED ,"kansas, REDACTED ","07/09/2026, 12:40:51 AM UTC",search - Mobile,,
85276472-09a1-4918-8908-c65a885bf474,Jennifer Maynard,Lee's Summit MO PD,1055,"07/08/2026, 12:38:56 AM UTC
07/09/2026, 12:38:56 AM UTC",REDACTED ,Drugs/Narcotics,REDACTED ,"kansas, REDACTED ","07/09/2026, 12:38:58 AM UTC",search - Mobile,,
8ee32a36-1e4c-4bf4-b85a-42222da856f0,Jennifer Maynard,Lee's Summit MO PD,1055,"07/08/2026, 12:38:20 AM UTC
07/09/2026, 12:38:20 AM UTC",REDACTED ,Drugs/Narcotics,REDACTED ,"kansas, REDACTED ","07/09/2026, 12:38:22 AM UTC",search - Mobile,,
897a5624-8f1e-45fc-893f-1f21c1ef702e,Jacob Henderson,Lee's Summit MO PD,1078,"07/08/2026, 10:30:39 PM UTC
07/09/2026, 12:30:39 AM UTC",REDACTED ,Criminal Motor Vehicle Offense (incl. Road Rage/Reckless) - FLEEING VEHICLE,REDACTED ,"Sedan, Coupe, Hatchback, Wagon, Acura, Lexus, red, brown","07/09/2026, 12:31:18 AM UTC",search,,
963d9bcd-b402-41e2-bbd3-c09ec64a919b,Jacob Henderson,Lee's Summit MO PD,2,"07/08/2026, 10:30:39 PM UTC
07/09/2026, 12:30:39 AM UTC",REDACTED ,Criminal Motor Vehicle Offense (incl. Road Rage/Reckless) - FLEEING VEHICLE,REDACTED ,"Sedan, Coupe, Hatchback, Wagon, red, brown","07/09/2026, 12:30:37 AM UTC",search,,
470d307a-6cb7-4608-826a-9143253f8654,Jacob Henderson,Lee's Summit MO PD,2,"07/08/2026, 10:30:39 PM UTC
07/09/2026, 12:30:39 AM UTC",REDACTED ,Criminal Motor Vehicle Offense (incl. Road Rage/Reckless) - FLEEING VEHICLE,REDACTED ,"Sedan, Coupe, Convertible, Hatchback, Wagon, red, brown","07/09/2026, 12:29:21 AM UTC",search,,
7b021a82-bf30-42f1-89c3-0716a09a41e1,Jacob Henderson,Lee's Summit MO PD,1078,"07/08/2026, 10:30:54 PM UTC
07/09/2026, 12:30:54 AM UTC",REDACTED ,Criminal Motor Vehicle Offense (incl. Road Rage/Reckless) - FLEEING VEHICLE,REDACTED ,"Sedan, Coupe, Convertible, Hatchback, Wagon, red, brown","07/09/2026, 12:26:39 AM UTC",search,,
82d07ecb-8276-4733-8006-a1f1f507ec7d,Jacob White,Lee's Summit MO PD,1078,"07/01/2026, 10:30:08 PM UTC
07/08/2026, 10:30:08 PM UTC",REDACTED ,Wanted Person (Arrest Warrant/Fugitive),REDACTED ,,"07/08/2026, 10:29:10 PM UTC",lookup,,
c7915296-f5c6-4020-8bad-8370b835f33c,Jacob White,Lee's Summit MO PD,1078,"07/07/2026, 10:30:14 PM UTC
07/08/2026, 10:30:14 PM UTC",REDACTED ,Wanted Person (Arrest Warrant/Fugitive),REDACTED ,,"07/08/2026, 10:28:16 PM UTC",lookup,,
e2eaef18-d3ff-4ba6-9fc2-2a1e92b3ac31,Jennifer Maynard,Lee's Summit MO PD,1055,"06/24/2026, 10:15:16 PM UTC
07/08/2026, 10:15:16 PM UTC",REDACTED ,Drugs/Narcotics,REDACTED ,"kansas, REDACTED ","07/08/2026, 10:15:23 PM UTC",search - Mobile,,
4f3c5012-df07-40b4-817d-195991a13ef8,Jennifer Maynard,Lee's Summit MO PD,1055,"07/07/2026, 10:14:16 PM UTC
07/08/2026, 10:14:16 PM UTC",REDACTED ,Drugs/Narcotics,REDACTED ,"kansas, REDACTED ","07/08/2026, 10:14:40 PM UTC",search - Mobile,,
b1f267a4-1b7a-4277-8c02-3104864a9427,William Foutz,Lee's Summit MO PD,1079,"06/01/2026, 08:00:00 PM UTC
07/08/2026, 10:00:00 PM UTC",REDACTED ,Financial Crime (Embezzlement/Fraud) - SUSP VEH ID,REDACTED ,,"07/08/2026, 09:51:10 PM UTC",lookup,,
5fbc2acd-77bc-4872-88d3-c8f38b00c330,Phillip Stewart,Lee's Summit MO PD,1079,"06/08/2026, 08:00:06 PM UTC
07/08/2026, 08:00:06 PM UTC",REDACTED ,Motor Vehicle Theft/Stolen - ,REDACTED ,,"07/08/2026, 07:39:23 PM UTC",lookup,,
e0911e4e-bd75-4785-981f-467e61bd5c60,Phillip Stewart,Lee's Summit MO PD,1079,"06/08/2026, 08:00:06 PM UTC
07/08/2026, 08:00:06 PM UTC",REDACTED ,Motor Vehicle Theft/Stolen ,REDACTED ,,"07/08/2026, 07:38:58 PM UTC",lookup,,
c10f9706-4776-433c-90dc-8732c454e6d1,Phillip Stewart,Lee's Summit MO PD,1079,"06/08/2026, 08:00:06 PM UTC
07/08/2026, 08:00:06 PM UTC",REDACTED ,Motor Vehicle Theft/Stolen -,REDACTED ,,"07/08/2026, 07:37:09 PM UTC",lookup,,
aa9b8da7-8461-453b-8261-31ab4686b10e,Phillip Stewart,Lee's Summit MO PD,1079,"07/01/2026, 07:30:02 PM UTC
07/08/2026, 07:30:02 PM UTC",REDACTED ,Motor Vehicle Theft/Stolen - ,REDACTED ,,"07/08/2026, 07:31:02 PM UTC",lookup,,
d4530270-d00f-47ef-a699-881451570b7e,Phillip Stewart,Lee's Summit MO PD,1079,"07/01/2026, 07:30:02 PM UTC
07/08/2026, 07:30:02 PM UTC",REDACTED ,Motor Vehicle Theft/Stolen - ,REDACTED ,,"07/08/2026, 07:29:20 PM UTC",lookup,,
5fe80aef-6bbe-450e-847b-a1551ae70ebb,Phillip Stewart,Lee's Summit MO PD,1079,"07/01/2026, 07:30:02 PM UTC
07/08/2026, 07:30:02 PM UTC",REDACTED ,Motor Vehicle Theft/Stolen - ,REDACTED ,,"07/08/2026, 07:29:05 PM UTC",lookup,,
040c0003-4a44-4f8b-8f14-2ee4a5011720,Brent Evans,Lee's Summit MO PD,1079,"06/08/2026, 07:30:41 PM UTC
07/08/2026, 07:30:41 PM UTC",REDACTED ,Protective/Protection Order - Officer Safety,REDACTED ,kansas,"07/08/2026, 07:20:03 PM UTC",lookup,,
a0b1d7c5-4183-4444-bc9a-c404bc5271c9,Brent Evans,Lee's Summit MO PD,1079,"06/08/2026, 07:30:41 PM UTC
07/08/2026, 07:30:41 PM UTC",REDACTED ,Protective/Protection Order - Officer Safety,REDACTED ,kansas,"07/08/2026, 07:19:44 PM UTC",lookup,,
11047f1f-23a1-49e8-b68b-ee90b9e88e93,Phillip Stewart,Lee's Summit MO PD,1079,"07/07/2026, 12:00:00 PM UTC
07/07/2026, 11:00:00 PM UTC",REDACTED ,Motor Vehicle Theft/Stolen -,REDACTED ,,"07/08/2026, 07:15:44 PM UTC",lookup,,
8d5c3a71-9eb4-45fd-935a-2a8657be1f04,Phillip Stewart,Lee's Summit MO PD,1079,"07/07/2026, 12:00:00 PM UTC
07/07/2026, 11:00:00 PM UTC",REDACTED ,Motor Vehicle Theft/Stolen - ,REDACTED ,,"07/08/2026, 07:15:24 PM UTC",search,,
97f438cc-ab1e-41af-9159-e7885a831384,David Arnold,Lee's Summit MO PD,1079,"06/08/2026, 06:00:06 PM UTC
07/08/2026, 06:00:06 PM UTC",REDACTED ,Destruction/Damage/Vandalism of Property,REDACTED ,,"07/08/2026, 06:44:38 PM UTC",lookup,,
236e02be-8692-4ef5-9606-3b484b08d659,William Foutz,Lee's Summit MO PD,2,"07/03/2026, 08:00:00 PM UTC
07/03/2026, 09:30:00 PM UTC",REDACTED ,Financial Crime (Embezzlement/Fraud) - SUSP VEH ID,REDACTED ,"Pickup, Ram, black","07/08/2026, 06:44:20 PM UTC",search,,
4cabe1aa-435f-42ce-800e-3898631bbae1,William Foutz,Lee's Summit MO PD,2,"07/03/2026, 08:00:00 PM UTC
07/03/2026, 09:30:00 PM UTC",REDACTED ,Financial Crime (Embezzlement/Fraud) - SUSP VEH ID,REDACTED ,"Pickup, Ram, black","07/08/2026, 06:39:47 PM UTC",search,,
bc7fe581-7ccd-4456-9373-155ca7dc157d,William Foutz,Lee's Summit MO PD,3,"07/03/2026, 09:30:00 PM UTC
07/03/2026, 10:30:00 PM UTC",REDACTED ,Financial Crime (Embezzlement/Fraud) - SUSP VEH ID,REDACTED ,"Pickup, Ram, black","07/08/2026, 06:38:59 PM UTC",search,,
6f3409cc-4b96-434b-afdb-7ca0810be311,William Foutz,Lee's Summit MO PD,3,"07/03/2026, 09:30:00 PM UTC
07/03/2026, 10:30:00 PM UTC",REDACTED ,Financial Crime (Embezzlement/Fraud) - SUSP VEH ID,REDACTED ,"Pickup, Ram, black","07/08/2026, 06:38:35 PM UTC",search,,
f03327bc-bc43-4bcf-846e-6d08e18e5773,William Foutz,Lee's Summit MO PD,3,"07/03/2026, 09:30:00 PM UTC
07/03/2026, 10:30:00 PM UTC",REDACTED ,Financial Crime (Embezzlement/Fraud) - SUSP VEH ID,REDACTED ,"Pickup, Ram, black","07/08/2026, 06:38:21 PM UTC",search,,
aa3cb7d1-5e36-49d9-8b09-99125423592c,William Foutz,Lee's Summit MO PD,3,"07/03/2026, 09:30:00 PM UTC
07/03/2026, 10:30:00 PM UTC",REDACTED ,Financial Crime (Embezzlement/Fraud) - SUSP VEH ID,REDACTED ,"Pickup, black","07/08/2026, 06:34:48 PM UTC",search,,
ee35f9ce-b5d7-4757-b50c-79f6094ecd34,William Foutz,Lee's Summit MO PD,3,"07/03/2026, 09:35:00 PM UTC
07/03/2026, 10:30:00 PM UTC",REDACTED ,Financial Crime (Embezzlement/Fraud) - SUSP VEH ID,REDACTED ,"Pickup, black","07/08/2026, 06:34:18 PM UTC",search,,
dd2c92d2-c9d4-4569-8587-e6f44ebcdec6,William Foutz,Lee's Summit MO PD,2,"07/03/2026, 09:35:00 PM UTC
07/03/2026, 10:30:00 PM UTC",REDACTED ,Financial Crime (Embezzlement/Fraud) - SUSP VEH ID,REDACTED ,"Pickup, black","07/08/2026, 06:33:07 PM UTC",search,,
571506f3-43f9-4d93-a246-ad1d351d4c09,William Foutz,Lee's Summit MO PD,2,"07/03/2026, 09:35:00 PM UTC
07/03/2026, 10:30:00 PM UTC",REDACTED ,Financial Crime (Embezzlement/Fraud) - SUSP VEH ID,REDACTED ,"Pickup, Ram, black","07/08/2026, 06:32:31 PM UTC",search,,
1c12efa8-6daa-46f8-a37c-d79a7814e9da,William Foutz,Lee's Summit MO PD,2,"07/03/2026, 09:35:00 PM UTC
07/03/2026, 10:30:00 PM UTC",REDACTED ,Financial Crime (Embezzlement/Fraud) - SUSP VEH ID,REDACTED ,"Pickup, Ram, black","07/08/2026, 06:32:09 PM UTC",search,,
ac7a8f35-d6c3-4eeb-a8ba-b104f25d1fd8,Phillip Stewart,Lee's Summit MO PD,1079,"07/07/2026, 12:00:00 PM UTC
07/07/2026, 11:00:00 PM UTC",REDACTED ,Motor Vehicle Theft/Stolen - ,REDACTED ,,"07/08/2026, 06:30:13 PM UTC",lookup,,
6ab662ee-147c-4903-8a04-297c28f4eb4d,Phillip Stewart,Lee's Summit MO PD,1079,"07/07/2026, 12:00:00 PM UTC
07/07/2026, 11:00:00 PM UTC",REDACTED ,Motor Vehicle Theft/Stolen -,REDACTED ,,"07/08/2026, 06:30:01 PM UTC",lookup,,
d0d2bc4d-3020-41d6-852b-c3ac37ab4ab9,Phillip Stewart,Lee's Summit MO PD,1079,"06/24/2026, 06:30:16 PM UTC
07/08/2026, 06:30:16 PM UTC",REDACTED ,Motor Vehicle Theft/Stolen -,REDACTED ,,"07/08/2026, 06:28:18 PM UTC",lookup,,
dd38b117-c48c-4599-93c9-92948a3168f2,Phillip Stewart,Lee's Summit MO PD,1079,"07/08/2026, 02:30:00 AM UTC
07/08/2026, 06:30:00 PM UTC",REDACTED ,Motor Vehicle Theft/Stolen - ,REDACTED ,,"07/08/2026, 06:26:48 PM UTC",lookup,,
dc533edc-9a6e-4a64-a06e-bf8f3193a827,Phillip Stewart,Lee's Summit MO PD,1079,"06/08/2026, 06:30:11 PM UTC
07/08/2026, 06:30:11 PM UTC",REDACTED ,Motor Vehicle Theft/Stolen - ,REDACTED ,,"07/08/2026, 06:26:14 PM UTC",lookup,,
e739edf4-a970-4dd4-a13d-96532e35d2e3,Phillip Stewart,Lee's Summit MO PD,1079,"07/07/2026, 02:30:00 PM UTC
07/08/2026, 06:30:00 PM UTC",REDACTED ,Motor Vehicle Theft/Stolen - ,REDACTED ,,"07/08/2026, 06:25:59 PM UTC",lookup,,
44d22293-9944-495c-b534-fdced4f46af8,Amanda Schulte,Lee's Summit MO PD,1079,"06/08/2026, 06:30:41 PM UTC
07/08/2026, 06:30:41 PM UTC",REDACTED ,Burglary/Breaking & Entering,REDACTED ,kansas,"07/08/2026, 06:23:44 PM UTC",lookup,,
285bbff0-15ef-4e65-9937-a2d92177e800,William Foutz,Lee's Summit MO PD,41,"07/03/2026, 09:15:00 PM UTC
07/04/2026, 01:30:00 AM UTC",REDACTED ,Financial Crime (Embezzlement/Fraud) - SUSP VEH ID,REDACTED ,,"07/08/2026, 06:17:11 PM UTC",freeform,objectClass:vehicle black truck godfather king block,allow
4154d5ca-5b16-46cd-8e56-00fa6b406ad5,William Foutz,Lee's Summit MO PD,41,"07/03/2026, 09:15:00 PM UTC
07/04/2026, 01:30:00 AM UTC",REDACTED ,Financial Crime (Embezzlement/Fraud) - SUSP VEH ID,REDACTED ,,"07/08/2026, 06:16:13 PM UTC",freeform,objectClass:vehicle black truck godfather,allow
5e409d10-ed95-4487-9a5a-187b882ac2cb,William Foutz,Lee's Summit MO PD,41,"07/03/2026, 09:15:00 PM UTC
07/04/2026, 01:30:00 AM UTC",REDACTED ,Financial Crime (Embezzlement/Fraud) - SUSP VEH ID,REDACTED ,,"07/08/2026, 06:15:53 PM UTC",freeform,objectClass:vehicle godfather,allow
95a6e09c-6eb4-42cd-a55e-dd1b5ad67d43,William Foutz,Lee's Summit MO PD,41,"07/03/2026, 09:15:00 PM UTC
07/04/2026, 01:30:00 AM UTC",REDACTED ,Financial Crime (Embezzlement/Fraud) - SUSP VEH ID,REDACTED ,,"07/08/2026, 06:15:01 PM UTC",freeform,objectClass:vehicle black ram with boxes and tailgate down,allow
4d0151c9-89ec-45ef-8892-0a5c0cbf3ee6,William Foutz,Lee's Summit MO PD,2,"07/03/2026, 09:15:00 PM UTC
07/04/2026, 01:30:00 AM UTC",REDACTED ,Financial Crime (Embezzlement/Fraud) - SUSP VEH ID,REDACTED ,,"07/08/2026, 06:13:27 PM UTC",freeform,objectClass:vehicle black ram with boxes and tailgate down,allow
67ace5c0-711f-4603-9f91-c000282ac870,William Foutz,Lee's Summit MO PD,2,"07/03/2026, 09:15:00 PM UTC
07/04/2026, 01:30:00 AM UTC",REDACTED ,Financial Crime (Embezzlement/Fraud) - SUSP VEH ID,REDACTED ,,"07/08/2026, 06:11:42 PM UTC",freeform,objectClass:vehicle godfather,allow
1b82ea98-934b-4069-bed3-cf61fdb812a7,William Foutz,Lee's Summit MO PD,2,"07/03/2026, 09:35:00 PM UTC
07/03/2026, 10:00:00 PM UTC",REDACTED ,Financial Crime (Embezzlement/Fraud) - SUSP VEH ID,REDACTED ,"Pickup, Ram, black","07/08/2026, 06:10:10 PM UTC",search,,
8ac415ea-3c6f-474f-8083-5c86fba03567,William Foutz,Lee's Summit MO PD,2,"07/03/2026, 09:35:00 PM UTC
07/03/2026, 10:00:00 PM UTC",REDACTED ,Financial Crime (Embezzlement/Fraud) - SUSP VEH ID,REDACTED ,"Pickup, Ram, black","07/08/2026, 06:09:59 PM UTC",search,,
3b4516ae-e692-43c1-a77f-841af69f573b,William Foutz,Lee's Summit MO PD,2,"07/03/2026, 09:35:00 PM UTC
07/03/2026, 10:00:00 PM UTC",REDACTED ,Financial Crime (Embezzlement/Fraud) - SUSP VEH ID,REDACTED ,"Pickup, Ram, black","07/08/2026, 06:09:28 PM UTC",search,,
6c5af0e5-3288-4a4e-859f-987a5441f5a4,William Foutz,Lee's Summit MO PD,2,"07/03/2026, 09:35:00 PM UTC
07/03/2026, 10:00:00 PM UTC",REDACTED ,Financial Crime (Embezzlement/Fraud) - SUSP VEH ID,REDACTED ,"Pickup, Ram, black","07/08/2026, 06:08:38 PM UTC",search,,
0e885dc7-0801-4538-9b2e-5a4c4af9bbc8,William Foutz,Lee's Summit MO PD,2,"07/03/2026, 09:35:00 PM UTC
07/03/2026, 10:50:00 PM UTC",REDACTED ,Financial Crime (Embezzlement/Fraud) - SUSP VEH ID,REDACTED ,"Pickup, Ram, black","07/08/2026, 06:08:03 PM UTC",search,,
c2d2cbc6-a0f5-42fb-a1d7-37963d7fc0a3,William Foutz,Lee's Summit MO PD,2,"07/03/2026, 09:15:00 PM UTC
07/03/2026, 10:00:00 PM UTC",REDACTED ,Financial Crime (Embezzlement/Fraud) - SUSP VEH ID,REDACTED ,,"07/08/2026, 06:01:24 PM UTC",freeform,objectClass:vehicle godfather,allow
c9bfc7b4-5fc1-4c30-a312-e3e1c389d19a,William Foutz,Lee's Summit MO PD,2,"07/03/2026, 09:15:00 PM UTC
07/03/2026, 10:00:00 PM UTC",REDACTED ,Financial Crime (Embezzlement/Fraud) - SUSP VEH ID,REDACTED ,,"07/08/2026, 05:53:19 PM UTC",freeform,objectClass:vehicle dark pickup with large boxes and no tailgate,allow
2b7cd7c3-7cd9-4d3a-a183-742c6f285a4e,William Foutz,Lee's Summit MO PD,2,"07/03/2026, 09:00:00 PM UTC
07/03/2026, 10:00:00 PM UTC",REDACTED ,Financial Crime (Embezzlement/Fraud) - SUSP VEH ID,REDACTED ,"Pickup, black","07/08/2026, 05:51:31 PM UTC",search,,
95b2c9d0-f2c4-4065-8d29-62af21030330,William Foutz,Lee's Summit MO PD,2,"07/03/2026, 09:00:00 PM UTC
07/03/2026, 09:30:00 PM UTC",REDACTED ,Financial Crime (Embezzlement/Fraud) - SUSP VEH ID,REDACTED ,"Pickup, black","07/08/2026, 05:50:55 PM UTC",search,,
dfe61d5d-b165-4af6-84ba-4b8556fd5bda,William Foutz,Lee's Summit MO PD,2,"07/03/2026, 09:15:00 PM UTC
07/03/2026, 09:30:00 PM UTC",REDACTED ,Financial Crime (Embezzlement/Fraud) - SUSP VEH ID,REDACTED ,"Pickup, black","07/08/2026, 05:50:00 PM UTC",search,,
2341a450-737e-4017-9ce3-e365b500d586,William Foutz,Lee's Summit MO PD,2,"07/03/2026, 09:15:00 PM UTC
07/03/2026, 09:30:00 PM UTC",REDACTED ,Financial Crime (Embezzlement/Fraud) - SUSP VEH ID,REDACTED ,"Pickup, black","07/08/2026, 05:49:33 PM UTC",search,,
d24c30df-3eba-4e9a-a781-76aa3246d35d,David Arnold,Lee's Summit MO PD,1079,"06/08/2026, 06:00:06 PM UTC
07/08/2026, 06:00:06 PM UTC",REDACTED ,Destruction/Damage/Vandalism of Property,REDACTED ,,"07/08/2026, 05:49:17 PM UTC",lookup,,
f72d655d-3652-4653-bbcb-d9cbb1b6e7d9,William Foutz,Lee's Summit MO PD,2,"07/03/2026, 09:15:00 PM UTC
07/03/2026, 09:30:00 PM UTC",REDACTED ,Financial Crime (Embezzlement/Fraud) - SUSP VEH ID,REDACTED ,"Pickup, black","07/08/2026, 05:43:38 PM UTC",search,,
8fe70196-e8d1-4d9b-a509-3dadecd1f29c,William Foutz,Lee's Summit MO PD,2,"07/03/2026, 09:15:00 PM UTC
07/03/2026, 09:30:00 PM UTC",REDACTED ,Financial Crime (Embezzlement/Fraud) - SUSP VEH ID,REDACTED ,"Pickup, black","07/08/2026, 05:43:21 PM UTC",search,,
56caec4d-95c0-46a3-abaa-95ba0cb69359,William Foutz,Lee's Summit MO PD,2,"07/03/2026, 08:00:00 PM UTC
07/03/2026, 09:30:00 PM UTC",REDACTED ,Financial Crime (Embezzlement/Fraud) - SUSP VEH ID,REDACTED ,"Pickup, black","07/08/2026, 05:42:37 PM UTC",search,,
e8e6e5b4-e6aa-4d60-a65b-d4cf5f2769bd,Mahmoud Albawwab,Lee's Summit MO PD,1078,"07/07/2026, 05:00:40 PM UTC
07/08/2026, 05:00:40 PM UTC",REDACTED ,Wanted Person (Arrest Warrant/Fugitive),REDACTED ,,"07/08/2026, 04:37:03 PM UTC",lookup,,
1dea1c23-8999-4e38-9e86-0781f0efba08,Mahmoud Albawwab,Lee's Summit MO PD,2,"07/01/2026, 03:30:00 PM UTC
07/08/2026, 05:00:00 PM UTC",REDACTED ,Wanted Person (Arrest Warrant/Fugitive),REDACTED ,,"07/08/2026, 04:36:27 PM UTC",lookup,,
d7efc3ba-da82-4c6d-bd0d-c06cfc6eade5,David Arnold,Lee's Summit MO PD,1079,"06/08/2026, 04:30:41 PM UTC
07/08/2026, 04:30:41 PM UTC",REDACTED ,Larceny/Theft Offenses,REDACTED ,,"07/08/2026, 04:19:44 PM UTC",lookup,,
67d90a77-8058-4d65-9159-364fcf49a5a7,David Arnold,Lee's Summit MO PD,6256,"06/08/2026, 03:48:47 PM UTC
07/08/2026, 03:48:47 PM UTC",REDACTED ,Larceny/Theft Offenses,REDACTED ,,"07/08/2026, 03:48:51 PM UTC",lookup,,
e023a61c-0183-4026-b57d-fe3dde8870bf,David Arnold,Lee's Summit MO PD,1079,"06/13/2026, 11:30:00 PM UTC
06/14/2026, 12:30:00 AM UTC",REDACTED ,Larceny/Theft Offenses,REDACTED ,"SUV, black","07/08/2026, 03:46:14 PM UTC",search,,
e0b01a3c-a145-4743-89b1-28c2d7467837,David Arnold,Lee's Summit MO PD,1079,"06/13/2026, 11:30:00 PM UTC
06/14/2026, 12:30:00 AM UTC",REDACTED ,Larceny/Theft Offenses,REDACTED ,"SUV, black","07/08/2026, 03:45:51 PM UTC",search,,
eeb9531f-c39d-4f47-94ac-435b153979fe,David Arnold,Lee's Summit MO PD,2,"06/07/2026, 06:30:45 PM UTC
07/07/2026, 06:30:45 PM UTC",REDACTED ,Larceny/Theft Offenses,REDACTED ,,"07/08/2026, 03:43:16 PM UTC",visual,,
82d75819-2bc8-45e7-9648-94d48dd2b92b,David Arnold,Lee's Summit MO PD,2,"06/07/2026, 06:30:45 PM UTC
07/07/2026, 06:30:45 PM UTC",REDACTED ,Larceny/Theft Offenses,REDACTED ,,"07/08/2026, 03:43:13 PM UTC",visual,,
9cd94172-541f-4687-9689-a44f4badcebf,Mahmoud Albawwab,Lee's Summit MO PD,2,"07/01/2026, 03:30:46 PM UTC
07/08/2026, 03:30:46 PM UTC",REDACTED ,Wanted Person (Arrest Warrant/Fugitive),REDACTED ,,"07/08/2026, 03:08:49 PM UTC",lookup,,
6f09eac0-ec9f-4caa-a13a-0cba8632c467,Darcy Boorem,Lee's Summit MO PD,1079,"06/08/2026, 03:30:57 PM UTC
07/08/2026, 03:30:57 PM UTC",REDACTED ,Drugs/Narcotics,REDACTED ,,"07/08/2026, 03:03:00 PM UTC",lookup,,
1a49cb5e-bd7a-491d-a22c-52af440ec5f4,Amanda Schulte,Lee's Summit MO PD,1079,"06/08/2026, 02:30:48 PM UTC
07/08/2026, 02:30:48 PM UTC",REDACTED ,Missing/Endangered Person/Runaway,REDACTED ,,"07/08/2026, 02:16:53 PM UTC",lookup,,
c5c3a673-1580-4f58-b07f-9df5ef1c94ee,Michael Reese,Lee's Summit MO PD,15,"06/08/2026, 02:00:53 PM UTC
07/08/2026, 02:00:53 PM UTC",REDACTED ,Counterfeiting/Forgery - Counterfeiting Suspect Vehicle,REDACTED ,,"07/08/2026, 01:46:21 PM UTC",lookup,,
931b2f91-0765-433f-aef9-efcf00321e77,Michael Reese,Lee's Summit MO PD,6254,"07/08/2026, 12:00:32 PM UTC
07/08/2026, 02:00:32 PM UTC",REDACTED ,Counterfeiting/Forgery - Counterfeiting Suspect Vehicle,REDACTED ,,"07/08/2026, 01:45:47 PM UTC",lookup,,
e1f9d3d5-0a5c-4d7f-885b-9556572af824,Mahmoud Albawwab,Lee's Summit MO PD,1078,"04/07/2026, 01:44:00 PM UTC
07/08/2026, 02:00:00 PM UTC",REDACTED ,Wanted Person (Arrest Warrant/Fugitive),REDACTED ,,"07/08/2026, 01:44:40 PM UTC",lookup,,
a2e395a7-8f1c-4eef-a313-3be7f9830fa4,Mahmoud Albawwab,Lee's Summit MO PD,1078,"04/07/2026, 01:44:00 PM UTC
07/08/2026, 02:00:00 PM UTC",REDACTED ,Wanted Person (Arrest Warrant/Fugitive),REDACTED ,,"07/08/2026, 01:44:35 PM UTC",lookup,,
5d177d05-1db6-4568-87df-d42d723fba1a,Mahmoud Albawwab,Lee's Summit MO PD,1078,"06/24/2026, 02:00:45 PM UTC
07/08/2026, 02:00:45 PM UTC",REDACTED ,Wanted Person (Arrest Warrant/Fugitive),REDACTED ,,"07/08/2026, 01:43:48 PM UTC",lookup,,
09474ff3-cf2c-48c9-bd98-a32dca8206c0,Ryan Small,Lee's Summit MO PD,1079,"07/01/2026, 02:00:35 PM UTC
07/08/2026, 02:00:35 PM UTC",REDACTED ,Sex Offenses,REDACTED ,missouri,"07/08/2026, 01:32:41 PM UTC",lookup,,
7808244b-208a-4e6a-a248-47b0a6dda2dd,Ryan Small,Lee's Summit MO PD,1,"07/01/2026, 02:00:35 PM UTC
07/08/2026, 02:00:35 PM UTC",REDACTED ,Sex Offenses,REDACTED ,missouri,"07/08/2026, 01:32:22 PM UTC",lookup,,
b40a9ed8-74b1-43e0-8035-e320117c3b89,Ryan Small,Lee's Summit MO PD,1079,"07/01/2026, 02:00:35 PM UTC
07/08/2026, 02:00:35 PM UTC",REDACTED ,Sex Offenses,REDACTED ,missouri,"07/08/2026, 01:32:01 PM UTC",lookup,,
168f13ff-602e-42c9-8100-3ab50c699a8c,Ryan Small,Lee's Summit MO PD,1079,"07/01/2026, 02:00:35 PM UTC
07/08/2026, 02:00:35 PM UTC",REDACTED ,Sex Offenses,REDACTED ,missouri,"07/08/2026, 01:30:37 PM UTC",lookup,,
db97a816-0233-4914-b5c5-ec77dbaf0e86,Amber Masciovecchio,Lee's Summit MO PD,1078,"07/07/2026, 03:00:00 PM UTC
07/07/2026, 04:01:00 PM UTC",REDACTED ,Stolen Property Offenses - report,REDACTED ,"Sedan, Toyota, blue","07/08/2026, 12:40:53 PM UTC",search,,
a7cc3788-0a4e-4e96-988c-b29c438ef4f7,Amber Masciovecchio,Lee's Summit MO PD,1078,"07/07/2026, 03:00:00 PM UTC
07/07/2026, 04:01:00 PM UTC",REDACTED ,Stolen Property Offenses - report,REDACTED ,"Sedan, Toyota, blue","07/08/2026, 12:39:41 PM UTC",search,,
afe554b9-50b0-443d-b8b1-e87640bf4b6b,Amber Masciovecchio,Lee's Summit MO PD,1078,"07/07/2026, 03:00:00 PM UTC
07/07/2026, 06:59:00 PM UTC",REDACTED ,Stolen Property Offenses - report,REDACTED ,"Sedan, Toyota, blue","07/08/2026, 12:38:25 PM UTC",search,,
818c206c-569b-4a0c-aac3-ddde971d4238,Amber Masciovecchio,Lee's Summit MO PD,1078,"07/07/2026, 03:00:00 PM UTC
07/08/2026, 04:59:00 AM UTC",REDACTED ,Stolen Property Offenses - report,REDACTED ,"Sedan, Toyota, blue","07/08/2026, 12:36:23 PM UTC",search,,
58bdb686-9413-43c2-a59b-6b0142fd4049,Amber Masciovecchio,Lee's Summit MO PD,1078,"07/07/2026, 03:00:00 PM UTC
07/08/2026, 01:00:00 PM UTC",REDACTED ,Stolen Property Offenses - report,REDACTED ,"Sedan, Toyota, blue","07/08/2026, 12:35:16 PM UTC",search,,
2d5b8a3c-8045-4631-9b8a-6c0ce67c64af,Amber Masciovecchio,Lee's Summit MO PD,1078,"07/01/2026, 01:00:12 PM UTC
07/08/2026, 01:00:12 PM UTC",REDACTED ,Stolen Property Offenses - report,REDACTED ,"Sedan, Toyota, blue","07/08/2026, 12:34:11 PM UTC",search,,
22635961-d9cc-408e-9f59-554008464d79,Amber Masciovecchio,Lee's Summit MO PD,1078,"07/01/2026, 01:00:12 PM UTC
07/08/2026, 01:00:12 PM UTC",REDACTED ,Stolen Property Offenses - report,REDACTED ,"Toyota, blue","07/08/2026, 12:33:32 PM UTC",search,,
0e31505f-3416-488a-9944-f1997c05baca,Amber Masciovecchio,Lee's Summit MO PD,1078,"07/01/2026, 01:00:12 PM UTC
07/08/2026, 01:00:12 PM UTC",REDACTED ,Stolen Property Offenses - report,REDACTED ,,"07/08/2026, 12:32:14 PM UTC",lookup,,
3785de24-a03f-4fcb-807a-319ecd3eb99a,Amber Masciovecchio,Lee's Summit MO PD,1078,"07/07/2026, 01:00:43 PM UTC
07/08/2026, 01:00:43 PM UTC",REDACTED ,Stolen Property Offenses - report,REDACTED ,,"07/08/2026, 12:32:10 PM UTC",lookup,,
4097b5ee-07f9-4b75-9645-85e3349637e8,Amber Masciovecchio,Lee's Summit MO PD,1078,"07/07/2026, 01:00:43 PM UTC
07/08/2026, 01:00:43 PM UTC",REDACTED ,Stolen Property Offenses - report,REDACTED ,,"07/08/2026, 12:31:50 PM UTC",lookup,,
3760c47f-867b-4169-ad0c-1fd33bbb6e99,Amber Masciovecchio,Lee's Summit MO PD,1078,"07/07/2026, 01:00:43 PM UTC
07/08/2026, 01:00:43 PM UTC",REDACTED ,Stolen Property Offenses - report,REDACTED ,,"07/08/2026, 12:31:44 PM UTC",lookup,,
b1219242-ecd3-460c-9965-cb683e1ecc5f,Eric King,Lee's Summit MO PD,1078,"06/24/2026, 07:00:13 AM UTC
07/08/2026, 07:00:13 AM UTC",REDACTED ,Wanted Person (Arrest Warrant/Fugitive),REDACTED ,,"07/08/2026, 07:02:21 AM UTC",lookup,,
3835b0d8-8721-4179-88cb-390139829653,Eric King,Lee's Summit MO PD,1078,"06/24/2026, 07:00:13 AM UTC
07/08/2026, 07:00:13 AM UTC",REDACTED ,Wanted Person (Arrest Warrant/Fugitive),REDACTED ,,"07/08/2026, 06:36:20 AM UTC",lookup,,
a33a6f75-656d-40c5-b13c-9cd47bb454c2,Piotr Blaim,Lee's Summit MO PD,1078,"07/07/2026, 06:00:59 AM UTC
07/08/2026, 06:00:59 AM UTC",REDACTED ,Drugs/Narcotics,REDACTED ,,"07/08/2026, 05:47:50 AM UTC",lookup,,
419b3aa4-3d54-4249-84d5-1ac68103ca06,Piotr Blaim,Lee's Summit MO PD,1078,"07/07/2026, 06:00:59 AM UTC
07/08/2026, 06:00:59 AM UTC",REDACTED ,Drugs/Narcotics,REDACTED ,,"07/08/2026, 05:47:11 AM UTC",lookup,,
970d9156-61ff-4f8d-93ed-b1bbbefccd61,Piotr Blaim,Lee's Summit MO PD,1078,"07/07/2026, 06:00:59 AM UTC
07/08/2026, 06:00:59 AM UTC",REDACTED ,Drugs/Narcotics,REDACTED ,,"07/08/2026, 05:44:36 AM UTC",lookup,,
f4bda3f9-1f21-4e52-9d72-56e42833332c,Piotr Blaim,Lee's Summit MO PD,1078,"07/07/2026, 06:00:59 AM UTC
07/08/2026, 06:00:59 AM UTC",REDACTED ,Drugs/Narcotics,REDACTED ,,"07/08/2026, 05:43:14 AM UTC",lookup,,
909765c1-9af6-4a82-8ab7-5ba71528b9ac,Piotr Blaim,Lee's Summit MO PD,1078,"07/07/2026, 06:00:59 AM UTC
07/08/2026, 06:00:59 AM UTC",REDACTED ,Drugs/Narcotics,REDACTED ,,"07/08/2026, 05:42:17 AM UTC",lookup,,
b8d483f6-4c01-45d7-8828-5418a2b4dfdf,Piotr Blaim,Lee's Summit MO PD,1078,"07/07/2026, 06:00:59 AM UTC
07/08/2026, 06:00:59 AM UTC",REDACTED ,Drugs/Narcotics,REDACTED ,,"07/08/2026, 05:39:02 AM UTC",lookup,,
b7854ae9-390f-41d9-98ae-f13c7ef42a98,Piotr Blaim,Lee's Summit MO PD,1078,"07/07/2026, 06:00:33 AM UTC
07/08/2026, 06:00:33 AM UTC",REDACTED ,Drugs/Narcotics,REDACTED ,,"07/08/2026, 05:35:12 AM UTC",lookup,,
146dfef2-3414-4499-b5f7-6cede4afff1c,Piotr Blaim,Lee's Summit MO PD,2,"07/07/2026, 06:00:33 AM UTC
07/08/2026, 06:00:33 AM UTC",REDACTED ,Drugs/Narcotics,REDACTED ,,"07/08/2026, 05:34:36 AM UTC",lookup,,
f5f33367-2a8b-41ca-8b49-888fe7358585,Piotr Blaim,Lee's Summit MO PD,2,"07/07/2026, 05:30:18 AM UTC
07/08/2026, 05:30:18 AM UTC",REDACTED ,Drugs/Narcotics,REDACTED ,,"07/08/2026, 05:27:21 AM UTC",lookup,,
62b9bf14-c90d-42e1-bc3e-d35657951a22,Piotr Blaim,Lee's Summit MO PD,2,"07/08/2026, 01:00:51 AM UTC
07/08/2026, 03:00:51 AM UTC",REDACTED ,Drugs/Narcotics,REDACTED ,,"07/08/2026, 05:27:14 AM UTC",lookup,,
cae09e59-97cf-41b9-93fa-9eed86be5002,Noe Martinez,Lee's Summit MO PD,6253,"06/08/2026, 03:00:27 AM UTC
07/08/2026, 03:00:27 AM UTC",REDACTED ,Weapons Offense (Guns/Shots Fired),REDACTED ,,"07/08/2026, 02:58:28 AM UTC",lookup,,
4662a8dd-59a5-4a65-8d24-8c811785e73e,Noe Martinez,Lee's Summit MO PD,349,"06/08/2026, 03:00:29 AM UTC
07/08/2026, 03:00:29 AM UTC",REDACTED ,Weapons Offense (Guns/Shots Fired),REDACTED ,,"07/08/2026, 02:58:22 AM UTC",lookup,,
05ef4c35-7f7f-4f63-ac9b-800cf7a1b55a,Noe Martinez,Lee's Summit MO PD,349,"06/08/2026, 03:00:29 AM UTC
07/08/2026, 03:00:29 AM UTC",REDACTED ,Weapons Offense (Guns/Shots Fired),REDACTED ,,"07/08/2026, 02:56:22 AM UTC",lookup,,
7e7eb081-2a91-4ce9-a574-931e57992038,Noe Martinez,Lee's Summit MO PD,349,"06/08/2026, 03:00:29 AM UTC
07/08/2026, 03:00:29 AM UTC",REDACTED ,Weapons Offense (Guns/Shots Fired),REDACTED ,,"07/08/2026, 02:53:59 AM UTC",lookup,,
5b0a22ac-b11d-474a-8428-75fef1513e17,Lukas Pace,Lee's Summit MO PD,1079,"06/24/2026, 03:00:17 AM UTC
07/08/2026, 03:00:17 AM UTC",REDACTED ,Assault/Battery Offenses - Road Rage Vehicel,REDACTED ,missouri,"07/08/2026, 02:53:33 AM UTC",lookup,,
1ccadb38-0a22-45ff-ab42-289df4d46224,Cristopher Drake,Lee's Summit MO PD,2,"07/08/2026, 01:00:04 AM UTC
07/08/2026, 03:00:04 AM UTC",REDACTED ,Weapons Offense (Guns/Shots Fired),REDACTED ,,"07/08/2026, 02:53:32 AM UTC",lookup,,
ff747c12-ee1e-467a-9ea3-6b30bf235e6e,Lukas Pace,Lee's Summit MO PD,1079,"06/24/2026, 03:00:17 AM UTC
07/08/2026, 03:00:17 AM UTC",REDACTED ,Assault/Battery Offenses - Road Rage Vehicel,REDACTED ,missouri,"07/08/2026, 02:53:00 AM UTC",lookup,,
97535ccd-e72b-4fcb-a1ff-0b989b734e81,Cristopher Drake,Lee's Summit MO PD,2,"07/08/2026, 01:00:04 AM UTC
07/08/2026, 03:00:04 AM UTC",REDACTED ,Weapons Offense (Guns/Shots Fired),REDACTED ,M4N,"07/08/2026, 02:52:44 AM UTC",search,,
d18699b5-dd22-4291-a98d-0254e1b0bb8b,Lukas Pace,Lee's Summit MO PD,1079,"06/24/2026, 03:00:17 AM UTC
07/08/2026, 03:00:17 AM UTC",REDACTED ,Assault/Battery Offenses - Road Rage Vehicel,REDACTED ,missouri,"07/08/2026, 02:52:18 AM UTC",lookup,,
6c5b90de-a7a7-4078-b8c2-ecb3944cbfc8,Cristopher Drake,Lee's Summit MO PD,2,"07/08/2026, 01:00:04 AM UTC
07/08/2026, 03:00:04 AM UTC",REDACTED ,Weapons Offense (Guns/Shots Fired),REDACTED ,XM4,"07/08/2026, 02:52:06 AM UTC",search,,
38bfe955-60d1-4b81-b310-3450070a0153,Lukas Pace,Lee's Summit MO PD,1079,"06/23/2026, 11:00:21 PM UTC
07/07/2026, 11:00:21 PM UTC",REDACTED ,Assault/Battery Offenses - Road Rage Vehicel,REDACTED ,missouri,"07/08/2026, 02:51:48 AM UTC",lookup,,
17cf83cd-8d93-4142-b216-a7d36cdc58f8,Cristopher Drake,Lee's Summit MO PD,2,"07/07/2026, 03:00:20 AM UTC
07/08/2026, 03:00:20 AM UTC",REDACTED ,Weapons Offense (Guns/Shots Fired),REDACTED ,N7W,"07/08/2026, 02:50:07 AM UTC",search,,
936ca940-6b44-4920-8fcd-66f4c8e9f0af,Cristopher Drake,Lee's Summit MO PD,2,"07/07/2026, 03:00:20 AM UTC
07/08/2026, 03:00:20 AM UTC",REDACTED ,Weapons Offense (Guns/Shots Fired),REDACTED ,,"07/08/2026, 02:49:43 AM UTC",lookup,,
35bfea1a-2d41-40e3-a03a-6dc482e4a03c,Cristopher Drake,Lee's Summit MO PD,2,"07/07/2026, 03:00:20 AM UTC
07/08/2026, 03:00:20 AM UTC",REDACTED ,Weapons Offense (Guns/Shots Fired),REDACTED ,,"07/08/2026, 02:49:22 AM UTC",lookup,,
8c84b2b0-844a-4770-9235-7e85c871edd8,Cristopher Drake,Lee's Summit MO PD,2,"07/06/2026, 03:00:01 AM UTC
07/08/2026, 03:00:01 AM UTC",REDACTED ,Weapons Offense (Guns/Shots Fired),REDACTED ,,"07/08/2026, 02:49:15 AM UTC",lookup,,
b54588f3-f15f-4473-988d-c94ba6e03411,Cristopher Drake,Lee's Summit MO PD,2,"07/06/2026, 03:00:01 AM UTC
07/08/2026, 03:00:01 AM UTC",REDACTED ,Weapons Offense (Guns/Shots Fired),REDACTED ,,"07/08/2026, 02:48:46 AM UTC",lookup,,
11692ab6-9745-4334-9eca-fb9b5642c979,Martin Blahut,Lee's Summit MO PD,1078,"06/08/2026, 03:00:22 AM UTC
07/08/2026, 03:00:22 AM UTC",REDACTED ,Weapons Offense (Guns/Shots Fired),REDACTED ,,"07/08/2026, 02:48:25 AM UTC",lookup,,
5191026f-ccdb-4823-ad29-c13f1e1d5e9c,Cristopher Drake,Lee's Summit MO PD,2,"07/06/2026, 03:00:01 AM UTC
07/08/2026, 03:00:01 AM UTC",REDACTED ,Weapons Offense (Guns/Shots Fired),REDACTED ,,"07/08/2026, 02:48:03 AM UTC",search,,
0e8066f3-675e-4e80-9c4a-0f70b2388e0d,Noe Martinez,Lee's Summit MO PD,349,"06/08/2026, 03:00:29 AM UTC
07/08/2026, 03:00:29 AM UTC",REDACTED ,Weapons Offense (Guns/Shots Fired),REDACTED ,,"07/08/2026, 02:45:31 AM UTC",lookup,,
cf738b41-0352-41d5-866c-334b45be5366,Noe Martinez,Lee's Summit MO PD,2,"07/08/2026, 01:00:09 AM UTC
07/08/2026, 03:00:09 AM UTC",REDACTED ,Weapons Offense (Guns/Shots Fired),REDACTED ,,"07/08/2026, 02:45:27 AM UTC",lookup,,
693ce3e2-37a7-44f8-99e4-f99ea5633210,Noe Martinez,Lee's Summit MO PD,2,"07/08/2026, 01:00:09 AM UTC
07/08/2026, 03:00:09 AM UTC",REDACTED ,Weapons Offense (Guns/Shots Fired),REDACTED ,,"07/08/2026, 02:45:21 AM UTC",lookup,,
9feb731a-35e3-45cf-b26d-dd23f3a7c219,Cristopher Drake,Lee's Summit MO PD,2,"07/08/2026, 01:00:24 AM UTC
07/08/2026, 03:00:24 AM UTC",REDACTED ,Weapons Offense (Guns/Shots Fired),REDACTED ,,"07/08/2026, 02:44:06 AM UTC",search,,
9bf4a9c2-b439-48e6-a5d5-fe0411786e3a,Cristopher Drake,Lee's Summit MO PD,1079,"07/08/2026, 01:00:24 AM UTC
07/08/2026, 03:00:24 AM UTC",REDACTED ,Weapons Offense (Guns/Shots Fired),REDACTED ,,"07/08/2026, 02:43:45 AM UTC",search,,
5e1e2257-c17c-46d5-b64b-77669509bd39,Martin Blahut,Lee's Summit MO PD,1078,"06/08/2026, 03:00:15 AM UTC
07/08/2026, 03:00:15 AM UTC",REDACTED ,Weapons Offense (Guns/Shots Fired),REDACTED ,,"07/08/2026, 02:43:18 AM UTC",lookup,,
63f4fde9-508d-484e-96f6-23d50d21067c,Martin Blahut,Lee's Summit MO PD,1078,"07/01/2026, 03:00:10 AM UTC
07/08/2026, 03:00:10 AM UTC",REDACTED ,Weapons Offense (Guns/Shots Fired),REDACTED ,,"07/08/2026, 02:43:12 AM UTC",lookup,,
a1bcf3da-a988-429a-b5dd-5868ba22b3e3,Martin Blahut,Lee's Summit MO PD,1078,"07/07/2026, 03:00:04 AM UTC
07/08/2026, 03:00:04 AM UTC",REDACTED ,Weapons Offense (Guns/Shots Fired),REDACTED ,,"07/08/2026, 02:43:06 AM UTC",lookup,,
ae1a847a-e491-4f88-bffe-d08a97288fa0,Cristopher Drake,Lee's Summit MO PD,1079,"07/08/2026, 01:00:24 AM UTC
07/08/2026, 03:00:24 AM UTC",REDACTED ,Weapons Offense (Guns/Shots Fired),REDACTED ,,"07/08/2026, 02:42:36 AM UTC",search,,
c4415c73-2060-48d3-9e5a-308c61a759ba,Eric King,Lee's Summit MO PD,1078,"06/24/2026, 12:30:44 AM UTC
07/08/2026, 12:30:44 AM UTC",REDACTED ,Wanted Person (Arrest Warrant/Fugitive),REDACTED ,,"07/08/2026, 12:12:45 AM UTC",lookup,,
71701886-a206-4962-b509-482623074575,Eric King,Lee's Summit MO PD,1078,"07/01/2026, 12:00:04 AM UTC
07/08/2026, 12:00:04 AM UTC",REDACTED ,Wanted Person (Arrest Warrant/Fugitive),REDACTED ,,"07/08/2026, 12:12:39 AM UTC",lookup,,
baafd4c6-18e8-43de-a066-69db27718222,Eric King,Lee's Summit MO PD,1078,"07/01/2026, 12:00:04 AM UTC
07/08/2026, 12:00:04 AM UTC",REDACTED ,Wanted Person (Arrest Warrant/Fugitive),REDACTED ,,"07/08/2026, 12:10:34 AM UTC",lookup,,
848dfc8a-b760-4339-9192-d10d190cccfe,Eric King,Lee's Summit MO PD,2,"07/01/2026, 12:00:04 AM UTC
07/08/2026, 12:00:04 AM UTC",REDACTED ,Wanted Person (Arrest Warrant/Fugitive),REDACTED ,,"07/08/2026, 12:10:26 AM UTC",lookup,,
0de3ed4c-b45f-4393-ac55-631f08afbc8d,Eric King,Lee's Summit MO PD,2,"07/01/2026, 12:00:04 AM UTC
07/08/2026, 12:00:04 AM UTC",REDACTED ,Wanted Person (Arrest Warrant/Fugitive),REDACTED ,,"07/07/2026, 11:44:05 PM UTC",lookup,,
91861dc5-cb84-4d2d-b056-720e9e96ac15,Eric King,Lee's Summit MO PD,2,"07/07/2026, 10:00:27 PM UTC
07/08/2026, 12:00:27 AM UTC",REDACTED ,Wanted Person (Arrest Warrant/Fugitive),REDACTED ,,"07/07/2026, 11:43:59 PM UTC",lookup,,
6de18eca-7a8c-4799-828f-e79a579241bb,Noe Martinez,Lee's Summit MO PD,349,"06/08/2026, 12:00:38 AM UTC
07/08/2026, 12:00:38 AM UTC",REDACTED ,Welfare Check,REDACTED ,,"07/07/2026, 11:33:40 PM UTC",lookup,,
d1d320cd-4fa9-4e79-b3e4-1b715ed643cc,Noe Martinez,Lee's Summit MO PD,2,"07/07/2026, 10:00:16 PM UTC
07/08/2026, 12:00:16 AM UTC",REDACTED ,Welfare Check,REDACTED ,,"07/07/2026, 11:33:34 PM UTC",lookup,,
b4a81fc7-5c93-4359-bee0-406d825c1e19,Lukas Pace,Lee's Summit MO PD,1079,"06/23/2026, 11:00:21 PM UTC
07/07/2026, 11:00:21 PM UTC",REDACTED ,Animal Offenses (cruelty/neglect) - Suspicious vehicle,REDACTED ,missouri,"07/07/2026, 11:23:02 PM UTC",lookup,,
2005bdcd-8cc1-4c1e-9a92-1b6ef63eb9ad,Lukas Pace,Lee's Summit MO PD,1079,"06/23/2026, 11:00:21 PM UTC
07/07/2026, 11:00:21 PM UTC",REDACTED ,Animal Offenses (cruelty/neglect) - Suspicious vehicle,REDACTED ,missouri,"07/07/2026, 10:57:53 PM UTC",lookup,,
5033f479-2594-430b-aa6e-c883a6a80874,Lukas Pace,Lee's Summit MO PD,1079,"06/23/2026, 11:00:21 PM UTC
07/07/2026, 11:00:21 PM UTC",REDACTED ,Animal Offenses (cruelty/neglect) - Suspicious vehicle,REDACTED ,missouri,"07/07/2026, 10:37:23 PM UTC",lookup,,
2e489262-4fff-4775-9d6c-7b8605574667,Lukas Pace,Lee's Summit MO PD,1079,"07/06/2026, 11:00:51 PM UTC
07/07/2026, 11:00:51 PM UTC",REDACTED ,Animal Offenses (cruelty/neglect) - Suspicious vehicle,REDACTED ,missouri,"07/07/2026, 10:36:53 PM UTC",lookup,,
9410a62b-feea-463a-bc54-86c4672dcb82,Lukas Pace,Lee's Summit MO PD,1079,"06/23/2026, 10:00:42 PM UTC
07/07/2026, 10:00:42 PM UTC",REDACTED ,Animal Offenses (cruelty/neglect) - Suspicious vehicle,REDACTED ,missouri,"07/07/2026, 10:30:12 PM UTC",lookup,,
61bcc25e-f87d-409c-89ac-2c93d5444caa,Lukas Pace,Lee's Summit MO PD,1079,"06/23/2026, 10:00:42 PM UTC
07/07/2026, 10:00:42 PM UTC",REDACTED ,Animal Offenses (cruelty/neglect) - Suspicious vehicle,REDACTED ,missouri,"07/07/2026, 10:22:24 PM UTC",lookup,,
32c27ef6-f13c-4459-a594-e996fe5e7d1f,Lukas Pace,Lee's Summit MO PD,1079,"06/23/2026, 10:00:42 PM UTC
07/07/2026, 10:00:42 PM UTC",REDACTED ,Animal Offenses (cruelty/neglect) - Suspicious vehicle,REDACTED ,missouri,"07/07/2026, 10:17:52 PM UTC",lookup,,
f11f91af-0520-4156-8513-255f73026088,Lukas Pace,Lee's Summit MO PD,1079,"06/23/2026, 10:00:42 PM UTC
07/07/2026, 10:00:42 PM UTC",REDACTED ,Animal Offenses (cruelty/neglect) - Suspicious vehicle,REDACTED ,missouri,"07/07/2026, 10:08:29 PM UTC",lookup,,
1f9f7607-20f2-440d-be90-f0cf213bc0d6,Lukas Pace,Lee's Summit MO PD,1079,"06/23/2026, 10:00:42 PM UTC
07/07/2026, 10:00:42 PM UTC",REDACTED ,Animal Offenses (cruelty/neglect) - Suspicious vehicle,REDACTED ,missouri,"07/07/2026, 10:04:14 PM UTC",lookup,,
43a55b2d-3ff0-4a55-8d15-8175616c4040,Lukas Pace,Lee's Summit MO PD,1079,"06/23/2026, 10:00:42 PM UTC
07/07/2026, 10:00:42 PM UTC",REDACTED ,Animal Offenses (cruelty/neglect) - Suspicious vehicle,REDACTED ,missouri,"07/07/2026, 09:51:45 PM UTC",lookup,,
3e8e22a1-5cf5-407d-b990-50ab10b9c6fa,Matthew Long,Lee's Summit MO PD,1078,"07/06/2026, 09:30:56 PM UTC
07/07/2026, 09:30:56 PM UTC",REDACTED ,Motor Vehicle Theft/Stolen - report,REDACTED ,missouri,"07/07/2026, 09:13:58 PM UTC",lookup,,
a3fbfa1c-f260-4c71-a128-6a1aada708d9,Matthew Long,Lee's Summit MO PD,1078,"07/07/2026, 03:40:00 PM UTC
07/07/2026, 09:30:00 PM UTC",REDACTED ,Motor Vehicle Theft/Stolen - report,REDACTED ,missouri,"07/07/2026, 09:13:19 PM UTC",lookup,,
63037430-83a7-403b-9dc0-ef2960d59254,Jennifer Kudzinski,Lee's Summit MO PD,2,"07/07/2026, 03:30:00 PM UTC
07/07/2026, 07:30:00 PM UTC",REDACTED ,Stolen Property Offenses - Stolen Auto,REDACTED ,"Sedan, Toyota, blue, black","07/07/2026, 07:23:34 PM UTC",search,,
c211ffb8-3982-4969-97c9-a00f4923386d,Jennifer Kudzinski,Lee's Summit MO PD,1,"07/07/2026, 03:30:00 PM UTC
07/07/2026, 07:30:00 PM UTC",REDACTED ,Stolen Property Offenses - Stolen Auto,REDACTED ,"Sedan, Toyota, blue, black","07/07/2026, 07:19:25 PM UTC",search,,
9612c8ca-621d-40cc-bfe4-21992d0447d8,Casca Hunter,Lee's Summit MO PD,1081,"12/17/2025, 12:30:45 AM UTC
01/16/2026, 12:30:45 AM UTC",REDACTED ,Stolen Property Offenses - suspect,REDACTED ,missouri,"07/07/2026, 07:15:04 PM UTC",lookup,,
097a94eb-4fb2-44fa-9c09-ece0c109ea38,Jennifer Maynard,Lee's Summit MO PD,1057,"06/23/2026, 06:41:22 PM UTC
07/07/2026, 06:41:22 PM UTC",REDACTED ,Drugs/Narcotics,REDACTED ,,"07/07/2026, 06:41:26 PM UTC",lookup - Mobile,,
e3d7088e-4fc3-4caf-af28-f6789e9cd051,David Arnold,Lee's Summit MO PD,2,"06/07/2026, 06:30:45 PM UTC
07/07/2026, 06:30:45 PM UTC",REDACTED ,Larceny/Theft Offenses,REDACTED ,,"07/07/2026, 06:26:58 PM UTC",visual,,
5af35496-ac0b-42a6-b37b-b36bdd95bbdf,David Arnold,Lee's Summit MO PD,2,"06/25/2026, 08:00:00 PM UTC
06/25/2026, 09:30:00 PM UTC",REDACTED ,Larceny/Theft Offenses,REDACTED ,"Pickup, black","07/07/2026, 06:25:41 PM UTC",search,,
8c4885bb-3663-4a57-95c9-6e48fe350331,Amanda Schulte,Lee's Summit MO PD,1081,"06/07/2026, 06:30:59 PM UTC
07/07/2026, 06:30:59 PM UTC",REDACTED ,Larceny/Theft Offenses,REDACTED ,"Jeep, black","07/07/2026, 06:18:56 PM UTC",search,,
58c38a25-c8dc-4ccb-af8a-fabdff0f28d4,Amanda Schulte,Lee's Summit MO PD,1081,"06/07/2026, 06:30:59 PM UTC
07/07/2026, 06:30:59 PM UTC",REDACTED ,Larceny/Theft Offenses,REDACTED ,"Jeep, black","07/07/2026, 06:18:18 PM UTC",search,,
1e4e7f37-4804-4b3b-b843-8e31fdc9f93e,Amanda Schulte,Lee's Summit MO PD,1081,"06/07/2026, 06:30:59 PM UTC
07/07/2026, 06:30:59 PM UTC",REDACTED ,Larceny/Theft Offenses,REDACTED ,"Jeep, black","07/07/2026, 06:18:06 PM UTC",search,,
77b4ff9a-3571-476e-bd14-66bf2144b50d,Amanda Schulte,Lee's Summit MO PD,1081,"07/06/2026, 06:00:45 PM UTC
07/07/2026, 06:00:45 PM UTC",REDACTED ,Larceny/Theft Offenses,REDACTED ,,"07/07/2026, 05:50:50 PM UTC",lookup,,
9d9fa589-5ed6-416a-8b68-a44a0e004a8d,Amber Masciovecchio,Lee's Summit MO PD,1080,"06/07/2026, 06:00:47 PM UTC
07/07/2026, 06:00:47 PM UTC",REDACTED ,Motor Vehicle Theft/Stolen - report,REDACTED ,,"07/07/2026, 05:44:11 PM UTC",lookup,,
aa2c3868-6318-4ec4-b582-6162fd5acec2,Jennifer Maynard,Lee's Summit MO PD,1057,"07/06/2026, 05:23:28 PM UTC
07/07/2026, 05:23:28 PM UTC",REDACTED ,Drugs/Narcotics,REDACTED ,,"07/07/2026, 05:23:30 PM UTC",lookup - Mobile,,
1dbba119-b47c-4d5e-9765-5ff1878c134b,Amanda Schulte,Lee's Summit MO PD,1,"07/04/2026, 01:00:00 AM UTC
07/04/2026, 01:20:00 AM UTC",REDACTED ,Larceny/Theft Offenses,REDACTED ,,"07/07/2026, 04:21:47 PM UTC",freeform,objectClass:vehicle black kia soul temp tag,allow
294bcf06-f5de-41a5-950d-2bd147367060,Amanda Schulte,Lee's Summit MO PD,1,"07/06/2026, 04:30:40 PM UTC
07/07/2026, 04:30:40 PM UTC",REDACTED ,Larceny/Theft Offenses,REDACTED ,,"07/07/2026, 04:21:09 PM UTC",freeform,objectClass:vehicle black kia soul temp tag,allow
aa532916-06b0-479b-9610-65d66af44356,Amanda Schulte,Lee's Summit MO PD,1081,"07/04/2026, 01:00:00 AM UTC
07/04/2026, 01:20:00 AM UTC",REDACTED ,Larceny/Theft Offenses,REDACTED ,"Sedan, Kia, black","07/07/2026, 04:19:30 PM UTC",search,,
1eae805a-aa90-4dce-b081-a8eea14b3c86,Amanda Schulte,Lee's Summit MO PD,1081,"06/30/2026, 03:30:47 PM UTC
07/07/2026, 03:30:47 PM UTC",REDACTED ,Financial Crime (Embezzlement/Fraud),REDACTED ,california,"07/07/2026, 03:25:49 PM UTC",lookup,,
baa0e4cc-99c6-4862-b9d1-ac43d4ae7ada,Ben Griffin,Lee's Summit MO PD,4,"06/30/2026, 06:00:00 PM UTC
06/30/2026, 07:30:00 PM UTC",REDACTED ,Hit and Run/Car Accident - Hit and Run Suspect,REDACTED ,,"07/07/2026, 03:14:24 PM UTC",freeform,objectClass:vehicle deck over trailer with ramps,allow
685ffd1c-3d85-4016-b29e-65cfd4681f03,Ben Griffin,Lee's Summit MO PD,4,"06/30/2026, 06:00:00 PM UTC
06/30/2026, 07:30:00 PM UTC",REDACTED ,Hit and Run/Car Accident - Hit and Run Suspect,REDACTED ,,"07/07/2026, 03:12:58 PM UTC",freeform,objectClass:vehicle deck over flatbed trailer,allow
b733e800-a392-4d89-bfeb-aa3f977d180b,Ben Griffin,Lee's Summit MO PD,4,"06/30/2026, 06:00:00 PM UTC
06/30/2026, 07:30:00 PM UTC",REDACTED ,Hit and Run/Car Accident - Hit and Run Suspect,REDACTED ,,"07/07/2026, 03:00:38 PM UTC",freeform,objectClass:vehicle long flatbed trailer,allow
0aea0d54-46fd-4955-b2a8-19264e912925,Jennifer Maynard,Lee's Summit MO PD,1058,"06/07/2026, 02:55:10 PM UTC
07/07/2026, 02:55:10 PM UTC",REDACTED ,Drugs/Narcotics,REDACTED ,,"07/07/2026, 02:55:10 PM UTC",lookup - Mobile,,
56316bab-1094-480a-84d2-7c8a9bee23dc,Jennifer Maynard,Lee's Summit MO PD,1058,"06/07/2026, 02:54:13 PM UTC
07/07/2026, 02:54:13 PM UTC",REDACTED ,Drugs/Narcotics,REDACTED ,missouri,"07/07/2026, 02:54:14 PM UTC",lookup - Mobile,,
2eece77d-cfc3-4b72-abca-e66e2361e1cd,Jennifer Maynard,Lee's Summit MO PD,1058,"06/07/2026, 02:54:00 PM UTC
07/07/2026, 02:54:00 PM UTC",REDACTED ,Drugs/Narcotics,REDACTED ,,"07/07/2026, 02:54:01 PM UTC",lookup - Mobile,,
e7f989b5-66aa-4189-b3b4-5670b7de83ff,Jennifer Maynard,Lee's Summit MO PD,1058,"06/23/2026, 02:53:58 PM UTC
07/07/2026, 02:53:58 PM UTC",REDACTED ,Drugs/Narcotics,REDACTED ,,"07/07/2026, 02:53:58 PM UTC",lookup - Mobile,,
9a9752c2-2745-45a7-b53f-e2fe7f33d4a1,Jennifer Maynard,Lee's Summit MO PD,1058,"06/30/2026, 02:53:56 PM UTC
07/07/2026, 02:53:56 PM UTC",REDACTED ,Drugs/Narcotics,REDACTED ,,"07/07/2026, 02:53:57 PM UTC",lookup - Mobile,,
bf8d515f-cf27-4ac3-ae81-5864bb1d56a7,Jennifer Maynard,Lee's Summit MO PD,1058,"07/06/2026, 02:53:55 PM UTC
07/07/2026, 02:53:55 PM UTC",REDACTED ,Drugs/Narcotics,REDACTED ,,"07/07/2026, 02:53:55 PM UTC",lookup - Mobile,,
4a22d29f-b13d-43a9-9931-6cae05f6243d,Ben Griffin,Lee's Summit MO PD,5,"06/30/2026, 06:00:00 PM UTC
06/30/2026, 07:30:00 PM UTC",REDACTED ,Hit and Run/Car Accident - Hit and Run Suspect,REDACTED ,,"07/07/2026, 02:47:39 PM UTC",freeform,objectClass:vehicle long flatbed trailer,allow
cf802ac4-423b-43fc-8e88-4f2dc9d923d9,Ben Griffin,Lee's Summit MO PD,2,"06/30/2026, 06:00:00 PM UTC
06/30/2026, 08:00:00 PM UTC",REDACTED ,Hit and Run/Car Accident - Hit and Run suspect search,REDACTED ,,"07/07/2026, 02:39:11 PM UTC",visual,,
7cdb5f22-f569-497b-b5b2-0a3347197506,Jacob Aguayo,Lee's Summit MO PD,1080,"06/30/2026, 03:00:57 PM UTC
07/07/2026, 03:00:57 PM UTC",REDACTED ,Stolen Property Offenses,REDACTED ,,"07/07/2026, 02:37:59 PM UTC",lookup,,
9ceb45a5-d0b2-4fee-ab02-35bd4a72f7f6,Ben Griffin,Lee's Summit MO PD,4,"06/30/2026, 06:00:00 PM UTC
06/30/2026, 08:00:00 PM UTC",REDACTED ,Hit and Run/Car Accident - Hit and Run suspect search,REDACTED ,,"07/07/2026, 02:36:59 PM UTC",visual,,
dca28f19-2bbb-4f78-b762-aa851217ff99,Ben Griffin,Lee's Summit MO PD,2,"06/30/2026, 06:00:00 PM UTC
06/30/2026, 08:00:00 PM UTC",REDACTED ,Hit and Run/Car Accident - Hit and Run suspect search,REDACTED ,,"07/07/2026, 02:35:17 PM UTC",visual,,
7abaa5db-ab65-42e1-80a6-3d80d66f6a90,Ben Griffin,Lee's Summit MO PD,2,"06/30/2026, 04:55:00 PM UTC
06/30/2026, 09:29:00 PM UTC",REDACTED ,Hit and Run/Car Accident - Hit and Run suspect search,REDACTED ,,"07/07/2026, 02:34:35 PM UTC",visual,,
c65573ed-161c-4ce9-a86c-64570ef25a31,Ben Griffin,Lee's Summit MO PD,2,"06/30/2026, 02:14:00 PM UTC
07/01/2026, 04:29:00 AM UTC",REDACTED ,Hit and Run/Car Accident - Hit and Run suspect search,REDACTED ,,"07/07/2026, 02:31:50 PM UTC",visual,,
c1d70f41-09ce-473f-87ec-331877807d9b,Jacob Aguayo,Lee's Summit MO PD,1080,"06/07/2026, 02:30:47 PM UTC
07/07/2026, 02:30:47 PM UTC",REDACTED ,Stolen Property Offenses,REDACTED ,,"07/07/2026, 02:07:50 PM UTC",lookup,,
74613b13-e755-43c9-b85a-9f4eb03cea61,Brett Sinclair,Lee's Summit MO PD,1080,"06/07/2026, 02:00:39 PM UTC
07/07/2026, 02:00:39 PM UTC",REDACTED ,Larceny/Theft Offenses - Suspect Vehicle,REDACTED ,california,"07/07/2026, 01:57:58 PM UTC",lookup,,
a5f532f0-e62f-49e9-aef5-fc99fbc08f17,Brett Sinclair,Lee's Summit MO PD,1080,"06/07/2026, 02:00:39 PM UTC
07/07/2026, 02:00:39 PM UTC",REDACTED ,Larceny/Theft Offenses - Suspect Vehicle,REDACTED ,california,"07/07/2026, 01:57:37 PM UTC",lookup,,
7bd256ef-77f6-4763-94bb-0afcf41c0f14,Brett Sinclair,Lee's Summit MO PD,1080,"06/07/2026, 02:00:39 PM UTC
07/07/2026, 02:00:39 PM UTC",REDACTED ,Larceny/Theft Offenses - Suspect Vehicle,REDACTED ,california,"07/07/2026, 01:56:56 PM UTC",lookup,,
0e8aa95c-4173-4b64-8935-41e595515c06,Brett Sinclair,Lee's Summit MO PD,1080,"06/07/2026, 02:00:39 PM UTC
07/07/2026, 02:00:39 PM UTC",REDACTED ,Larceny/Theft Offenses - Suspect Vehicle,REDACTED ,california,"07/07/2026, 01:56:41 PM UTC",lookup,,
cfade77a-02ed-4f52-ac7a-c27be74cdf7f,Amanda Schulte,Lee's Summit MO PD,1081,"06/07/2026, 02:00:10 PM UTC
07/07/2026, 02:00:10 PM UTC",REDACTED ,Traffic Infraction,REDACTED ,,"07/07/2026, 01:36:12 PM UTC",lookup,,
c8a78b71-f4cb-47ac-b151-33fcc3503458,Amanda Schulte,Lee's Summit MO PD,2,"06/23/2026, 02:00:58 PM UTC
07/07/2026, 02:00:58 PM UTC",REDACTED ,Traffic Infraction,REDACTED ,,"07/07/2026, 01:36:00 PM UTC",lookup,,
2360dce8-8c3b-4908-b890-071db6673784,Martin Blahut,Lee's Summit MO PD,1080,"06/30/2026, 04:30:42 AM UTC
07/07/2026, 04:30:42 AM UTC",REDACTED ,Wanted Person (Arrest Warrant/Fugitive),REDACTED ,,"07/07/2026, 04:00:44 AM UTC",lookup,,
f48c81bf-e668-47de-88b0-f5d293f9f983,Martin Blahut,Lee's Summit MO PD,1080,"07/06/2026, 04:30:37 AM UTC
07/07/2026, 04:30:37 AM UTC",REDACTED ,Wanted Person (Arrest Warrant/Fugitive),REDACTED ,,"07/07/2026, 04:00:39 AM UTC",lookup,,
6ebd8b62-b08b-4f1f-8a72-9588d0d38446,Jennifer Maynard,Lee's Summit MO PD,1058,"07/06/2026, 02:14:45 AM UTC
07/07/2026, 02:14:45 AM UTC",REDACTED ,Drugs/Narcotics,REDACTED ,,"07/07/2026, 02:14:46 AM UTC",lookup - Mobile,,
cf273479-e2d0-4b7f-be68-e2f8c405b720,Brett Sinclair,Lee's Summit MO PD,6251,"06/06/2026, 10:00:43 PM UTC
07/06/2026, 10:00:43 PM UTC",REDACTED ,Larceny/Theft Offenses - Suspect Vehicle,REDACTED ,california,"07/06/2026, 09:51:49 PM UTC",lookup,,
1b77e05a-976a-454a-a550-ea2ee1be7fcd,Brett Sinclair,Lee's Summit MO PD,1080,"06/06/2026, 10:00:31 PM UTC
07/06/2026, 10:00:31 PM UTC",REDACTED ,Larceny/Theft Offenses - Suspect,REDACTED ,"california, false","07/06/2026, 09:50:48 PM UTC",convoy,,
ec46e441-ae7c-4c1b-88e4-fad39f24a4e8,Brett Sinclair,Lee's Summit MO PD,1080,"06/06/2026, 10:00:42 PM UTC
07/06/2026, 10:00:42 PM UTC",REDACTED ,Stolen Property Offenses - Stealing,REDACTED ,california,"07/06/2026, 09:48:48 PM UTC",lookup,,
b9ed5159-a037-4c7e-b2c9-482ccdb01191,Jason Rosarius,Lee's Summit MO PD,1080,"07/06/2026, 02:00:00 AM UTC
07/06/2026, 04:55:00 AM UTC",REDACTED ,Burglary/Breaking & Entering - Burglary,REDACTED ,,"07/06/2026, 09:21:13 PM UTC",search,,
457817d5-fb7b-47ef-87f9-7cf8748fb070,Jason Rosarius,Lee's Summit MO PD,1080,"07/06/2026, 02:00:00 AM UTC
07/06/2026, 04:55:00 AM UTC",REDACTED ,Burglary/Breaking & Entering - Burglary,REDACTED ,,"07/06/2026, 09:15:39 PM UTC",search,,
d3bbd271-24f3-4b5f-9c34-65845c0da3a7,Jason Craddock,Lee's Summit MO PD,2,"06/30/2026, 06:00:00 PM UTC
06/30/2026, 09:00:00 PM UTC",REDACTED ,Hit and Run/Car Accident,REDACTED ,,"07/06/2026, 08:58:31 PM UTC",visual,,
08479826-f2e7-434e-9240-55486dbaedac,Jason Craddock,Lee's Summit MO PD,2,"06/30/2026, 06:00:00 PM UTC
06/30/2026, 09:00:00 PM UTC",REDACTED ,Hit and Run/Car Accident,REDACTED ,,"07/06/2026, 08:55:11 PM UTC",visual,,
04d11442-ec7f-4f0c-b07b-426c8f645aab,Jason Craddock,Lee's Summit MO PD,2,"07/03/2026, 05:00:00 PM UTC
07/04/2026, 12:00:00 AM UTC",REDACTED ,Hit and Run/Car Accident,REDACTED ,,"07/06/2026, 08:53:08 PM UTC",visual,,
c2c3e964-aca4-4afa-affb-9ac86a1adbc4,Darcy Boorem,Lee's Summit MO PD,1081,"06/06/2026, 08:30:16 PM UTC
07/06/2026, 08:30:16 PM UTC",REDACTED ,Larceny/Theft Offenses - Reese,REDACTED ,,"07/06/2026, 08:26:19 PM UTC",lookup,,
01259fff-fbc0-44e5-bf0a-32b8f409eb37,Darcy Boorem,Lee's Summit MO PD,1,"06/30/2026, 05:30:00 PM UTC
06/30/2026, 07:30:00 PM UTC",REDACTED ,Larceny/Theft Offenses,REDACTED ,,"07/06/2026, 08:16:47 PM UTC",freeform,objectClass:vehicle gray nissan sedan,allow
afd652c4-61e5-4fd4-b0b2-dd47765f65c5,Jennifer Maynard,Lee's Summit MO PD,1058,"07/05/2026, 07:51:26 PM UTC
07/06/2026, 07:51:26 PM UTC",REDACTED ,Drugs/Narcotics,REDACTED ,,"07/06/2026, 07:51:27 PM UTC",lookup - Mobile,,
7af2aeea-ae27-48a4-9331-5822385ddecc,Brett Sinclair,Lee's Summit MO PD,1080,"06/08/2026, 11:00:00 PM UTC
06/09/2026, 01:00:00 AM UTC",REDACTED ,Stolen Property Offenses - Stealing,REDACTED ,"Sedan, red","07/06/2026, 07:45:23 PM UTC",search,,
4660dbb2-5162-49a9-a92e-6c0f869ea7ad,Brett Sinclair,Lee's Summit MO PD,1080,"06/09/2026, 12:00:00 AM UTC
06/09/2026, 01:00:00 AM UTC",REDACTED ,Stolen Property Offenses - Stealing,REDACTED ,"Sedan, red","07/06/2026, 07:45:08 PM UTC",search,,
871ce43d-62bf-4e75-9119-9fb78e0a13e8,Brett Sinclair,Lee's Summit MO PD,1080,"06/09/2026, 12:00:00 AM UTC
06/09/2026, 01:00:00 AM UTC",REDACTED ,Stolen Property Offenses - Stealing,REDACTED ,"Sedan, Toyota, red","07/06/2026, 07:45:04 PM UTC",search,,
fa09ef8e-2752-408d-a70e-5177b87d016c,Jacob Aguayo,Lee's Summit MO PD,2,"07/06/2026, 03:00:00 PM UTC
07/06/2026, 06:00:00 PM UTC",REDACTED ,Stolen Property Offenses,REDACTED ,,"07/06/2026, 07:40:28 PM UTC",freeform,objectClass:vehicle stick out the driver window,allow
cb44635f-af99-4fe6-af33-279f42cbdbd0,Jacob Aguayo,Lee's Summit MO PD,2,"07/06/2026, 02:00:00 PM UTC
07/06/2026, 07:30:00 PM UTC",REDACTED ,Stolen Property Offenses,REDACTED ,"Sedan, Buick, silver_grey","07/06/2026, 07:38:34 PM UTC",search,,
b1f034d4-6ac7-4718-a8f5-23829a6857eb,Jacob Aguayo,Lee's Summit MO PD,2,"07/06/2026, 02:00:00 PM UTC
07/06/2026, 06:30:00 PM UTC",REDACTED ,Stolen Property Offenses,REDACTED ,"Sedan, Buick, silver_grey","07/06/2026, 07:37:55 PM UTC",search,,
9fd1b4f6-83b1-49e7-bdf7-eeb71e64f397,Jacob Aguayo,Lee's Summit MO PD,2,"07/06/2026, 03:00:00 PM UTC
07/06/2026, 05:30:00 PM UTC",REDACTED ,Stolen Property Offenses,REDACTED ,"Sedan, Buick, silver_grey","07/06/2026, 07:37:12 PM UTC",search,,
6121a1a8-f993-4149-9992-604dbbd29181,Jacob Aguayo,Lee's Summit MO PD,2,"07/06/2026, 03:30:00 PM UTC
07/06/2026, 04:30:00 PM UTC",REDACTED ,Stolen Property Offenses,REDACTED ,"Sedan, Buick, silver_grey","07/06/2026, 07:36:45 PM UTC",search,,
db1b505d-806a-4d4a-a50f-58780082a55d,Jacob Aguayo,Lee's Summit MO PD,2,"07/06/2026, 03:30:00 PM UTC
07/06/2026, 04:30:00 PM UTC",REDACTED ,Stolen Property Offenses,REDACTED ,"Sedan, BMW, silver_grey","07/06/2026, 07:36:28 PM UTC",search,,
83cb0267-34c4-42f3-8ff3-5027d9702d04,Jacob Aguayo,Lee's Summit MO PD,1,"07/06/2026, 03:30:00 PM UTC
07/06/2026, 04:30:00 PM UTC",REDACTED ,Stolen Property Offenses,REDACTED ,"Sedan, silver_grey","07/06/2026, 07:35:38 PM UTC",search,,
c5a52d9c-9d84-4461-8020-4da6ad9cdd5d,Jacob Aguayo,Lee's Summit MO PD,1,"07/06/2026, 03:30:00 PM UTC
07/06/2026, 04:30:00 PM UTC",REDACTED ,Stolen Property Offenses,REDACTED ,"Sedan, Buick, silver_grey","07/06/2026, 07:35:30 PM UTC",search,,
a74a4146-349c-4428-8447-4e9dc1aab69e,Nathan Minahan,Lee's Summit MO PD,1080,"07/06/2026, 04:00:00 PM UTC
07/06/2026, 05:00:00 PM UTC",REDACTED ,Larceny/Theft Offenses - theft,REDACTED ,"Sedan, Buick","07/06/2026, 07:06:56 PM UTC",search,,
11c1b445-a785-4175-b0d6-b6757c7077a6,Nathan Minahan,Lee's Summit MO PD,1080,"07/06/2026, 03:30:00 PM UTC
07/06/2026, 07:00:00 PM UTC",REDACTED ,Larceny/Theft Offenses - theft,REDACTED ,"Sedan, Buick","07/06/2026, 07:06:46 PM UTC",search,,
7282faae-e2da-4eca-a4da-99a33b32d864,Michael Reese,Lee's Summit MO PD,15,"06/06/2026, 07:00:10 PM UTC
07/06/2026, 07:00:10 PM UTC",REDACTED ,Counterfeiting/Forgery - Suspect Vehicle,REDACTED ,"Sedan, silver_grey, 008????","07/06/2026, 07:00:11 PM UTC",search,,
e25e3756-cdea-4845-806f-8bff6fee1676,Michael Reese,Lee's Summit MO PD,1081,"06/06/2026, 07:00:10 PM UTC
07/06/2026, 07:00:10 PM UTC",REDACTED ,Counterfeiting/Forgery - Suspect Vehicle,REDACTED ,"Sedan, silver_grey, 008????","07/06/2026, 06:59:36 PM UTC",search,,
865b3ea1-d621-49ea-9f50-62c7e1cd54c9,Michael Reese,Lee's Summit MO PD,2,"06/06/2026, 07:00:10 PM UTC
07/06/2026, 07:00:10 PM UTC",REDACTED ,Counterfeiting/Forgery - Suspect Vehicle,REDACTED ,"Sedan, silver_grey, 008????","07/06/2026, 06:58:07 PM UTC",search,,
4d7c949b-da6a-4957-994a-c857035a7237,Amanda Schulte,Lee's Summit MO PD,1081,"06/22/2026, 07:00:23 PM UTC
07/06/2026, 07:00:23 PM UTC",REDACTED ,Robbery,REDACTED ,missouri,"07/06/2026, 06:56:25 PM UTC",lookup,,
973c26bc-25be-41cf-90e8-1b35e61d347b,Michael Reese,Lee's Summit MO PD,2,"06/06/2026, 07:00:10 PM UTC
07/06/2026, 07:00:10 PM UTC",REDACTED ,Counterfeiting/Forgery - Suspect Vehicle,REDACTED ,"Sedan, silver_grey","07/06/2026, 06:56:00 PM UTC",search,,
00fdedd7-0c29-4c4b-9ea5-8508d4a72d60,Michael Reese,Lee's Summit MO PD,1081,"06/06/2026, 07:00:10 PM UTC
07/06/2026, 07:00:10 PM UTC",REDACTED ,Counterfeiting/Forgery - Suspect Vehicle,REDACTED ,"Sedan, silver_grey","07/06/2026, 06:54:40 PM UTC",search,,
67e624f9-0523-40cd-b712-d7d309e6f808,Nathan Minahan,Lee's Summit MO PD,2,"07/06/2026, 03:30:00 PM UTC
07/06/2026, 07:00:00 PM UTC",REDACTED ,Larceny/Theft Offenses - theft,REDACTED ,"Sedan, Buick","07/06/2026, 06:53:49 PM UTC",search,,
db61bcd3-8d96-4205-a9e5-877dfae7be95,Nathan Minahan,Lee's Summit MO PD,2,"07/06/2026, 03:30:00 PM UTC
07/06/2026, 07:00:00 PM UTC",REDACTED ,Larceny/Theft Offenses - theft,REDACTED ,"Sedan, Buick, silver_grey","07/06/2026, 06:53:04 PM UTC",search,,
12ac5d04-be78-4ad7-8de0-3093d6ba6c4d,Nathan Minahan,Lee's Summit MO PD,2,"07/06/2026, 05:00:20 PM UTC
07/06/2026, 07:00:20 PM UTC",REDACTED ,Larceny/Theft Offenses - theft,REDACTED ,"Sedan, Buick, silver_grey","07/06/2026, 06:52:30 PM UTC",search,,
a2252213-52d0-41ad-b32d-e6c4ffbd8557,Michael Reese,Lee's Summit MO PD,2,"06/06/2026, 07:00:10 PM UTC
07/06/2026, 07:00:10 PM UTC",REDACTED ,Counterfeiting/Forgery - Suspect Vehicle,REDACTED ,"Sedan, silver_grey","07/06/2026, 06:52:04 PM UTC",search,,
20968ee5-b0b9-48c0-a197-eec8d138c8c4,Nathan Minahan,Lee's Summit MO PD,1080,"07/06/2026, 05:00:20 PM UTC
07/06/2026, 07:00:20 PM UTC",REDACTED ,Larceny/Theft Offenses - theft,REDACTED ,"Sedan, Buick, silver_grey","07/06/2026, 06:51:28 PM UTC",search,,
3abc15b7-76ef-4f01-8355-3d610d70f860,Michael Reese,Lee's Summit MO PD,2,"06/06/2026, 07:00:10 PM UTC
07/06/2026, 07:00:10 PM UTC",REDACTED ,Counterfeiting/Forgery - Suspect Vehicle,REDACTED ,"Sedan, silver_grey","07/06/2026, 06:51:26 PM UTC",search,,
55ebb8c5-bb4b-4f12-8f92-9a56a0b1b9a0,Michael Reese,Lee's Summit MO PD,2,"06/06/2026, 07:00:10 PM UTC
07/06/2026, 07:00:10 PM UTC",REDACTED ,Counterfeiting/Forgery - Suspect Vehicle,REDACTED ,"Sedan, Nissan, silver_grey","07/06/2026, 06:51:14 PM UTC",search,,
9fe07f09-d9a4-4049-89f4-a297e1451456,Michael Reese,Lee's Summit MO PD,2,"06/18/2026, 12:30:00 AM UTC
06/18/2026, 01:45:00 AM UTC",REDACTED ,Counterfeiting/Forgery - Suspect Vehicle,REDACTED ,"Sedan, silver_grey","07/06/2026, 06:49:59 PM UTC",search,,
b5b1a770-8416-4200-a0e1-b221a02bd41f,Michael Reese,Lee's Summit MO PD,2,"06/18/2026, 12:30:00 AM UTC
06/18/2026, 01:45:00 AM UTC",REDACTED ,Counterfeiting/Forgery - Suspect Vehicle,REDACTED ,"Sedan, silver_grey","07/06/2026, 06:49:22 PM UTC",search,,
f693a138-0fd5-4872-9996-671c98d1fdfa,Michael Reese,Lee's Summit MO PD,2,"06/18/2026, 01:00:00 AM UTC
06/18/2026, 01:30:00 AM UTC",REDACTED ,Counterfeiting/Forgery - Suspect Vehicle,REDACTED ,"Sedan, silver_grey","07/06/2026, 06:48:08 PM UTC",search,,
cf772db5-7fb7-46d4-befb-d971830242c3,Michael Reese,Lee's Summit MO PD,2,"06/18/2026, 01:00:00 AM UTC
06/18/2026, 01:30:00 AM UTC",REDACTED ,Counterfeiting/Forgery - Suspect Vehicle,REDACTED ,"Sedan, Nissan, silver_grey","07/06/2026, 06:47:33 PM UTC",search,,
89a6a8b7-f9e8-4e34-94ba-08fec61436e8,Jennifer Maynard,Lee's Summit MO PD,1081,"06/06/2026, 06:30:49 PM UTC
07/06/2026, 06:30:49 PM UTC",REDACTED ,Drugs/Narcotics,REDACTED ,,"07/06/2026, 06:27:52 PM UTC",lookup,,
66ce5ea0-2ddd-4686-b4fd-72f455d0b2ac,Derrick Liggett,Lee's Summit MO PD,2,"07/06/2026, 02:53:00 PM UTC
07/06/2026, 03:35:00 PM UTC",REDACTED ,Hit and Run/Car Accident,REDACTED ,,"07/06/2026, 03:38:28 PM UTC",lookup,,
628ab0bb-b203-42d6-96d5-c4b3c943a3df,Derrick Liggett,Lee's Summit MO PD,1,"07/06/2026, 02:53:00 PM UTC
07/06/2026, 03:35:00 PM UTC",REDACTED ,Hit and Run/Car Accident,REDACTED ,,"07/06/2026, 03:38:17 PM UTC",lookup,,
1e8e651e-db7d-46ad-aa60-ab1001083439,Darcy Boorem,Lee's Summit MO PD,1081,"06/06/2026, 04:00:07 PM UTC
07/06/2026, 04:00:07 PM UTC",REDACTED ,Driving Under the Influence (DUI/DWI/OWI/OVI),REDACTED ,,"07/06/2026, 03:30:10 PM UTC",lookup,,
49d703de-d1aa-4e98-8c51-d20c5087390d,Derrick Liggett,Lee's Summit MO PD,1,"07/06/2026, 02:53:14 PM UTC
07/06/2026, 03:08:14 PM UTC",REDACTED ,Hit and Run/Car Accident,REDACTED ,,"07/06/2026, 03:08:17 PM UTC",search,,
30d7a82d-458f-4a2c-8501-7a75ed646811,Scott McMilian,Lee's Summit MO PD,1080,"06/06/2026, 10:30:26 AM UTC
07/06/2026, 10:30:26 AM UTC",REDACTED ,Welfare Check,REDACTED ,,"07/06/2026, 10:24:30 AM UTC",lookup,,
8179b5b8-7539-4c59-b266-19ffbbdad1ce,Scott McMilian,Lee's Summit MO PD,2,"07/06/2026, 02:30:31 AM UTC
07/06/2026, 04:30:31 AM UTC",REDACTED ,Robbery,REDACTED ,,"07/06/2026, 07:59:47 AM UTC",lookup,,
de7f77cf-d028-42b7-9311-cd5258d861f6,Scott McMilian,Lee's Summit MO PD,1080,"06/29/2026, 07:30:56 AM UTC
07/06/2026, 07:30:56 AM UTC",REDACTED ,Hit and Run/Car Accident,REDACTED ,,"07/06/2026, 07:10:58 AM UTC",lookup,,
58ac6dbb-8eac-4f6c-973c-cd670e089909,Scott McMilian,Lee's Summit MO PD,1080,"06/29/2026, 07:00:59 AM UTC
07/06/2026, 07:00:59 AM UTC",REDACTED ,Welfare Check,REDACTED ,,"07/06/2026, 06:34:04 AM UTC",lookup,,
0c94fd09-be3d-4cff-9229-4c8e7e15899f,Scott McMilian,Lee's Summit MO PD,1080,"06/05/2026, 04:00:38 AM UTC
07/05/2026, 04:00:38 AM UTC",REDACTED ,Traffic Infraction,REDACTED ,,"07/06/2026, 06:07:15 AM UTC",lookup,,
0191cca9-f2fe-4e0f-b792-98322366b979,Scott McMilian,Lee's Summit MO PD,1080,"06/29/2026, 05:00:22 AM UTC
07/06/2026, 05:00:22 AM UTC",REDACTED ,Burglary/Breaking & Entering,REDACTED ,,"07/06/2026, 05:28:42 AM UTC",lookup,,
79fd923b-b4c7-493a-8183-fca74fe00d59,Scott McMilian,Lee's Summit MO PD,1080,"06/29/2026, 05:00:22 AM UTC
07/06/2026, 05:00:22 AM UTC",REDACTED ,Burglary/Breaking & Entering,REDACTED ,,"07/06/2026, 05:28:13 AM UTC",lookup,,
2adfe9df-22a7-4248-86d6-1f966647f13b,Scott McMilian,Lee's Summit MO PD,1080,"06/29/2026, 05:00:22 AM UTC
07/06/2026, 05:00:22 AM UTC",REDACTED ,Burglary/Breaking & Entering,REDACTED ,,"07/06/2026, 05:26:43 AM UTC",lookup,,
aeb609e7-f765-489f-a00c-dcfd0f7c0575,Scott McMilian,Lee's Summit MO PD,1080,"06/29/2026, 05:00:22 AM UTC
07/06/2026, 05:00:22 AM UTC",REDACTED ,Burglary/Breaking & Entering,REDACTED ,,"07/06/2026, 05:26:01 AM UTC",lookup,,
47d1e64c-11f4-48b0-9474-206c3047a978,Scott McMilian,Lee's Summit MO PD,1080,"07/05/2026, 04:57:59 AM UTC
07/06/2026, 04:57:59 AM UTC",REDACTED ,Burglary/Breaking & Entering,REDACTED ,FALSE,"07/06/2026, 04:58:50 AM UTC",convoy,,
3411898c-4c81-43e3-91ec-ddd82640a7d3,Scott McMilian,Lee's Summit MO PD,1080,"07/05/2026, 04:57:59 AM UTC
07/06/2026, 04:57:59 AM UTC",REDACTED ,Burglary/Breaking & Entering,REDACTED ,FALSE,"07/06/2026, 04:58:36 AM UTC",convoy,,
7726b3d7-f423-45c1-8935-5a6abe5d5757,Scott McMilian,Lee's Summit MO PD,1,"07/06/2026, 12:32:16 AM UTC
07/06/2026, 12:32:22 AM UTC",REDACTED ,Burglary/Breaking & Entering,REDACTED ,,"07/06/2026, 04:58:02 AM UTC",search,,
9ed22aa8-e871-46ab-a6ff-d44597817423,Scott McMilian,Lee's Summit MO PD,1080,"06/29/2026, 05:00:22 AM UTC
07/06/2026, 05:00:22 AM UTC",REDACTED ,Burglary/Breaking & Entering,REDACTED ,,"07/06/2026, 04:56:24 AM UTC",lookup,,
f25e9bd5-c505-4102-833e-2ff4b7c54b48,Scott McMilian,Lee's Summit MO PD,1080,"06/29/2026, 05:00:31 AM UTC
07/06/2026, 05:00:31 AM UTC",REDACTED ,Burglary/Breaking & Entering,REDACTED ,,"07/06/2026, 04:44:34 AM UTC",lookup,,
249e4b27-dbe6-40cd-90ac-b5c2b16fb5a7,Scott McMilian,Lee's Summit MO PD,2,"07/05/2026, 05:00:07 AM UTC
07/06/2026, 05:00:07 AM UTC",REDACTED ,Burglary/Breaking & Entering,REDACTED ,"Mercedes, red","07/06/2026, 04:42:17 AM UTC",search,,
41dd0d42-7d51-47b9-a41b-032cea596b18,Scott McMilian,Lee's Summit MO PD,2,"07/05/2026, 05:00:07 AM UTC
07/06/2026, 05:00:07 AM UTC",REDACTED ,Burglary/Breaking & Entering,REDACTED ,"red, florida","07/06/2026, 04:41:13 AM UTC",search,,
60026f2e-ce59-4653-9435-9392160b4e86,Scott McMilian,Lee's Summit MO PD,2,"07/05/2026, 05:00:07 AM UTC
07/06/2026, 05:00:07 AM UTC",REDACTED ,Burglary/Breaking & Entering,REDACTED ,"Mercedes, red, florida","07/06/2026, 04:41:09 AM UTC",search,,
3098b4cd-d049-4e59-b713-20265b53d4d3,Scott McMilian,Lee's Summit MO PD,1080,"06/06/2026, 04:30:10 AM UTC
07/06/2026, 04:30:10 AM UTC",REDACTED ,Burglary/Breaking & Entering,REDACTED ,,"07/06/2026, 04:39:09 AM UTC",lookup,,
8b1434fa-3055-4d77-92f0-10d18cacb8ce,Jordan McWhorter,Lee's Summit MO PD,349,"06/06/2026, 05:00:19 AM UTC
07/06/2026, 05:00:19 AM UTC",REDACTED ,Burglary/Breaking & Entering,REDACTED ,,"07/06/2026, 04:35:21 AM UTC",lookup,,
1c510a47-3d90-4cd3-bb31-a32ec54d7b2f,Jordan McWhorter,Lee's Summit MO PD,1080,"07/06/2026, 03:00:02 AM UTC
07/06/2026, 05:00:02 AM UTC",REDACTED ,Burglary/Breaking & Entering,REDACTED ,,"07/06/2026, 04:35:17 AM UTC",lookup,,
554fc0dc-1e0e-4a2e-b2c7-909a30783646,Scott McMilian,Lee's Summit MO PD,1080,"06/06/2026, 04:30:10 AM UTC
07/06/2026, 04:30:10 AM UTC",REDACTED ,Burglary/Breaking & Entering,REDACTED ,,"07/06/2026, 04:22:12 AM UTC",lookup,,
845f07a4-f9b5-4f95-8a06-d83c1b75656b,Scott McMilian,Lee's Summit MO PD,1080,"06/29/2026, 04:30:11 AM UTC
07/06/2026, 04:30:11 AM UTC",REDACTED ,Burglary/Breaking & Entering,REDACTED ,,"07/06/2026, 04:19:16 AM UTC",lookup,,
4ba18536-b439-44d3-897b-ab0307b3255a,Scott McMilian,Lee's Summit MO PD,1,"07/06/2026, 02:00:42 AM UTC
07/06/2026, 04:00:42 AM UTC",REDACTED ,Assault/Battery Offenses,REDACTED ,"Pickup, red","07/06/2026, 03:39:46 AM UTC",search,,
d409d6d6-1b80-4bd2-b5d8-bccebea208b3,Scott McMilian,Lee's Summit MO PD,1,"07/06/2026, 02:00:42 AM UTC
07/06/2026, 04:00:42 AM UTC",REDACTED ,Assault/Battery Offenses,REDACTED ,"Pickup, red","07/06/2026, 03:39:42 AM UTC",search,,
740d50df-a181-464f-a74c-0c3ddfb8be93,Scott McMilian,Lee's Summit MO PD,1,"07/06/2026, 02:00:42 AM UTC
07/06/2026, 04:00:42 AM UTC",REDACTED ,Assault/Battery Offenses,REDACTED ,"Pickup, red","07/06/2026, 03:39:39 AM UTC",search,,
8120f54d-78df-4c64-bdf2-9fabfb68309e,Scott McMilian,Lee's Summit MO PD,1080,"07/04/2026, 10:00:48 AM UTC
07/05/2026, 10:00:48 AM UTC",REDACTED ,Welfare Check,REDACTED ,,"07/06/2026, 03:38:12 AM UTC",lookup,,
1096bad8-8d0d-4c7c-a0ee-1b98212a1b27,Chloe Crowdes,Lee's Summit MO PD,2,"06/05/2026, 10:00:32 PM UTC
07/05/2026, 10:00:32 PM UTC",REDACTED ,Traffic Infraction - INVESTIGATION,REDACTED ,,"07/05/2026, 09:39:58 PM UTC",lookup,,
a4a2a485-4f4b-4b00-9092-e09a49291d03,Chloe Crowdes,Lee's Summit MO PD,1080,"06/05/2026, 10:00:32 PM UTC
07/05/2026, 10:00:32 PM UTC",REDACTED ,Traffic Infraction - INVESTIGATION,REDACTED ,,"07/05/2026, 09:39:38 PM UTC",lookup,,
a338e6e7-69ee-44a4-bda5-51536d339447,Shane Bush,Lee's Summit MO PD,2,"07/02/2026, 04:30:00 PM UTC
07/05/2026, 06:30:00 PM UTC",REDACTED ,Hit and Run/Car Accident - locate suspect vehicle,REDACTED ,"Pickup, Ford, silver_grey, missouri, 9H????","07/05/2026, 06:11:42 PM UTC",search,,
213821c8-742c-4ac1-be49-95ea784f8ad9,Shane Bush,Lee's Summit MO PD,2,"07/02/2026, 04:30:00 PM UTC
07/05/2026, 06:30:00 PM UTC",REDACTED ,Hit and Run/Car Accident - locate suspect vehicle,REDACTED ,"Pickup, Ford, silver_grey, missouri, 9H?????","07/05/2026, 06:11:16 PM UTC",search,,
1c830bb0-469f-4d3f-bfce-b9fc752f361c,Shane Bush,Lee's Summit MO PD,2,"07/02/2026, 04:30:00 PM UTC
07/05/2026, 06:30:00 PM UTC",REDACTED ,Hit and Run/Car Accident - locate suspect vehicle,REDACTED ,"Pickup, Ford, silver_grey, missouri","07/05/2026, 06:10:33 PM UTC",search,,
3bf79108-5d0b-44a7-a6bc-dc429f300cd5,Shane Bush,Lee's Summit MO PD,1080,"07/02/2026, 04:30:00 PM UTC
07/05/2026, 06:30:00 PM UTC",REDACTED ,Hit and Run/Car Accident - locate suspect vehicle,REDACTED ,"Pickup, Ford, silver_grey, missouri","07/05/2026, 06:10:15 PM UTC",search,,
5e035f39-e2de-4a24-be08-6751e72a9836,Chloe Crowdes,Lee's Summit MO PD,6251,"06/05/2026, 05:00:22 PM UTC
07/05/2026, 05:00:22 PM UTC",REDACTED ,Wanted Person (Arrest Warrant/Fugitive) - Redacted ,REDACTED ,missouri,"07/05/2026, 04:37:24 PM UTC",lookup,,
f3fa3c43-5531-4803-87a2-a6a46e7c4382,Chloe Crowdes,Lee's Summit MO PD,6251,"07/04/2026, 04:30:56 PM UTC
07/05/2026, 04:30:56 PM UTC",REDACTED ,Wanted Person (Arrest Warrant/Fugitive) - Redacted ,REDACTED ,,"07/05/2026, 04:36:40 PM UTC",lookup,,
e12631b3-7b39-4970-a8fb-991e1be20581,Chloe Crowdes,Lee's Summit MO PD,6251,"07/04/2026, 04:30:56 PM UTC
07/05/2026, 04:30:56 PM UTC",REDACTED ,Wanted Person (Arrest Warrant/Fugitive) - Redacted ,REDACTED ,,"07/05/2026, 04:30:00 PM UTC",lookup,,
f1ccb99c-ea1f-45ae-a4ed-4ce8b30342e5,Chloe Crowdes,Lee's Summit MO PD,6251,"06/05/2026, 04:26:07 PM UTC
07/05/2026, 04:26:07 PM UTC",REDACTED ,Wanted Person (Arrest Warrant/Fugitive) - Redacted ,REDACTED ,,"07/05/2026, 04:26:10 PM UTC",lookup,,
d1055814-f9cc-4ea4-90fc-6fe40153b233,Chloe Crowdes,Lee's Summit MO PD,1080,"07/03/2026, 04:30:19 PM UTC
07/05/2026, 04:30:19 PM UTC",REDACTED ,Wanted Person (Arrest Warrant/Fugitive) - Redacted ,REDACTED ,"Infiniti, black, missouri, EB","07/05/2026, 04:25:36 PM UTC",search,,
f8306459-29f5-4210-bdeb-7d73ad1c35b3,Chloe Crowdes,Lee's Summit MO PD,1080,"07/03/2026, 04:30:19 PM UTC
07/05/2026, 04:30:19 PM UTC",REDACTED ,Wanted Person (Arrest Warrant/Fugitive) - Redacted ,REDACTED ,"Infiniti, black, missouri, REDACTED ","07/05/2026, 04:25:22 PM UTC",search,,
35774fc3-e1da-4539-8c06-c42507f343fd,Chloe Crowdes,Lee's Summit MO PD,2,"06/05/2026, 04:30:57 PM UTC
07/05/2026, 04:30:57 PM UTC",REDACTED ,Wanted Person (Arrest Warrant/Fugitive) - Redacted ,REDACTED ,"Infiniti, black, REDACTED ","07/05/2026, 04:25:02 PM UTC",search,,
3f40743e-70c4-431e-afff-ff3087f9cc28,Chloe Crowdes,Lee's Summit MO PD,2,"06/05/2026, 04:30:57 PM UTC
07/05/2026, 04:30:57 PM UTC",REDACTED ,Wanted Person (Arrest Warrant/Fugitive) - Redacted ,REDACTED ,,"07/05/2026, 04:24:25 PM UTC",lookup,,
befc9e5f-55b7-4d91-a655-5829763c9f6b,Chloe Crowdes,Lee's Summit MO PD,349,"06/05/2026, 04:30:57 PM UTC
07/05/2026, 04:30:57 PM UTC",REDACTED ,Wanted Person (Arrest Warrant/Fugitive) - Redacted ,REDACTED ,,"07/05/2026, 04:23:59 PM UTC",lookup,,
382953b8-0692-4f4b-bccd-b4fdd67c97c8,Chloe Crowdes,Lee's Summit MO PD,6251,"06/05/2026, 04:30:38 PM UTC
07/05/2026, 04:30:38 PM UTC",REDACTED ,Wanted Person (Arrest Warrant/Fugitive) - Redacted ,REDACTED ,,"07/05/2026, 04:23:51 PM UTC",lookup,,
ed1ce507-51a0-4857-946d-c2635b1f881c,Chloe Crowdes,Lee's Summit MO PD,6251,"06/05/2026, 04:30:38 PM UTC
07/05/2026, 04:30:38 PM UTC",REDACTED ,Wanted Person (Arrest Warrant/Fugitive) - Redacted ,REDACTED ,missouri,"07/05/2026, 04:23:44 PM UTC",lookup,,
34253c60-f88a-4d04-b338-f360dd5e5a8e,Nicolet Dyer,Lee's Summit MO PD,1081,"06/05/2026, 02:00:23 PM UTC
07/05/2026, 02:00:23 PM UTC",REDACTED ,Hit and Run/Car Accident,REDACTED ,REDACTED ,"07/05/2026, 01:36:43 PM UTC",search,,
7f780308-7223-4450-b3e4-f77ce347da69,Nicolet Dyer,Lee's Summit MO PD,6252,"06/05/2026, 02:00:23 PM UTC
07/05/2026, 02:00:23 PM UTC",REDACTED ,Hit and Run/Car Accident,REDACTED ,,"07/05/2026, 01:35:25 PM UTC",lookup,,
b54df3da-f34c-4046-9501-beeefd6bf4d3,Nicolet Dyer,Lee's Summit MO PD,1081,"07/05/2026, 12:00:06 PM UTC
07/05/2026, 02:00:06 PM UTC",REDACTED ,Hit and Run/Car Accident,REDACTED ,,"07/05/2026, 01:35:16 PM UTC",lookup,,
1fa60193-9552-470b-bfa6-197c9c2b980c,Scott McMilian,Lee's Summit MO PD,1080,"07/04/2026, 10:00:48 AM UTC
07/05/2026, 10:00:48 AM UTC",REDACTED ,Welfare Check,REDACTED ,,"07/05/2026, 09:30:50 AM UTC",lookup,,
1f8719e0-2f59-49b9-8ae0-ef72175860af,Scott McMilian,Lee's Summit MO PD,1080,"06/28/2026, 07:00:47 AM UTC
07/05/2026, 07:00:47 AM UTC",REDACTED ,Obstructing the Police (Fleeing/Eluding),REDACTED ,,"07/05/2026, 06:51:50 AM UTC",lookup,,
8ab4f060-8e5c-47bb-a1b7-94ae05490e30,Scott McMilian,Lee's Summit MO PD,1,"07/05/2026, 03:30:29 AM UTC
07/05/2026, 05:30:29 AM UTC",REDACTED ,Obstructing the Police (Fleeing/Eluding),REDACTED ,,"07/05/2026, 05:28:31 AM UTC",search,,
f42fa7cd-8e95-47c3-a644-cfd78d3f1d84,Scott McMilian,Lee's Summit MO PD,1,"07/05/2026, 03:30:29 AM UTC
07/05/2026, 05:30:29 AM UTC",REDACTED ,Obstructing the Police (Fleeing/Eluding),REDACTED ,,"07/05/2026, 05:28:15 AM UTC",search,,
881f2c32-ddb2-4380-a2e4-1f8c96baceee,Scott McMilian,Lee's Summit MO PD,1080,"06/20/2026, 09:00:03 AM UTC
07/04/2026, 09:00:03 AM UTC",REDACTED ,Obstructing the Police (Fleeing/Eluding),REDACTED ,,"07/05/2026, 05:27:10 AM UTC",lookup,,
2953e106-2e3a-4eed-aecd-ee625cfe5d0b,Scott McMilian,Lee's Summit MO PD,1080,"06/27/2026, 10:00:48 AM UTC
07/04/2026, 10:00:48 AM UTC",REDACTED ,Obstructing the Police (Fleeing/Eluding),REDACTED ,,"07/05/2026, 03:38:22 AM UTC",lookup,,
ba38855c-2646-4b5b-bb32-994b1208ef6d,Scott McMilian,Lee's Summit MO PD,1,"06/22/2026, 04:53:51 PM UTC
06/22/2026, 04:53:57 PM UTC",REDACTED ,Traffic Infraction,REDACTED ,,"07/05/2026, 03:38:14 AM UTC",search,,
227a1e02-4315-4817-9af4-dabb8af28f87,Scott McMilian,Lee's Summit MO PD,1080,"06/05/2026, 04:00:38 AM UTC
07/05/2026, 04:00:38 AM UTC",REDACTED ,Traffic Infraction,REDACTED ,,"07/05/2026, 03:37:20 AM UTC",lookup,,
ef13a122-631a-456c-892d-f9608785939d,Scott McMilian,Lee's Summit MO PD,1080,"06/05/2026, 04:00:38 AM UTC
07/05/2026, 04:00:38 AM UTC",REDACTED ,Traffic Infraction,REDACTED ,,"07/05/2026, 03:36:40 AM UTC",lookup,,
a9de4ae6-5b69-43b8-b494-50301186fc35,Scott McMilian,Lee's Summit MO PD,2,"06/04/2026, 10:00:24 AM UTC
07/04/2026, 10:00:24 AM UTC",REDACTED ,Stolen Property Offenses,REDACTED ,,"07/05/2026, 03:35:40 AM UTC",freeform,objectClass:vehicle GOLD SEDAN WITH RED HOOD AND WHITE FENDER,allow
1b6f08dc-e3b3-45dc-b77b-94ad21f7eb4e,Jacob White,Lee's Summit MO PD,1080,"06/28/2026, 02:00:42 AM UTC
07/05/2026, 02:00:42 AM UTC",REDACTED ,Traffic Infraction,REDACTED ,,"07/05/2026, 01:41:44 AM UTC",lookup,,
1bb45dad-5c20-4f9a-9f4e-5445a0b1de8f,Scott McMilian,Lee's Summit MO PD,2,"07/04/2026, 05:33:38 PM UTC
07/04/2026, 11:33:38 PM UTC",REDACTED ,Welfare Check,REDACTED ,"Volkswagen, black","07/04/2026, 11:33:41 PM UTC",search - Mobile,,
fb19542d-430a-405e-a32f-16e748c29cd0,Scott McMilian,Lee's Summit MO PD,2,"07/04/2026, 05:32:53 PM UTC
07/04/2026, 11:32:53 PM UTC",REDACTED ,Welfare Check,REDACTED ,,"07/04/2026, 11:32:58 PM UTC",search - Mobile,,
4c1d8fb2-72a8-442a-a56e-7dd7ba52214c,Nicolet Dyer,Lee's Summit MO PD,1057,"07/03/2026, 07:00:00 PM UTC
07/03/2026, 09:15:00 PM UTC",REDACTED ,Financial Crime (Embezzlement/Fraud) - FOR PARK RANGER,REDACTED ,"Ram, black","07/04/2026, 10:51:39 PM UTC",search,,
2508a0c7-aac0-4d0d-9aa0-9ddfcde9559d,Chloe Crowdes,Lee's Summit MO PD,2,"07/04/2026, 08:00:03 PM UTC
07/04/2026, 10:00:03 PM UTC",REDACTED ,Wanted Person (Arrest Warrant/Fugitive) - wanted person,REDACTED ,"Pickup, Chevrolet, red","07/04/2026, 09:51:42 PM UTC",search,,
9112c3a5-876d-4379-afca-59ce4eff3ea0,Chloe Crowdes,Lee's Summit MO PD,6251,"07/04/2026, 07:30:26 PM UTC
07/04/2026, 09:30:26 PM UTC",REDACTED ,Motor Vehicle Theft/Stolen,REDACTED ,,"07/04/2026, 09:21:38 PM UTC",lookup,,
7e8292f2-abcf-4e9b-9c59-17ac47b3dd92,Dalton Sterbenz,Lee's Summit MO PD,6251,"06/04/2026, 09:30:53 PM UTC
07/04/2026, 09:30:53 PM UTC",REDACTED ,Stolen Property Offenses,REDACTED ,,"07/04/2026, 09:12:11 PM UTC",lookup,,
43fbda8d-87cb-49c3-97d4-a1ecb3309ac9,Dalton Sterbenz,Lee's Summit MO PD,6251,"06/04/2026, 09:30:53 PM UTC
07/04/2026, 09:30:53 PM UTC",REDACTED ,Stolen Property Offenses,REDACTED ,,"07/04/2026, 09:11:57 PM UTC",lookup,,
c0c26c2e-7bd9-446d-83bf-62c80452ded5,Chloe Crowdes,Lee's Summit MO PD,6251,"06/04/2026, 03:00:21 PM UTC
07/04/2026, 03:00:21 PM UTC",REDACTED ,Weapons Offense (Guns/Shots Fired) - weapons offense,REDACTED ,,"07/04/2026, 02:39:05 PM UTC",lookup,,
d4570b19-ab31-484b-99bb-e4c6d389dee7,Chloe Crowdes,Lee's Summit MO PD,6251,"06/04/2026, 03:00:21 PM UTC
07/04/2026, 03:00:21 PM UTC",REDACTED ,Weapons Offense (Guns/Shots Fired) - weapons offense,REDACTED ,,"07/04/2026, 02:38:47 PM UTC",lookup,,
4fe795e9-59f1-4944-96b7-3c2d92ec9e0d,Chloe Crowdes,Lee's Summit MO PD,6251,"06/04/2026, 03:00:21 PM UTC
07/04/2026, 03:00:21 PM UTC",REDACTED ,Weapons Offense (Guns/Shots Fired) - weapons offense,REDACTED ,,"07/04/2026, 02:38:19 PM UTC",lookup,,
d8cea563-8cf7-4c85-aac2-10f4c160eeab,Chloe Crowdes,Lee's Summit MO PD,6251,"06/04/2026, 03:00:21 PM UTC
07/04/2026, 03:00:21 PM UTC",REDACTED ,Weapons Offense (Guns/Shots Fired) - weapons offense,REDACTED ,,"07/04/2026, 02:37:55 PM UTC",lookup,,
d816f06b-f982-4e18-8fa3-468aca47e872,Chloe Crowdes,Lee's Summit MO PD,6251,"06/04/2026, 03:00:21 PM UTC
07/04/2026, 03:00:21 PM UTC",REDACTED ,Weapons Offense (Guns/Shots Fired) - weapons offense,REDACTED ,,"07/04/2026, 02:37:44 PM UTC",lookup,,
6efdaac5-c328-4e5d-9b04-4bc625290c07,Chloe Crowdes,Lee's Summit MO PD,6251,"06/04/2026, 03:00:21 PM UTC
07/04/2026, 03:00:21 PM UTC",REDACTED ,Weapons Offense (Guns/Shots Fired) - weapons offense,REDACTED ,,"07/04/2026, 02:37:23 PM UTC",lookup,,
4468bcb4-a79f-473e-84fc-104f287e8d48,Chloe Crowdes,Lee's Summit MO PD,6251,"07/03/2026, 03:00:06 PM UTC
07/04/2026, 03:00:06 PM UTC",REDACTED ,Weapons Offense (Guns/Shots Fired) - weapons offense,REDACTED ,,"07/04/2026, 02:37:10 PM UTC",lookup,,
e4d816ec-903e-41fb-863d-e58d546b7048,Chloe Crowdes,Lee's Summit MO PD,6251,"06/27/2026, 03:00:38 PM UTC
07/04/2026, 03:00:38 PM UTC",REDACTED ,Weapons Offense (Guns/Shots Fired) - weapons offense,REDACTED ,,"07/04/2026, 02:31:43 PM UTC",lookup,,
e8a18796-b05b-41bd-89de-399bc3a46415,Chloe Crowdes,Lee's Summit MO PD,6251,"07/03/2026, 02:30:47 PM UTC
07/04/2026, 02:30:47 PM UTC",REDACTED ,Weapons Offense (Guns/Shots Fired) - weapons offense,REDACTED ,missouri,"07/04/2026, 02:31:35 PM UTC",lookup,,
910c3948-fa1a-4961-baa3-d564273a05e8,Jonathan Cooley,Lee's Summit MO PD,1080,"07/04/2026, 12:30:02 PM UTC
07/04/2026, 02:30:02 PM UTC",REDACTED ,Weapons Offense (Guns/Shots Fired),REDACTED ,missouri,"07/04/2026, 02:26:25 PM UTC",lookup,,
54d43386-0781-498e-93fe-f4898afbf369,Chloe Crowdes,Lee's Summit MO PD,6251,"07/03/2026, 02:30:47 PM UTC
07/04/2026, 02:30:47 PM UTC",REDACTED ,Weapons Offense (Guns/Shots Fired) - weapons offense,REDACTED ,missouri,"07/04/2026, 02:25:50 PM UTC",lookup,,
13912af7-88ce-49f3-ab70-d3a64d47e92a,Chloe Crowdes,Lee's Summit MO PD,6251,"06/27/2026, 02:30:14 PM UTC
07/04/2026, 02:30:14 PM UTC",REDACTED ,Weapons Offense (Guns/Shots Fired) - weapons offense,REDACTED ,missouri,"07/04/2026, 02:25:16 PM UTC",lookup,,
56e0176e-3f94-4aca-8ca6-6fa457843dc7,Scott McMilian,Lee's Summit MO PD,1,"07/02/2026, 09:32:15 PM UTC
07/02/2026, 09:32:21 PM UTC",REDACTED ,Stolen Property Offenses,REDACTED ,,"07/04/2026, 10:01:30 AM UTC",search,,
baedd627-0748-4a69-b746-ca5141cae6bc,Scott McMilian,Lee's Summit MO PD,1,"06/24/2026, 07:33:40 PM UTC
06/24/2026, 07:33:46 PM UTC",REDACTED ,Stolen Property Offenses,REDACTED ,,"07/04/2026, 09:58:46 AM UTC",search,,
e264f198-7c1a-404d-8f3e-d4ebea5d1836,Scott McMilian,Lee's Summit MO PD,1,"06/18/2026, 06:11:19 PM UTC
06/18/2026, 06:11:25 PM UTC",REDACTED ,Stolen Property Offenses,REDACTED ,,"07/04/2026, 09:50:05 AM UTC",search,,
0b92059a-9290-4756-916d-39fd939f2622,Scott McMilian,Lee's Summit MO PD,2,"06/04/2026, 10:00:24 AM UTC
07/04/2026, 10:00:24 AM UTC",REDACTED ,Stolen Property Offenses,REDACTED ,,"07/04/2026, 09:43:38 AM UTC",freeform,objectClass:vehicle GOLD SEDAN WITH RED HOOD AND WHITE FENDER,allow
1df7c95d-eceb-4b6a-a658-ffbc25faf2bc,Scott McMilian,Lee's Summit MO PD,2,"06/04/2026, 10:00:24 AM UTC
07/04/2026, 10:00:24 AM UTC",REDACTED ,Stolen Property Offenses,REDACTED ,,"07/04/2026, 09:42:33 AM UTC",freeform,objectClass:vehicle GOLD CAR WITH RED HOOD,allow
85e082c2-a806-40f6-92e2-c42a3d6fe508,Scott McMilian,Lee's Summit MO PD,1080,"06/27/2026, 10:00:48 AM UTC
07/04/2026, 10:00:48 AM UTC",REDACTED ,Obstructing the Police (Fleeing/Eluding),REDACTED ,,"07/04/2026, 09:35:50 AM UTC",lookup,,
fb0314de-62f0-4843-a459-e8f160550972,Scott McMilian,Lee's Summit MO PD,1080,"07/03/2026, 09:00:52 AM UTC
07/04/2026, 09:00:52 AM UTC",REDACTED ,Obstructing the Police (Fleeing/Eluding),REDACTED ,,"07/04/2026, 08:59:19 AM UTC",lookup,,
fb278a8b-d98f-4d19-a243-6943a5052e6f,Scott McMilian,Lee's Summit MO PD,1080,"06/20/2026, 09:00:03 AM UTC
07/04/2026, 09:00:03 AM UTC",REDACTED ,Obstructing the Police (Fleeing/Eluding),REDACTED ,,"07/04/2026, 08:36:22 AM UTC",lookup,,
2f9d64f2-ffc3-4c50-838c-29c819dff0bb,Scott McMilian,Lee's Summit MO PD,1080,"06/20/2026, 09:00:03 AM UTC
07/04/2026, 09:00:03 AM UTC",REDACTED ,Obstructing the Police (Fleeing/Eluding),REDACTED ,,"07/04/2026, 08:36:07 AM UTC",lookup,,
49889a0a-d0ae-4fa2-a9d5-c60c54b8e7ad,Scott McMilian,Lee's Summit MO PD,1080,"07/03/2026, 09:00:52 AM UTC
07/04/2026, 09:00:52 AM UTC",REDACTED ,Obstructing the Police (Fleeing/Eluding),REDACTED ,,"07/04/2026, 08:35:53 AM UTC",lookup,,
b5ab11a7-0912-4ddb-b3b5-ddd8d1e1dfa0,Scott McMilian,Lee's Summit MO PD,1080,"06/27/2026, 08:30:21 AM UTC
07/04/2026, 08:30:21 AM UTC",REDACTED ,Obstructing the Police (Fleeing/Eluding),REDACTED ,,"07/04/2026, 08:27:23 AM UTC",lookup,,
c0bd598c-ab4d-437b-aacf-ab08e437ae3b,Scott McMilian,Lee's Summit MO PD,1080,"07/03/2026, 08:30:12 AM UTC
07/04/2026, 08:30:12 AM UTC",REDACTED ,Obstructing the Police (Fleeing/Eluding),REDACTED ,,"07/04/2026, 08:20:14 AM UTC",lookup,,
132bd173-a72d-454a-ba1e-20ef56c1ea74,Scott McMilian,Lee's Summit MO PD,1080,"06/20/2026, 08:30:31 AM UTC
07/04/2026, 08:30:31 AM UTC",REDACTED ,Obstructing the Police (Fleeing/Eluding),REDACTED ,,"07/04/2026, 08:09:33 AM UTC",lookup,,
ca6a0078-de1f-4ed8-b6bb-909346004019,Scott McMilian,Lee's Summit MO PD,1080,"06/27/2026, 08:30:36 AM UTC
07/04/2026, 08:30:36 AM UTC",REDACTED ,Obstructing the Police (Fleeing/Eluding),REDACTED ,,"07/04/2026, 08:08:38 AM UTC",lookup,,
aaf4fb2b-c7e3-43af-ae7c-9675fbec5c6e,Scott McMilian,Lee's Summit MO PD,1080,"07/04/2026, 07:45:08 AM UTC
07/04/2026, 08:00:08 AM UTC",REDACTED ,Obstructing the Police (Fleeing/Eluding),REDACTED ,,"07/04/2026, 08:05:50 AM UTC",lookup,,
b76cd5ef-c416-44f4-991b-38be42c24c35,Scott McMilian,Lee's Summit MO PD,2,"06/27/2026, 08:30:46 AM UTC
07/04/2026, 08:30:46 AM UTC",REDACTED ,Obstructing the Police (Fleeing/Eluding),REDACTED ,,"07/04/2026, 08:00:48 AM UTC",lookup,,
0856d320-b241-49b1-a37f-3745448d4f4a,Scott McMilian,Lee's Summit MO PD,1,"07/04/2026, 07:45:08 AM UTC
07/04/2026, 08:00:08 AM UTC",REDACTED ,Obstructing the Police (Fleeing/Eluding),REDACTED ,,"07/04/2026, 08:00:16 AM UTC",search,,
622c1492-53b2-46b0-804b-2f6c3c48dbaa,Scott McMilian,Lee's Summit MO PD,2,"07/03/2026, 04:53:00 AM UTC
07/03/2026, 05:20:00 AM UTC",REDACTED ,Obstructing the Police (Fleeing/Eluding),REDACTED ,,"07/04/2026, 07:58:24 AM UTC",search,,
89e59fa3-edde-4080-bc87-cd8abc3ee67d,Andrew Ewing,Lee's Summit MO PD,2,"06/27/2026, 05:30:12 AM UTC
07/04/2026, 05:30:12 AM UTC",REDACTED ,Drugs/Narcotics,REDACTED ,,"07/04/2026, 05:48:34 AM UTC",lookup,,
79824e68-237c-4949-9985-d8f079d72906,Andrew Ewing,Lee's Summit MO PD,2,"06/27/2026, 05:30:12 AM UTC
07/04/2026, 05:30:12 AM UTC",REDACTED ,Drugs/Narcotics,REDACTED ,,"07/04/2026, 05:46:44 AM UTC",lookup,,
d8ab2866-e139-44e2-a619-cb65166cf43d,Scott McMilian,Lee's Summit MO PD,1080,"06/03/2026, 06:00:46 AM UTC
07/03/2026, 06:00:46 AM UTC",REDACTED ,Obstructing the Police (Fleeing/Eluding),REDACTED ,,"07/04/2026, 05:22:18 AM UTC",lookup,,
220f87d6-f150-475c-9c3a-e73d0f067080,Andrew Ewing,Lee's Summit MO PD,2,"06/27/2026, 05:30:12 AM UTC
07/04/2026, 05:30:12 AM UTC",REDACTED ,Drugs/Narcotics,REDACTED ,,"07/04/2026, 05:15:15 AM UTC",lookup,,
fb5bc8cc-c13c-465a-bf4e-5bb3fd8aa452,Andrew Ewing,Lee's Summit MO PD,2,"06/27/2026, 05:30:12 AM UTC
07/04/2026, 05:30:12 AM UTC",REDACTED ,Drugs/Narcotics,REDACTED ,,"07/04/2026, 05:11:14 AM UTC",lookup,,
f56f4195-2efa-4db5-a7b5-81e15f89e5fd,Andrew Ewing,Lee's Summit MO PD,2,"07/03/2026, 03:00:08 AM UTC
07/04/2026, 03:00:08 AM UTC",REDACTED ,Traffic Infraction - TRAINING,REDACTED ,,"07/04/2026, 02:53:13 AM UTC",lookup,,
95802652-d0f5-4928-8e6a-08c2a445fabf,Andrew Ewing,Lee's Summit MO PD,1081,"07/03/2026, 12:30:08 AM UTC
07/04/2026, 12:30:08 AM UTC",REDACTED ,Larceny/Theft Offenses,REDACTED ,,"07/04/2026, 12:32:27 AM UTC",lookup,,
f2f1a62c-3cf3-4dec-893e-5b9aa24f18e4,Andrew Ewing,Lee's Summit MO PD,1081,"07/03/2026, 12:30:08 AM UTC
07/04/2026, 12:30:08 AM UTC",REDACTED ,Larceny/Theft Offenses,REDACTED ,,"07/04/2026, 12:27:11 AM UTC",lookup,,
ec66a024-7291-4018-a52b-db61b7d8626d,Andrew Ewing,Lee's Summit MO PD,1081,"07/03/2026, 12:30:37 AM UTC
07/04/2026, 12:30:37 AM UTC",REDACTED ,Larceny/Theft Offenses,REDACTED ,,"07/04/2026, 12:22:39 AM UTC",lookup,,
e91cf1dd-a30d-4f09-97c7-f92ec1dd04d0,Andrew Ewing,Lee's Summit MO PD,1081,"07/03/2026, 12:30:29 AM UTC
07/04/2026, 12:30:29 AM UTC",REDACTED ,Larceny/Theft Offenses,REDACTED ,,"07/04/2026, 12:14:49 AM UTC",lookup,,
8fa85667-646d-4743-98ce-ccd420d67a06,Andrew Ewing,Lee's Summit MO PD,1081,"07/03/2026, 12:30:29 AM UTC
07/04/2026, 12:30:29 AM UTC",REDACTED ,Larceny/Theft Offenses,REDACTED ,,"07/04/2026, 12:11:31 AM UTC",lookup,,
d46fdd59-fbea-433b-a026-e09b3f39d893,Andrew Ewing,Lee's Summit MO PD,1081,"07/03/2026, 12:30:02 AM UTC
07/04/2026, 12:30:02 AM UTC",REDACTED ,Larceny/Theft Offenses,REDACTED ,,"07/04/2026, 12:02:05 AM UTC",lookup,,
ece0e056-38f5-430e-b3fc-27b4b8fdbb89,Andrew Ewing,Lee's Summit MO PD,1081,"06/27/2026, 12:00:16 AM UTC
07/04/2026, 12:00:16 AM UTC",REDACTED ,Larceny/Theft Offenses,REDACTED ,,"07/03/2026, 11:59:21 PM UTC",lookup,,
b4f21c6b-7499-4181-b8e7-754bbaf68547,Jordan McWhorter,Lee's Summit MO PD,349,"06/03/2026, 11:00:35 PM UTC
07/03/2026, 11:00:35 PM UTC",REDACTED ,Drugs/Narcotics,REDACTED ,,"07/03/2026, 10:47:37 PM UTC",lookup,,
9ed7ebff-df50-49bc-8d3b-c3074da71e3b,Jonathan Cooley,Lee's Summit MO PD,1080,"07/03/2026, 08:00:55 PM UTC
07/03/2026, 10:00:55 PM UTC",REDACTED ,Assault/Battery Offenses,REDACTED ,kansas,"07/03/2026, 09:46:27 PM UTC",lookup,,
20d2dbcc-de07-4380-803b-5ef984027694,Jonathan Cooley,Lee's Summit MO PD,1080,"07/03/2026, 08:00:55 PM UTC
07/03/2026, 10:00:55 PM UTC",REDACTED ,Assault/Battery Offenses,REDACTED ,kansas,"07/03/2026, 09:45:17 PM UTC",lookup,,
ec0b5c9f-a077-443f-aab2-1fdae45c17aa,Jonathan Cooley,Lee's Summit MO PD,1080,"07/03/2026, 08:00:55 PM UTC
07/03/2026, 10:00:55 PM UTC",REDACTED ,Assault/Battery Offenses,REDACTED ,kansas,"07/03/2026, 09:38:32 PM UTC",lookup,,
8dcffdde-2f94-4d89-a774-f6f90da30e55,Jonathan Cooley,Lee's Summit MO PD,1080,"06/26/2026, 10:00:21 PM UTC
07/03/2026, 10:00:21 PM UTC",REDACTED ,Assault/Battery Offenses,REDACTED ,kansas,"07/03/2026, 09:32:26 PM UTC",lookup,,
07a18dea-d779-4465-8b0b-1864b88c34dd,Jonathan Cooley,Lee's Summit MO PD,1080,"07/03/2026, 07:30:57 PM UTC
07/03/2026, 09:30:57 PM UTC",REDACTED ,Assault/Battery Offenses,REDACTED ,kansas,"07/03/2026, 09:30:15 PM UTC",lookup,,
c019de8e-7d7c-463e-973f-b1c6308db2f8,Dalton Sterbenz,Lee's Summit MO PD,6251,"06/03/2026, 09:30:55 PM UTC
07/03/2026, 09:30:55 PM UTC",REDACTED ,Assault/Battery Offenses,REDACTED ,,"07/03/2026, 09:29:57 PM UTC",lookup,,
c7419e7f-7e5a-4edd-af30-b459fb4c1d3d,Dalton Sterbenz,Lee's Summit MO PD,1080,"07/03/2026, 07:30:32 PM UTC
07/03/2026, 09:30:32 PM UTC",REDACTED ,Assault/Battery Offenses,REDACTED ,,"07/03/2026, 09:29:49 PM UTC",lookup,,
5b6858a4-98b3-4d4a-97e0-f571f641d196,Chloe Crowdes,Lee's Summit MO PD,2,"07/03/2026, 08:48:07 PM UTC
07/03/2026, 09:03:07 PM UTC",REDACTED ,Assault/Battery Offenses - dv,REDACTED ,"Mercedes, black","07/03/2026, 09:03:10 PM UTC",search,,
e3dbbd56-6ff3-429d-b82b-22c0443c8ec4,Chloe Crowdes,Lee's Summit MO PD,2,"07/03/2026, 08:42:50 PM UTC
07/03/2026, 08:57:50 PM UTC",REDACTED ,Assault/Battery Offenses - dv,REDACTED ,"Mercedes, black","07/03/2026, 08:57:59 PM UTC",search,,
c0334481-3f53-45a6-b369-05364f41022e,Brent Evans,Lee's Summit MO PD,6252,"06/03/2026, 07:30:47 PM UTC
07/03/2026, 07:30:47 PM UTC",REDACTED ,Sex Offenses - The Charles ,REDACTED ,,"07/03/2026, 07:22:39 PM UTC",lookup,,
6306acf5-5b2a-4d77-b314-b4b5bacc2068,Brent Evans,Lee's Summit MO PD,6252,"06/03/2026, 07:30:47 PM UTC
07/03/2026, 07:30:47 PM UTC",REDACTED ,Sex Offenses - The Charles ,REDACTED ,,"07/03/2026, 07:21:49 PM UTC",lookup,,
82b0ac07-c10e-492f-807a-a3cbd6eb982c,Brent Evans,Lee's Summit MO PD,6252,"06/19/2026, 07:30:54 PM UTC
07/03/2026, 07:30:54 PM UTC",REDACTED ,Sex Offenses - The Charles ,REDACTED ,,"07/03/2026, 07:17:55 PM UTC",lookup,,
66ab0041-9979-466c-920c-72fc0a908a01,Brent Evans,Lee's Summit MO PD,6252,"06/26/2026, 07:30:49 PM UTC
07/03/2026, 07:30:49 PM UTC",REDACTED ,Sex Offenses - The Charles ,REDACTED ,,"07/03/2026, 07:17:51 PM UTC",lookup,,
d68668fb-e661-4007-9e81-517da6712727,Brent Evans,Lee's Summit MO PD,6252,"07/03/2026, 05:30:33 PM UTC
07/03/2026, 07:30:33 PM UTC",REDACTED ,Sex Offenses - The Charles ,REDACTED ,,"07/03/2026, 07:17:43 PM UTC",lookup,,
d5966d20-f2a4-4dac-8615-7b6626433411,Chloe Crowdes,Lee's Summit MO PD,6251,"06/03/2026, 07:00:03 PM UTC
07/03/2026, 07:00:03 PM UTC",REDACTED ,Child Abuse/Neglect - child abuse,REDACTED ,missouri,"07/03/2026, 06:43:07 PM UTC",lookup,,
26c8b057-4d93-4082-87e5-4eab1e37d379,Allison Esterley,Lee's Summit MO PD,1081,"07/03/2026, 04:30:29 PM UTC
07/03/2026, 06:30:29 PM UTC",REDACTED ,Stolen Property Offenses,REDACTED ,,"07/03/2026, 06:09:46 PM UTC",lookup,,
4633fb49-fb0c-4059-ab29-2126d252c9af,Shane Bush,Lee's Summit MO PD,2,"07/03/2026, 01:00:00 PM UTC
07/03/2026, 06:00:00 PM UTC",REDACTED ,Hit and Run/Car Accident - SUSPECT TRUCK,REDACTED ,"Pickup, Ford, silver_grey, missouri","07/03/2026, 05:34:04 PM UTC",search,,
d2133fed-f983-4dd3-8e7a-0e9c1c9d2b93,Shane Bush,Lee's Summit MO PD,1080,"07/03/2026, 01:00:00 PM UTC
07/03/2026, 06:00:00 PM UTC",REDACTED ,Hit and Run/Car Accident - SUSPECT TRUCK,REDACTED ,"Pickup, Ford, silver_grey, missouri","07/03/2026, 05:33:30 PM UTC",search,,
1aadb791-4541-461c-9e0c-fb214342399c,Shane Bush,Lee's Summit MO PD,1080,"07/02/2026, 06:00:51 PM UTC
07/03/2026, 06:00:51 PM UTC",REDACTED ,Hit and Run/Car Accident - SUSPECT TRUCK,REDACTED ,"Pickup, Ford, silver_grey, missouri","07/03/2026, 05:32:08 PM UTC",search,,
44eb6ce6-951a-455b-b907-0e6fff9272e1,Shane Bush,Lee's Summit MO PD,1080,"07/03/2026, 03:30:15 PM UTC
07/03/2026, 05:30:15 PM UTC",REDACTED ,Hit and Run/Car Accident - SUSPECT TRUCK,REDACTED ,"Pickup, Ford, silver_grey, missouri","07/03/2026, 05:31:35 PM UTC",lookup,,
13b05ac2-88e3-4251-bcfd-90b598b96027,Shane Bush,Lee's Summit MO PD,1080,"07/03/2026, 03:30:15 PM UTC
07/03/2026, 05:30:15 PM UTC",REDACTED ,Hit and Run/Car Accident - SUSPECT TRUCK,REDACTED ,"Pickup, Ford, silver_grey, missouri","07/03/2026, 05:31:08 PM UTC",lookup,,
c39b58aa-afac-49f7-b7ce-c1d4fd3a32f0,John Eppert,Lee's Summit MO PD,1080,"07/02/2026, 04:30:57 PM UTC
07/03/2026, 04:30:57 PM UTC",REDACTED ,Assault/Battery Offenses,REDACTED ,missouri,"07/03/2026, 05:25:35 PM UTC",lookup,,
e7e69a88-9e34-4511-8d98-4c68630c5905,Chloe Crowdes,Lee's Summit MO PD,6253,"06/26/2026, 04:30:00 PM UTC
07/03/2026, 05:00:00 PM UTC",REDACTED ,Assault/Battery Offenses - agg assault raytown,REDACTED ,,"07/03/2026, 04:42:06 PM UTC",lookup,,
ea20d8d9-80b4-474b-9c39-d13a667dd678,Chloe Crowdes,Lee's Summit MO PD,6253,"06/26/2026, 04:30:00 PM UTC
07/03/2026, 05:00:00 PM UTC",REDACTED ,Assault/Battery Offenses - agg assault raytown,REDACTED ,,"07/03/2026, 04:33:59 PM UTC",lookup,,
54a5ea4a-33cf-45be-8a52-16dfcf34d2e1,Chloe Crowdes,Lee's Summit MO PD,6253,"06/26/2026, 04:30:05 PM UTC
07/03/2026, 04:30:05 PM UTC",REDACTED ,Assault/Battery Offenses - agg assault raytown,REDACTED ,,"07/03/2026, 04:17:51 PM UTC",lookup,,
80950bf1-0e2e-40d1-ac2b-727172d30983,John Eppert,Lee's Summit MO PD,1080,"07/02/2026, 04:30:57 PM UTC
07/03/2026, 04:30:57 PM UTC",REDACTED ,Assault/Battery Offenses,REDACTED ,missouri,"07/03/2026, 04:16:33 PM UTC",lookup,,
5fe84772-725b-4269-87aa-86e5890168ee,Chloe Crowdes,Lee's Summit MO PD,6253,"06/26/2026, 04:30:05 PM UTC
07/03/2026, 04:30:05 PM UTC",REDACTED ,Assault/Battery Offenses - agg assault raytown,REDACTED ,,"07/03/2026, 04:16:09 PM UTC",lookup,,
d02a4aa9-831b-481b-8327-02ea064709a1,John Eppert,Lee's Summit MO PD,1080,"07/02/2026, 04:30:57 PM UTC
07/03/2026, 04:30:57 PM UTC",REDACTED ,Assault/Battery Offenses,REDACTED ,missouri,"07/03/2026, 04:12:01 PM UTC",lookup,,
9bdc1150-2efd-4bce-9523-d22bdb315147,John Eppert,Lee's Summit MO PD,1080,"07/02/2026, 04:30:57 PM UTC
07/03/2026, 04:30:57 PM UTC",REDACTED ,Assault/Battery Offenses,REDACTED ,missouri,"07/03/2026, 04:09:24 PM UTC",lookup,,
90af6250-0d9f-4c6c-9af3-1aafc763897f,John Eppert,Lee's Summit MO PD,1080,"07/02/2026, 04:30:57 PM UTC
07/03/2026, 04:30:57 PM UTC",REDACTED ,Assault/Battery Offenses,REDACTED ,missouri,"07/03/2026, 04:08:00 PM UTC",lookup,,
320ca26f-3879-4944-a861-e2221aff48ae,Nicolet Dyer,Lee's Summit MO PD,349,"06/03/2026, 04:00:33 PM UTC
07/03/2026, 04:00:33 PM UTC",REDACTED ,Assault/Battery Offenses,REDACTED ,,"07/03/2026, 04:07:37 PM UTC",lookup,,
9ee86f1a-6c96-4627-b837-0c2d40b33e7b,John Eppert,Lee's Summit MO PD,1080,"07/02/2026, 04:30:57 PM UTC
07/03/2026, 04:30:57 PM UTC",REDACTED ,Assault/Battery Offenses,REDACTED ,missouri,"07/03/2026, 04:06:11 PM UTC",lookup,,
db5e7682-b1d5-4654-bb76-c0e9956ead6f,Mahmoud Albawwab,Lee's Summit MO PD,1080,"06/26/2026, 04:30:06 PM UTC
07/03/2026, 04:30:06 PM UTC",REDACTED ,Wanted Person (Arrest Warrant/Fugitive),REDACTED ,,"07/03/2026, 04:04:08 PM UTC",lookup,,
a13c2694-d4e3-405b-9283-025537f3960e,John Eppert,Lee's Summit MO PD,1080,"07/02/2026, 04:00:57 PM UTC
07/03/2026, 04:00:57 PM UTC",REDACTED ,Assault/Battery Offenses,REDACTED ,missouri,"07/03/2026, 04:03:49 PM UTC",lookup,,
60531b57-7171-4f81-b4d7-e76ba0fedf5c,John Eppert,Lee's Summit MO PD,1080,"07/02/2026, 04:00:57 PM UTC
07/03/2026, 04:00:57 PM UTC",REDACTED ,Assault/Battery Offenses,REDACTED ,missouri,"07/03/2026, 04:02:52 PM UTC",lookup,,
3906256a-4809-4345-b37e-984c0d58986b,Chloe Crowdes,Lee's Summit MO PD,6253,"06/26/2026, 04:30:47 PM UTC
07/03/2026, 04:30:47 PM UTC",REDACTED ,Assault/Battery Offenses - agg assault raytown,REDACTED ,,"07/03/2026, 04:02:49 PM UTC",lookup,,
66a37c7a-7706-4306-8e26-6b19932e976b,John Eppert,Lee's Summit MO PD,1080,"07/02/2026, 04:00:57 PM UTC
07/03/2026, 04:00:57 PM UTC",REDACTED ,Assault/Battery Offenses,REDACTED ,missouri,"07/03/2026, 04:00:03 PM UTC",lookup,,
7975da65-697c-453b-8c8a-60ac7b3814c5,John Eppert,Lee's Summit MO PD,1080,"07/02/2026, 04:00:57 PM UTC
07/03/2026, 04:00:57 PM UTC",REDACTED ,Assault/Battery Offenses,REDACTED ,missouri,"07/03/2026, 03:58:39 PM UTC",lookup,,
9153aadf-33eb-46c7-9778-748fa374400d,John Eppert,Lee's Summit MO PD,1080,"07/02/2026, 04:00:57 PM UTC
07/03/2026, 04:00:57 PM UTC",REDACTED ,Assault/Battery Offenses,REDACTED ,missouri,"07/03/2026, 03:57:56 PM UTC",lookup,,
725164e3-2517-4372-ac28-bc4cdabc85d6,John Eppert,Lee's Summit MO PD,1080,"07/02/2026, 04:00:57 PM UTC
07/03/2026, 04:00:57 PM UTC",REDACTED ,Assault/Battery Offenses,REDACTED ,missouri,"07/03/2026, 03:57:01 PM UTC",lookup,,
7f3f729b-d4e0-48d9-ba2a-d9192bcebf06,John Eppert,Lee's Summit MO PD,1080,"07/02/2026, 04:00:57 PM UTC
07/03/2026, 04:00:57 PM UTC",REDACTED ,Assault/Battery Offenses,REDACTED ,missouri,"07/03/2026, 03:56:42 PM UTC",lookup,,
c8e5f66d-89f1-4beb-b0ff-adf85bb39bc8,John Eppert,Lee's Summit MO PD,1080,"07/02/2026, 04:00:57 PM UTC
07/03/2026, 04:00:57 PM UTC",REDACTED ,Assault/Battery Offenses,REDACTED ,missouri,"07/03/2026, 03:56:25 PM UTC",lookup,,
11a759b9-3c3d-47c9-9dd1-3b62267f3c25,John Eppert,Lee's Summit MO PD,1080,"07/02/2026, 04:00:57 PM UTC
07/03/2026, 04:00:57 PM UTC",REDACTED ,Assault/Battery Offenses,REDACTED ,missouri,"07/03/2026, 03:52:26 PM UTC",lookup,,
f70bf240-6df3-4396-ad17-0450aaa25c42,Nicolet Dyer,Lee's Summit MO PD,349,"06/03/2026, 04:00:33 PM UTC
07/03/2026, 04:00:33 PM UTC",REDACTED ,Assault/Battery Offenses,REDACTED ,,"07/03/2026, 03:52:16 PM UTC",lookup,,
81a319f8-a727-4d13-bb89-5870dfc184a2,Nicolet Dyer,Lee's Summit MO PD,349,"06/03/2026, 04:00:33 PM UTC
07/03/2026, 04:00:33 PM UTC",REDACTED ,Assault/Battery Offenses,REDACTED ,,"07/03/2026, 03:48:38 PM UTC",lookup,,
28050f3a-f173-4709-b7d6-11cc7a8ad1f2,Kent Miller,Lee's Summit MO PD,1057,"07/02/2026, 03:47:49 PM UTC
07/03/2026, 03:47:49 PM UTC",REDACTED ,Assault/Battery Offenses - Agg assault,REDACTED ,,"07/03/2026, 03:47:51 PM UTC",lookup - Mobile,,
1a4d0a96-69f0-4279-90b5-b674541c21f5,Nicolet Dyer,Lee's Summit MO PD,349,"06/03/2026, 04:00:33 PM UTC
07/03/2026, 04:00:33 PM UTC",REDACTED ,Assault/Battery Offenses,REDACTED ,,"07/03/2026, 03:47:31 PM UTC",lookup,,
b3ceb694-77b3-410b-9968-f67524547351,John Eppert,Lee's Summit MO PD,1080,"07/02/2026, 04:00:57 PM UTC
07/03/2026, 04:00:57 PM UTC",REDACTED ,Assault/Battery Offenses,REDACTED ,missouri,"07/03/2026, 03:46:59 PM UTC",lookup,,
878458c8-8dba-4546-be53-090f889d8e9f,Jonathan Cooley,Lee's Summit MO PD,1080,"07/03/2026, 02:00:15 PM UTC
07/03/2026, 04:00:15 PM UTC",REDACTED ,Assault/Battery Offenses,REDACTED ,missouri,"07/03/2026, 03:46:04 PM UTC",lookup,,
8945796a-459f-463b-997d-18e6caa46b9a,John Eppert,Lee's Summit MO PD,1080,"06/03/2026, 04:00:19 PM UTC
07/03/2026, 04:00:19 PM UTC",REDACTED ,Assault/Battery Offenses,REDACTED ,missouri,"07/03/2026, 03:45:22 PM UTC",lookup,,
9cb7cdeb-79f9-4b73-8df9-196a5e7e8716,John Eppert,Lee's Summit MO PD,1080,"06/26/2026, 04:00:05 PM UTC
07/03/2026, 04:00:05 PM UTC",REDACTED ,Assault/Battery Offenses,REDACTED ,missouri,"07/03/2026, 03:45:07 PM UTC",lookup,,
5cdde7e5-b568-4dc0-a3e0-7e117789708d,John Eppert,Lee's Summit MO PD,1080,"07/02/2026, 04:00:26 PM UTC
07/03/2026, 04:00:26 PM UTC",REDACTED ,Assault/Battery Offenses,REDACTED ,missouri,"07/03/2026, 03:44:28 PM UTC",lookup,,
a9b29224-43f4-4332-b10c-18f8ce8b296f,Mahmoud Albawwab,Lee's Summit MO PD,1080,"07/03/2026, 02:00:44 PM UTC
07/03/2026, 04:00:44 PM UTC",REDACTED ,Wanted Person (Arrest Warrant/Fugitive),REDACTED ,,"07/03/2026, 03:44:26 PM UTC",lookup,,
b7939c21-c66c-40ef-84ab-dffc2aea35b9,John Eppert,Lee's Summit MO PD,1080,"07/03/2026, 02:00:32 PM UTC
07/03/2026, 04:00:32 PM UTC",REDACTED ,Assault/Battery Offenses,REDACTED ,missouri,"07/03/2026, 03:44:19 PM UTC",lookup,,
1ce55e9f-512b-44db-b4c3-d5840b008b2f,Jonathan Cooley,Lee's Summit MO PD,1080,"07/03/2026, 02:00:15 PM UTC
07/03/2026, 04:00:15 PM UTC",REDACTED ,Assault/Battery Offenses,REDACTED ,missouri,"07/03/2026, 03:44:08 PM UTC",lookup,,
fe6fcd0b-3fb6-4c24-9e87-4387c9a64670,John Eppert,Lee's Summit MO PD,1080,"07/03/2026, 02:00:32 PM UTC
07/03/2026, 04:00:32 PM UTC",REDACTED ,Assault/Battery Offenses,REDACTED ,missouri,"07/03/2026, 03:44:01 PM UTC",lookup,,
fab66659-9155-4e95-9df5-75d3be7fdce0,Jonathan Cooley,Lee's Summit MO PD,1080,"07/03/2026, 02:00:15 PM UTC
07/03/2026, 04:00:15 PM UTC",REDACTED ,Assault/Battery Offenses,REDACTED ,missouri,"07/03/2026, 03:43:54 PM UTC",lookup,,
11bd27e3-9849-4640-a518-cee52dc8f914,Mahmoud Albawwab,Lee's Summit MO PD,1080,"07/03/2026, 02:00:44 PM UTC
07/03/2026, 04:00:44 PM UTC",REDACTED ,Wanted Person (Arrest Warrant/Fugitive),REDACTED ,,"07/03/2026, 03:43:50 PM UTC",lookup,,
8dbd1bf3-1fc0-4385-840a-6f0542af498e,Kent Miller,Lee's Summit MO PD,1057,"07/03/2026, 09:43:20 AM UTC
07/03/2026, 03:43:20 PM UTC",REDACTED ,Assault/Battery Offenses - Agg assault,REDACTED ,,"07/03/2026, 03:43:21 PM UTC",lookup - Mobile,,
c494c854-227d-4258-82e2-2e82dc9a582e,Nicolet Dyer,Lee's Summit MO PD,349,"06/03/2026, 04:00:33 PM UTC
07/03/2026, 04:00:33 PM UTC",REDACTED ,Assault/Battery Offenses,REDACTED ,,"07/03/2026, 03:43:04 PM UTC",lookup,,
ec633246-a39d-4124-a794-0f5d3bc6fa89,Mahmoud Albawwab,Lee's Summit MO PD,1080,"06/26/2026, 04:00:17 PM UTC
07/03/2026, 04:00:17 PM UTC",REDACTED ,Wanted Person (Arrest Warrant/Fugitive),REDACTED ,,"07/03/2026, 03:41:19 PM UTC",lookup,,
a8b75137-5faf-43f1-9bcd-431cf97ae9f0,Mahmoud Albawwab,Lee's Summit MO PD,1080,"07/03/2026, 02:00:02 PM UTC
07/03/2026, 04:00:02 PM UTC",REDACTED ,Wanted Person (Arrest Warrant/Fugitive),REDACTED ,,"07/03/2026, 03:41:11 PM UTC",lookup,,
eb259ca5-7ba4-4d80-b12c-0788c3f9383a,Kent Miller,Lee's Summit MO PD,1057,"07/02/2026, 03:40:30 PM UTC
07/03/2026, 03:40:30 PM UTC",REDACTED ,Assault/Battery Offenses - Agg assault,REDACTED ,,"07/03/2026, 03:40:33 PM UTC",lookup - Mobile,,
3b160f5c-5107-4b0d-92a0-2059e03ff6ff,Mahmoud Albawwab,Lee's Summit MO PD,1080,"07/02/2026, 04:00:37 PM UTC
07/03/2026, 04:00:37 PM UTC",REDACTED ,Wanted Person (Arrest Warrant/Fugitive),REDACTED ,,"07/03/2026, 03:38:44 PM UTC",lookup,,
8ff2a091-4245-4ed2-8db3-4bc1ea08e16f,Nicolet Dyer,Lee's Summit MO PD,349,"06/03/2026, 04:00:33 PM UTC
07/03/2026, 04:00:33 PM UTC",REDACTED ,Assault/Battery Offenses,REDACTED ,,"07/03/2026, 03:37:35 PM UTC",lookup,,
6338341b-20a1-4be4-a5fd-3f5d9a49b3fa,Nicolet Dyer,Lee's Summit MO PD,1081,"07/03/2026, 02:00:23 PM UTC
07/03/2026, 04:00:23 PM UTC",REDACTED ,Assault/Battery Offenses,REDACTED ,,"07/03/2026, 03:37:31 PM UTC",lookup,,
65910ed9-c693-4f77-969b-e0e616f8bb7e,Mahmoud Albawwab,Lee's Summit MO PD,1080,"06/19/2026, 01:30:58 PM UTC
07/03/2026, 01:30:58 PM UTC",REDACTED ,Wanted Person (Arrest Warrant/Fugitive),REDACTED ,,"07/03/2026, 01:13:01 PM UTC",lookup,,
8390d43f-47fd-4e23-bc2f-4faca1beade8,Mahmoud Albawwab,Lee's Summit MO PD,1080,"07/02/2026, 01:30:52 PM UTC
07/03/2026, 01:30:52 PM UTC",REDACTED ,Wanted Person (Arrest Warrant/Fugitive),REDACTED ,,"07/03/2026, 01:12:48 PM UTC",lookup,,
5ed361a1-f043-4459-9a26-c5a916f8f102,Mahmoud Albawwab,Lee's Summit MO PD,1080,"07/02/2026, 01:30:52 PM UTC
07/03/2026, 01:30:52 PM UTC",REDACTED ,Wanted Person (Arrest Warrant/Fugitive),REDACTED ,,"07/03/2026, 01:11:15 PM UTC",lookup,,
65a4f52e-321f-4129-918f-13783487e5d0,Mahmoud Albawwab,Lee's Summit MO PD,1080,"07/02/2026, 01:30:52 PM UTC
07/03/2026, 01:30:52 PM UTC",REDACTED ,Wanted Person (Arrest Warrant/Fugitive),REDACTED ,,"07/03/2026, 01:11:12 PM UTC",lookup,,
65ebb53e-9ec0-4b28-a1fa-4edbd83191e5,Mahmoud Albawwab,Lee's Summit MO PD,1080,"07/02/2026, 01:30:52 PM UTC
07/03/2026, 01:30:52 PM UTC",REDACTED ,Wanted Person (Arrest Warrant/Fugitive),REDACTED ,,"07/03/2026, 01:10:55 PM UTC",lookup,,
6813d0e6-2db3-407f-8515-0cbe61ad2c4b,Mahmoud Albawwab,Lee's Summit MO PD,1080,"07/03/2026, 10:30:12 AM UTC
07/03/2026, 12:30:12 PM UTC",REDACTED ,Wanted Person (Arrest Warrant/Fugitive),REDACTED ,,"07/03/2026, 01:08:55 PM UTC",lookup,,
2f193d18-cb10-491c-85d5-29455008026a,Austin Prindle,Lee's Summit MO PD,1080,"07/02/2026, 09:00:17 AM UTC
07/03/2026, 09:00:17 AM UTC",REDACTED ,Curfew/Loitering/Vagrancy Violations,REDACTED ,,"07/03/2026, 08:33:24 AM UTC",lookup,,
0dc0e978-e570-4a17-9f40-ba010852d606,Scott McMilian,Lee's Summit MO PD,1,"07/03/2026, 01:06:26 AM UTC
07/03/2026, 07:06:26 AM UTC",REDACTED ,Robbery,REDACTED ,,"07/03/2026, 07:06:28 AM UTC",search - Mobile,,
326fb6ab-ee88-4453-8e87-939d39f0ef0b,Scott McMilian,Lee's Summit MO PD,2,"07/03/2026, 01:02:13 AM UTC
07/03/2026, 07:02:13 AM UTC",REDACTED ,Robbery,REDACTED ,"Sedan, white","07/03/2026, 07:02:15 AM UTC",search - Mobile,,
cafea207-627d-4436-9a7e-d5615f7d9cd3,Zach Wittman,Lee's Summit MO PD,1080,"07/02/2026, 07:00:36 AM UTC
07/03/2026, 07:00:36 AM UTC",REDACTED ,Missing/Endangered Person/Runaway,REDACTED ,missouri,"07/03/2026, 06:36:45 AM UTC",lookup,,
525e1310-33ec-4e31-bcf7-757d9f1e88aa,Scott McMilian,Lee's Summit MO PD,1080,"06/03/2026, 06:00:46 AM UTC
07/03/2026, 06:00:46 AM UTC",REDACTED ,Obstructing the Police (Fleeing/Eluding),REDACTED ,,"07/03/2026, 05:45:43 AM UTC",lookup,,
9ae6f563-88bd-4574-ac87-4e502ec37825,Scott McMilian,Lee's Summit MO PD,1080,"06/03/2026, 06:00:46 AM UTC
07/03/2026, 06:00:46 AM UTC",REDACTED ,Obstructing the Police (Fleeing/Eluding),REDACTED ,,"07/03/2026, 05:43:39 AM UTC",lookup,,
2abb4962-48b5-40a1-9479-b385f5650faf,Scott McMilian,Lee's Summit MO PD,1080,"06/03/2026, 06:00:46 AM UTC
07/03/2026, 06:00:46 AM UTC",REDACTED ,Obstructing the Police (Fleeing/Eluding),REDACTED ,,"07/03/2026, 05:43:04 AM UTC",lookup,,
0ccebf64-05a5-4458-9dd8-65611064e7bd,Scott McMilian,Lee's Summit MO PD,1,"07/03/2026, 05:19:01 AM UTC
07/03/2026, 05:19:07 AM UTC",REDACTED ,Obstructing the Police (Fleeing/Eluding),REDACTED ,,"07/03/2026, 05:42:31 AM UTC",search,,
2c52d672-b23e-41fd-86aa-862f670c181b,Scott McMilian,Lee's Summit MO PD,1080,"06/03/2026, 06:00:46 AM UTC
07/03/2026, 06:00:46 AM UTC",REDACTED ,Obstructing the Police (Fleeing/Eluding),REDACTED ,,"07/03/2026, 05:42:09 AM UTC",lookup,,
588cbfc0-7198-4de4-bed7-7672f2a74be3,Johnathon Ketelsen,Lee's Summit MO PD,2,"07/03/2026, 04:30:00 AM UTC
07/03/2026, 06:00:00 AM UTC",REDACTED ,Obstructing the Police (Fleeing/Eluding) - fleeing,REDACTED ,BMW,"07/03/2026, 05:41:37 AM UTC",search,,
c5c107df-7af8-4a9d-a520-e938a9585d5d,Scott McMilian,Lee's Summit MO PD,1,"07/03/2026, 04:53:00 AM UTC
07/03/2026, 05:20:00 AM UTC",REDACTED ,Obstructing the Police (Fleeing/Eluding),REDACTED ,,"07/03/2026, 05:41:17 AM UTC",search,,
918f5ef1-cea2-4252-b9ee-a105f4370092,Johnathon Ketelsen,Lee's Summit MO PD,2,"07/02/2026, 06:00:12 AM UTC
07/03/2026, 06:00:12 AM UTC",REDACTED ,Obstructing the Police (Fleeing/Eluding) - fleeing,REDACTED ,BMW,"07/03/2026, 05:38:58 AM UTC",search,,
4433f50c-4eb0-4427-9544-b93c33cfd196,Johnathon Ketelsen,Lee's Summit MO PD,2,"07/02/2026, 06:00:12 AM UTC
07/03/2026, 06:00:12 AM UTC",REDACTED ,Obstructing the Police (Fleeing/Eluding) - fleeing,REDACTED ,BMW,"07/03/2026, 05:38:48 AM UTC",lookup,,
cd10d499-8b1a-48d9-a0b7-088f8942cd1d,Scott McMilian,Lee's Summit MO PD,1080,"06/03/2026, 06:00:46 AM UTC
07/03/2026, 06:00:46 AM UTC",REDACTED ,Obstructing the Police (Fleeing/Eluding),REDACTED ,,"07/03/2026, 05:37:47 AM UTC",lookup,,
96816892-3969-4fda-9461-8e6a48a59fc7,Scott McMilian,Lee's Summit MO PD,2,"06/26/2026, 06:00:00 AM UTC
07/03/2026, 06:00:00 AM UTC",REDACTED ,Obstructing the Police (Fleeing/Eluding),REDACTED ,,"07/03/2026, 05:37:02 AM UTC",lookup,,
8b8eae65-8aab-47cd-894a-4d250f65d3e6,Johnathon Ketelsen,Lee's Summit MO PD,2,"07/02/2026, 06:00:12 AM UTC
07/03/2026, 06:00:12 AM UTC",REDACTED ,Obstructing the Police (Fleeing/Eluding) - fleeing,REDACTED ,BMW,"07/03/2026, 05:36:13 AM UTC",lookup,,
e5daf4ef-3fd9-45f5-9179-630d563e78e2,Johnathon Ketelsen,Lee's Summit MO PD,2,"07/03/2026, 04:00:00 AM UTC
07/03/2026, 05:30:00 AM UTC",REDACTED ,Obstructing the Police (Fleeing/Eluding) - fleeing,REDACTED ,BMW,"07/03/2026, 05:32:28 AM UTC",search,,
4e89df35-f1b9-41b1-a1c2-374ef410967a,Johnathon Ketelsen,Lee's Summit MO PD,2,"07/03/2026, 04:55:00 AM UTC
07/03/2026, 05:30:00 AM UTC",REDACTED ,Obstructing the Police (Fleeing/Eluding) - fleeing,REDACTED ,BMW,"07/03/2026, 05:31:44 AM UTC",search,,
422b4d16-6737-49f8-b606-b7f2c5390c6c,Johnathon Ketelsen,Lee's Summit MO PD,1,"07/03/2026, 04:55:00 AM UTC
07/03/2026, 05:30:00 AM UTC",REDACTED ,Obstructing the Police (Fleeing/Eluding) - fleeing,REDACTED ,BMW,"07/03/2026, 05:30:55 AM UTC",search,,
02ff679c-fbe3-4ea8-91d0-a10e4efadfef,Johnathon Ketelsen,Lee's Summit MO PD,1,"07/03/2026, 04:55:00 AM UTC
07/03/2026, 05:30:00 AM UTC",REDACTED ,Obstructing the Police (Fleeing/Eluding) - fleeing,REDACTED ,,"07/03/2026, 05:18:52 AM UTC",search,,
beda92cf-5573-4d15-9005-b24be9597577,Johnathon Ketelsen,Lee's Summit MO PD,1,"07/03/2026, 04:55:00 AM UTC
07/03/2026, 05:30:00 AM UTC",REDACTED ,Obstructing the Police (Fleeing/Eluding) - fleeing,REDACTED ,"Sedan, Coupe, Convertible, Hatchback, Wagon","07/03/2026, 05:18:19 AM UTC",search,,
82744608-d32e-427f-9a77-37797ec0a6c2,Johnathon Ketelsen,Lee's Summit MO PD,1,"07/03/2026, 04:55:00 AM UTC
07/03/2026, 05:30:00 AM UTC",REDACTED ,Obstructing the Police (Fleeing/Eluding) - fleeing,REDACTED ,"Sedan, Coupe, Convertible, Hatchback, Wagon","07/03/2026, 05:15:19 AM UTC",search,,
d6ca2d99-f568-473a-b8e4-67f1561d8f4f,Scott McMilian,Lee's Summit MO PD,1,"07/03/2026, 04:53:43 AM UTC
07/03/2026, 05:08:43 AM UTC",REDACTED ,Obstructing the Police (Fleeing/Eluding),REDACTED ,,"07/03/2026, 05:15:12 AM UTC",search,,
7f602933-0032-4b76-89db-92d991e606d6,Scott McMilian,Lee's Summit MO PD,1,"07/03/2026, 04:53:43 AM UTC
07/03/2026, 05:08:43 AM UTC",REDACTED ,Obstructing the Police (Fleeing/Eluding),REDACTED ,,"07/03/2026, 05:10:22 AM UTC",search,,
94095993-f1a1-4375-b885-c1a5c35c5810,Clayton Majors,Lee's Summit MO PD,1080,"07/02/2026, 04:30:21 AM UTC
07/03/2026, 04:30:21 AM UTC",REDACTED ,Traffic Infraction - hit and run,REDACTED ,missouri,"07/03/2026, 04:04:28 AM UTC",lookup,,
92da1064-49c7-43bb-aac4-b22d90ce3637,Grace DiStefano,Lee's Summit MO PD,1080,"07/02/2026, 04:00:11 AM UTC
07/03/2026, 04:00:11 AM UTC",REDACTED ,Hit and Run/Car Accident - hit and run,REDACTED ,,"07/03/2026, 04:04:24 AM UTC",lookup,,
6842a456-318a-4009-ac7a-b5b9c08335e8,Scott McMilian,Lee's Summit MO PD,2,"06/26/2026, 04:30:02 AM UTC
07/03/2026, 04:30:02 AM UTC",REDACTED ,Hit and Run/Car Accident,REDACTED ,,"07/03/2026, 04:04:05 AM UTC",lookup,,
26f4974b-a155-495c-82f8-095de416d3ad,Scott McMilian,Lee's Summit MO PD,2,"07/03/2026, 02:30:57 AM UTC
07/03/2026, 04:30:57 AM UTC",REDACTED ,Hit and Run/Car Accident,REDACTED ,,"07/03/2026, 04:03:58 AM UTC",lookup,,
70fab834-42b1-4145-9b4e-0590fd6e402f,Scott McMilian,Lee's Summit MO PD,2,"07/03/2026, 02:30:57 AM UTC
07/03/2026, 04:30:57 AM UTC",REDACTED ,Hit and Run/Car Accident,REDACTED ,,"07/03/2026, 04:03:43 AM UTC",lookup,,
46897808-5c02-44c8-9b6b-22d26af5fd76,Scott McMilian,Lee's Summit MO PD,2,"07/03/2026, 02:30:57 AM UTC
07/03/2026, 04:30:57 AM UTC",REDACTED ,Hit and Run/Car Accident - REDACTED,REDACTED ,,"07/03/2026, 04:03:37 AM UTC",lookup,,
e27b6beb-d414-4c93-a753-745850547e88,Scott McMilian,Lee's Summit MO PD,2,"07/03/2026, 02:30:57 AM UTC
07/03/2026, 04:30:57 AM UTC",REDACTED ,Hit and Run/Car Accident - REDACTED,REDACTED ,,"07/03/2026, 04:02:59 AM UTC",search,,
7b6d716c-f35f-41cf-aab2-c684a2bfc4cd,Clayton Majors,Lee's Summit MO PD,1080,"07/02/2026, 04:00:46 AM UTC
07/03/2026, 04:00:46 AM UTC",REDACTED ,Traffic Infraction - hit and run,REDACTED ,missouri,"07/03/2026, 03:57:50 AM UTC",lookup,,
c4d6b85d-12e9-4005-a952-04aaa7458e01,Dane Wagler,Lee's Summit MO PD,2,"07/02/2026, 04:00:23 AM UTC
07/03/2026, 04:00:23 AM UTC",REDACTED ,Hit and Run/Car Accident,REDACTED ,,"07/03/2026, 03:57:33 AM UTC",lookup,,
cd423e9e-a3ee-426a-aed3-6a978a1d1344,Dane Wagler,Lee's Summit MO PD,2,"07/03/2026, 02:00:03 AM UTC
07/03/2026, 04:00:03 AM UTC",REDACTED ,Hit and Run/Car Accident,REDACTED ,,"07/03/2026, 03:57:18 AM UTC",lookup,,
1ffa604c-0d08-43f5-8750-07c24a3c1089,Grace DiStefano,Lee's Summit MO PD,1080,"07/02/2026, 04:00:11 AM UTC
07/03/2026, 04:00:11 AM UTC",REDACTED ,Hit and Run/Car Accident - hit and run,REDACTED ,,"07/03/2026, 03:56:13 AM UTC",lookup,,
61384f2f-5f8e-46f5-b4d5-58f2741f061b,Grace DiStefano,Lee's Summit MO PD,1080,"07/03/2026, 02:00:43 AM UTC
07/03/2026, 04:00:43 AM UTC",REDACTED ,Hit and Run/Car Accident - hit and run,REDACTED ,,"07/03/2026, 03:56:07 AM UTC",lookup,,
c93c1c43-e562-4e05-8b33-b0c7bf2f6cae,Grace DiStefano,Lee's Summit MO PD,1080,"07/03/2026, 02:00:43 AM UTC
07/03/2026, 04:00:43 AM UTC",REDACTED ,Hit and Run/Car Accident - hit and run,REDACTED ,,"07/03/2026, 03:56:01 AM UTC",lookup,,
6003204d-9882-4aa3-8358-af6ea0b39b59,Grace DiStefano,Lee's Summit MO PD,1080,"07/03/2026, 02:00:43 AM UTC
07/03/2026, 04:00:43 AM UTC",REDACTED ,Hit and Run/Car Accident - hit and run,REDACTED ,,"07/03/2026, 03:55:26 AM UTC",lookup,,
dd141b66-f041-4c78-b5d1-2b19ee0467bf,Andrew Ewing,Lee's Summit MO PD,2,"07/02/2026, 04:00:54 AM UTC
07/03/2026, 04:00:54 AM UTC",REDACTED ,Drugs/Narcotics,REDACTED ,,"07/03/2026, 03:48:55 AM UTC",lookup,,
2498b56f-6df2-435b-a4c1-629cefe4c57c,Andrew Ewing,Lee's Summit MO PD,2,"06/19/2026, 04:00:51 AM UTC
07/03/2026, 04:00:51 AM UTC",REDACTED ,Hit and Run/Car Accident,REDACTED ,,"07/03/2026, 03:47:53 AM UTC",lookup,,
24061fd8-1bcd-4c77-9f42-1250cd851840,Andrew Ewing,Lee's Summit MO PD,1,"07/02/2026, 04:00:06 AM UTC
07/03/2026, 04:00:06 AM UTC",REDACTED ,Drugs/Narcotics,REDACTED ,"Sedan, white","07/03/2026, 03:46:33 AM UTC",search,,
5cd6388b-3074-47dc-ad71-391e01f15f95,Andrew Ewing,Lee's Summit MO PD,1,"07/02/2026, 04:00:06 AM UTC
07/03/2026, 04:00:06 AM UTC",REDACTED ,Drugs/Narcotics,REDACTED ,"BMW, white","07/03/2026, 03:46:19 AM UTC",search,,
81ae47aa-a35b-4ee2-8a04-9019e43c2a24,Andrew Ewing,Lee's Summit MO PD,1,"07/02/2026, 04:00:06 AM UTC
07/03/2026, 04:00:06 AM UTC",REDACTED ,Drugs/Narcotics,REDACTED ,"Sedan, BMW, white","07/03/2026, 03:46:05 AM UTC",search,,
26f5d317-9518-451a-bed2-757027f789ef,Andrew Ewing,Lee's Summit MO PD,1081,"07/02/2026, 04:00:06 AM UTC
07/03/2026, 04:00:06 AM UTC",REDACTED ,Drugs/Narcotics,REDACTED ,"white, H39???","07/03/2026, 03:45:16 AM UTC",search,,
879af06b-5469-4257-afe7-6ab5e692c6f3,Andrew Ewing,Lee's Summit MO PD,1081,"07/02/2026, 04:00:06 AM UTC
07/03/2026, 04:00:06 AM UTC",REDACTED ,Drugs/Narcotics,REDACTED ,"white, utah, ?39???","07/03/2026, 03:44:53 AM UTC",search,,
05a263d5-a625-41ba-9ed5-56fc37c8204c,Andrew Ewing,Lee's Summit MO PD,1081,"07/02/2026, 04:00:06 AM UTC
07/03/2026, 04:00:06 AM UTC",REDACTED ,Drugs/Narcotics,REDACTED ,"white, utah, ?39?E?","07/03/2026, 03:44:36 AM UTC",search,,
1f4bdfbd-0eb4-44eb-8450-043f2eca332a,Andrew Ewing,Lee's Summit MO PD,1081,"07/02/2026, 04:00:06 AM UTC
07/03/2026, 04:00:06 AM UTC",REDACTED ,Drugs/Narcotics,REDACTED ,"white, ?39?E?","07/03/2026, 03:44:25 AM UTC",search,,
7169336e-7cb6-4f60-90c8-2006cfab800d,Andrew Ewing,Lee's Summit MO PD,1081,"07/02/2026, 04:00:06 AM UTC
07/03/2026, 04:00:06 AM UTC",REDACTED ,Drugs/Narcotics,REDACTED ,?39?E?,"07/03/2026, 03:43:07 AM UTC",search,,
0695a6b0-d68c-4da3-8eae-9bdd092ee993,Andrew Ewing,Lee's Summit MO PD,1081,"06/26/2026, 04:00:44 AM UTC
07/03/2026, 04:00:44 AM UTC",REDACTED ,Drugs/Narcotics,REDACTED ,,"07/03/2026, 03:42:55 AM UTC",lookup,,
4e6de640-3f34-4a10-aec4-942d75f9419c,Andrew Ewing,Lee's Summit MO PD,1081,"06/26/2026, 04:00:44 AM UTC
07/03/2026, 04:00:44 AM UTC",REDACTED ,Drugs/Narcotics,REDACTED ,H39BE?,"07/03/2026, 03:42:51 AM UTC",search,,
ce8786f5-0c9a-481f-a1d7-0287238f21f6,Andrew Ewing,Lee's Summit MO PD,6254,"06/26/2026, 04:00:44 AM UTC
07/03/2026, 04:00:44 AM UTC",REDACTED ,Drugs/Narcotics,REDACTED ,,"07/03/2026, 03:42:46 AM UTC",lookup,,
6fa57c62-39c6-4446-99f7-1e875fa837b8,Andrew Ewing,Lee's Summit MO PD,6254,"07/02/2026, 04:00:35 AM UTC
07/03/2026, 04:00:35 AM UTC",REDACTED ,Drugs/Narcotics,REDACTED ,,"07/03/2026, 03:40:29 AM UTC",lookup,,
180526a6-d5ae-4c87-80e2-7f27f1ad8d5d,Andrew Ewing,Lee's Summit MO PD,6254,"07/02/2026, 04:00:35 AM UTC
07/03/2026, 04:00:35 AM UTC",REDACTED ,Drugs/Narcotics,REDACTED ,,"07/03/2026, 03:30:36 AM UTC",lookup,,
5faefa13-9b01-4d0b-b5af-cfc49cd04717,Dane Wagler,Lee's Summit MO PD,349,"06/03/2026, 03:30:11 AM UTC
07/03/2026, 03:30:11 AM UTC",REDACTED ,Wanted Person (Arrest Warrant/Fugitive),REDACTED ,,"07/03/2026, 03:19:39 AM UTC",lookup,,
a2748e5e-68d8-4687-85aa-ca82125e9670,Dane Wagler,Lee's Summit MO PD,349,"06/03/2026, 03:30:11 AM UTC
07/03/2026, 03:30:11 AM UTC",REDACTED ,Wanted Person (Arrest Warrant/Fugitive),REDACTED ,,"07/03/2026, 03:18:06 AM UTC",lookup,,
bb580b34-1498-450d-9156-29a605bcbde3,Dane Wagler,Lee's Summit MO PD,349,"06/03/2026, 03:30:11 AM UTC
07/03/2026, 03:30:11 AM UTC",REDACTED ,Wanted Person (Arrest Warrant/Fugitive),REDACTED ,,"07/03/2026, 03:17:10 AM UTC",lookup,,
666d4614-651d-4ef9-bc36-14a4894e83a6,Dane Wagler,Lee's Summit MO PD,349,"06/03/2026, 03:30:11 AM UTC
07/03/2026, 03:30:11 AM UTC",REDACTED ,Wanted Person (Arrest Warrant/Fugitive),REDACTED ,,"07/03/2026, 03:14:35 AM UTC",lookup,,
a3445baa-3459-48ca-9441-faa6429feaf6,Dane Wagler,Lee's Summit MO PD,349,"06/03/2026, 03:30:11 AM UTC
07/03/2026, 03:30:11 AM UTC",REDACTED ,Wanted Person (Arrest Warrant/Fugitive),REDACTED ,,"07/03/2026, 03:12:50 AM UTC",lookup,,
3c7870c1-641f-4e73-aef4-7b260928a582,Dane Wagler,Lee's Summit MO PD,349,"06/03/2026, 03:30:11 AM UTC
07/03/2026, 03:30:11 AM UTC",REDACTED ,Wanted Person (Arrest Warrant/Fugitive),REDACTED ,,"07/03/2026, 03:10:26 AM UTC",lookup,,
1e726b5a-c8da-4a65-beac-2f7c46ffa4f4,Andrew Ewing,Lee's Summit MO PD,6254,"06/26/2026, 03:30:04 AM UTC
07/03/2026, 03:30:04 AM UTC",REDACTED ,Drugs/Narcotics,REDACTED ,,"07/03/2026, 03:02:07 AM UTC",lookup,,
4e8340fa-b594-4276-a942-173009e5f7e4,Andrew Ewing,Lee's Summit MO PD,6254,"07/02/2026, 03:00:06 AM UTC
07/03/2026, 03:00:06 AM UTC",REDACTED ,Drugs/Narcotics,REDACTED ,,"07/03/2026, 02:54:00 AM UTC",lookup,,
74236d63-705b-408a-98e3-e25f95a44dd9,Andrew Ewing,Lee's Summit MO PD,6254,"07/02/2026, 03:00:06 AM UTC
07/03/2026, 03:00:06 AM UTC",REDACTED ,Drugs/Narcotics,REDACTED ,,"07/03/2026, 02:52:08 AM UTC",lookup,,
cfa6f2c8-c117-486e-9d37-4b32aee2b076,Piotr Blaim,Lee's Summit MO PD,1080,"07/01/2026, 03:00:58 AM UTC
07/03/2026, 03:00:58 AM UTC",REDACTED ,Wanted Person (Arrest Warrant/Fugitive),REDACTED ,"kansas, REDACTED ","07/03/2026, 02:36:00 AM UTC",search,,
34caeabf-2f09-4680-a388-4244909b3fc0,Piotr Blaim,Lee's Summit MO PD,1080,"07/02/2026, 01:00:00 AM UTC
07/03/2026, 03:00:00 AM UTC",REDACTED ,Wanted Person (Arrest Warrant/Fugitive),REDACTED ,"kansas, REDACTED ","07/03/2026, 02:35:00 AM UTC",search,,
be83cc84-7e09-4d1d-9af0-edc5fb5d9436,Piotr Blaim,Lee's Summit MO PD,1080,"07/03/2026, 01:00:09 AM UTC
07/03/2026, 03:00:09 AM UTC",REDACTED ,Wanted Person (Arrest Warrant/Fugitive),REDACTED ,kansas,"07/03/2026, 02:34:30 AM UTC",lookup,,
5cb9e888-1b57-4ee0-ae65-1c057ed547ef,Andrew Ewing,Lee's Summit MO PD,2,"07/02/2026, 02:00:15 AM UTC
07/03/2026, 02:00:15 AM UTC",REDACTED ,Drugs/Narcotics,REDACTED ,,"07/03/2026, 01:36:18 AM UTC",lookup,,
96705533-4dff-4775-afa3-f77d120cce8d,Andrew Ewing,Lee's Summit MO PD,6254,"07/02/2026, 01:00:38 AM UTC
07/03/2026, 01:00:38 AM UTC",REDACTED ,Drugs/Narcotics,REDACTED ,,"07/03/2026, 12:59:40 AM UTC",lookup,,
96e5fdec-531a-4c38-a56c-dabde487a832,Martin Blahut,Lee's Summit MO PD,1080,"06/26/2026, 12:30:34 AM UTC
07/03/2026, 12:30:34 AM UTC",REDACTED ,Wanted Person (Arrest Warrant/Fugitive),REDACTED ,,"07/03/2026, 12:22:36 AM UTC",lookup,,
bac52c28-259b-44f5-9560-09fe1fd806cc,Martin Blahut,Lee's Summit MO PD,1080,"07/02/2026, 12:30:28 AM UTC
07/03/2026, 12:30:28 AM UTC",REDACTED ,Wanted Person (Arrest Warrant/Fugitive),REDACTED ,,"07/03/2026, 12:22:31 AM UTC",lookup,,
bec4299f-2329-44ea-ab27-805880edc558,Caylie Colombo,Lee's Summit MO PD,1080,"07/02/2026, 10:30:47 PM UTC
07/03/2026, 12:30:47 AM UTC",REDACTED ,Drugs/Narcotics,REDACTED ,,"07/03/2026, 12:18:13 AM UTC",lookup,,
a27e30da-2421-4952-b579-bfb06339607d,Clayton Majors,Lee's Summit MO PD,1080,"07/02/2026, 10:30:41 PM UTC
07/03/2026, 12:30:41 AM UTC",REDACTED ,Traffic Infraction - investigation,REDACTED ,missouri,"07/03/2026, 12:16:33 AM UTC",lookup,,
4e2c4064-67ba-4952-8db2-d28a5d0f7fcf,Martin Blahut,Lee's Summit MO PD,1080,"07/02/2026, 12:30:02 AM UTC
07/03/2026, 12:30:02 AM UTC",REDACTED ,Motor Vehicle Theft/Stolen,REDACTED ,,"07/03/2026, 12:09:04 AM UTC",lookup,,
7297e8fa-baee-4283-be74-9f0e0a4f1633,Andrew Ewing,Lee's Summit MO PD,6254,"06/26/2026, 12:30:38 AM UTC
07/03/2026, 12:30:38 AM UTC",REDACTED ,Drugs/Narcotics,REDACTED ,,"07/03/2026, 12:04:39 AM UTC",lookup,,
3e94fbce-1e3c-4cac-b65b-6b7ce0a2f752,Brent Evans,Lee's Summit MO PD,6254,"06/02/2026, 11:20:13 PM UTC
07/02/2026, 11:20:13 PM UTC",REDACTED ,Drugs/Narcotics - Drug Investigation,REDACTED ,iowa,"07/02/2026, 11:20:57 PM UTC",lookup,,
4f207ce1-3075-49a1-9905-67b16a7b2c62,Brent Evans,Lee's Summit MO PD,6254,"06/02/2026, 11:20:13 PM UTC
07/02/2026, 11:20:13 PM UTC",REDACTED ,Drugs/Narcotics - Drug Investigation,REDACTED ,,"07/02/2026, 11:20:16 PM UTC",lookup,,
e048dde5-9a97-4c8a-b9b8-dc06077d4d02,Brent Evans,Lee's Summit MO PD,1081,"06/02/2026, 11:30:53 PM UTC
07/02/2026, 11:30:53 PM UTC",REDACTED ,Drugs/Narcotics - Drug Investigation,REDACTED ,iowa,"07/02/2026, 11:17:04 PM UTC",lookup,,
a8bbe42e-a8f7-494b-9097-b987d296f3a6,Brent Evans,Lee's Summit MO PD,1081,"06/02/2026, 11:30:53 PM UTC
07/02/2026, 11:30:53 PM UTC",REDACTED ,Drugs/Narcotics - Drug Investigation,REDACTED ,iowa,"07/02/2026, 11:16:56 PM UTC",lookup,,
5d69185c-f5bd-40ba-a11f-5dd4cef131e6,Brent Evans,Lee's Summit MO PD,1081,"06/02/2026, 11:30:30 PM UTC
07/02/2026, 11:30:30 PM UTC",REDACTED ,Drugs/Narcotics,REDACTED ,,"07/02/2026, 11:14:33 PM UTC",lookup,,
45d10542-8b4f-4fc9-8844-eb7ac6d6eb2e,Brent Evans,Lee's Summit MO PD,2,"07/02/2026, 09:30:16 PM UTC
07/02/2026, 11:30:16 PM UTC",REDACTED ,Drugs/Narcotics ,REDACTED ,,"07/02/2026, 11:14:27 PM UTC",lookup,,
7e3e7911-eb5a-49f7-a617-6296db7acac2,Andrew Ewing,Lee's Summit MO PD,6254,"06/02/2026, 10:30:02 PM UTC
07/02/2026, 10:30:02 PM UTC",REDACTED ,Drugs/Narcotics,REDACTED ,,"07/02/2026, 10:24:05 PM UTC",lookup,,
66b045c0-d084-4b12-88df-f4e9aa860689,Andrew Ewing,Lee's Summit MO PD,1081,"06/18/2026, 10:30:57 PM UTC
07/02/2026, 10:30:57 PM UTC",REDACTED ,Drugs/Narcotics,REDACTED ,,"07/02/2026, 10:23:59 PM UTC",lookup,,
8264d757-de28-4c4c-9255-d33ff890e4ae,Andrew Ewing,Lee's Summit MO PD,1081,"06/25/2026, 10:30:22 PM UTC
07/02/2026, 10:30:22 PM UTC",REDACTED ,Drugs/Narcotics,REDACTED ,,"07/02/2026, 10:23:27 PM UTC",lookup,,
50f9969b-d768-4cff-941c-2359d3ebe5fa,Brent Evans,Lee's Summit MO PD,1081,"06/02/2026, 04:30:04 PM UTC
07/02/2026, 04:30:04 PM UTC",REDACTED ,Drugs/Narcotics -,REDACTED ,,"07/02/2026, 10:21:40 PM UTC",lookup,,
83407872-6ebe-441f-ba31-ebf47ec8a422,Jennifer Maynard,Lee's Summit MO PD,1081,"06/21/2026, 05:05:00 AM UTC
06/29/2026, 09:30:00 AM UTC",REDACTED ,Drugs/Narcotics,REDACTED ,missouri,"07/02/2026, 08:22:19 PM UTC",lookup,,
06987560-800f-4fdb-a279-bd3510b28a8c,William Foutz,Lee's Summit MO PD,1,"06/17/2026, 04:00:00 PM UTC
06/17/2026, 04:45:00 PM UTC",REDACTED ,Stolen Property Offenses - SUSP VEH ID,REDACTED ,,"07/02/2026, 07:48:47 PM UTC",search,,
7ff7e769-90ae-407a-927c-585572cccaaf,William Foutz,Lee's Summit MO PD,1,"06/17/2026, 04:00:00 PM UTC
06/17/2026, 04:45:00 PM UTC",REDACTED ,Stolen Property Offenses - SUSP VEH ID,REDACTED ,,"07/02/2026, 07:48:44 PM UTC",search,,
96c8b026-602a-49e2-a905-411531998bc9,William Foutz,Lee's Summit MO PD,2,"06/17/2026, 04:00:00 PM UTC
06/17/2026, 04:45:00 PM UTC",REDACTED ,Stolen Property Offenses - SUSP VEH ID,REDACTED ,,"07/02/2026, 07:48:14 PM UTC",search,,
7a295c5a-0146-4d46-9ece-6c4586cdc535,William Foutz,Lee's Summit MO PD,1,"06/17/2026, 04:00:00 PM UTC
06/17/2026, 04:45:00 PM UTC",REDACTED ,Stolen Property Offenses - SUSP VEH ID,REDACTED ,,"07/02/2026, 07:41:12 PM UTC",search,,
52d15531-3244-4a9c-bea3-680067bec345,William Foutz,Lee's Summit MO PD,6254,"06/02/2026, 07:39:16 PM UTC
07/02/2026, 07:39:16 PM UTC",REDACTED ,Stolen Property Offenses - SUSP VEH ID,REDACTED ,,"07/02/2026, 07:39:20 PM UTC",lookup,,
c3110e51-9a9c-40fd-a52e-60d6b2d78fe5,William Foutz,Lee's Summit MO PD,1,"06/17/2026, 03:37:00 PM UTC
06/17/2026, 03:39:00 PM UTC",REDACTED ,Stolen Property Offenses - SUSP VEH ID,REDACTED ,,"07/02/2026, 07:35:58 PM UTC",search,,
3bffb97e-2123-480a-bfa4-85198648b578,William Foutz,Lee's Summit MO PD,2,"06/17/2026, 03:37:00 PM UTC
06/17/2026, 03:39:00 PM UTC",REDACTED ,Stolen Property Offenses - SUSP VEH ID,REDACTED ,,"07/02/2026, 07:35:31 PM UTC",search,,
a9977b7f-7409-471c-96fe-e0138b1f3d9f,William Foutz,Lee's Summit MO PD,2,"06/17/2026, 03:37:00 PM UTC
06/17/2026, 03:39:00 PM UTC",REDACTED ,Stolen Property Offenses - SUSP VEH ID,REDACTED ,,"07/02/2026, 07:34:41 PM UTC",search,,
30f6461c-ebf1-4cc1-b3cd-c68d04ff428b,William Foutz,Lee's Summit MO PD,2,"06/17/2026, 03:37:00 PM UTC
06/17/2026, 03:39:00 PM UTC",REDACTED ,Stolen Property Offenses - SUSP VEH ID,REDACTED ,,"07/02/2026, 07:33:37 PM UTC",freeform,objectClass:vehicle TRAILER,allow
0ecf86ec-e3c9-4d95-b69f-8bd57c8360b5,William Foutz,Lee's Summit MO PD,2,"06/17/2026, 03:37:00 PM UTC
06/17/2026, 03:39:00 PM UTC",REDACTED ,Stolen Property Offenses - SUSP VEH ID,REDACTED ,,"07/02/2026, 07:33:21 PM UTC",freeform,objectClass:vehicle BLACK TRUCK ,allow
8eddc52f-435f-41f9-a41c-2a88e1bfb830,William Foutz,Lee's Summit MO PD,2,"06/17/2026, 03:37:00 PM UTC
06/17/2026, 03:39:00 PM UTC",REDACTED ,Stolen Property Offenses - SUSP VEH ID,REDACTED ,,"07/02/2026, 07:33:09 PM UTC",freeform,objectClass:vehicle BLACK TRUCK TOWING YELLOW JEEP,allow
8fe17889-48bb-466a-b4d9-822b09ae9de9,William Foutz,Lee's Summit MO PD,2,"06/17/2026, 03:35:00 PM UTC
06/17/2026, 04:30:00 PM UTC",REDACTED ,Stolen Property Offenses - SUSP VEH ID,REDACTED ,,"07/02/2026, 06:50:00 PM UTC",freeform,objectClass:vehicle BLACK TRUCK TOWING YELLOW JEEP,allow
e34d244f-de2a-4070-b13b-b151e2022d9a,William Foutz,Lee's Summit MO PD,2,"06/17/2026, 02:00:00 PM UTC
06/17/2026, 04:30:00 PM UTC",REDACTED ,Stolen Property Offenses - SUSP VEH ID,REDACTED ,,"07/02/2026, 06:47:36 PM UTC",freeform,objectClass:vehicle BLACK TRUCK TOWING YELLOW JEEP,allow
4f71a384-d510-403e-a00b-d895fb2d6286,William Foutz,Lee's Summit MO PD,2,"06/17/2026, 02:00:00 PM UTC
06/17/2026, 10:00:00 PM UTC",REDACTED ,Stolen Property Offenses - SUSP VEH ID,REDACTED ,,"07/02/2026, 06:46:38 PM UTC",freeform,objectClass:vehicle BLACK TRUCK TOWING YELLOW JEEP,allow
e483d41f-9943-4ef0-ab40-c223aa2c2dd1,William Foutz,Lee's Summit MO PD,2,"06/17/2026, 02:00:00 PM UTC
06/17/2026, 10:00:00 PM UTC",REDACTED ,Stolen Property Offenses - SUSP VEH ID,REDACTED ,,"07/02/2026, 06:45:15 PM UTC",freeform,objectClass:vehicle BLACK TRUCK TOWING YELLOW JEEP,allow
d1dec593-57ab-43f1-a702-28463dfa7ad7,William Foutz,Lee's Summit MO PD,2,"06/17/2026, 02:00:00 PM UTC
06/17/2026, 10:00:00 PM UTC",REDACTED ,Stolen Property Offenses - SUSP VEH ID,REDACTED ,,"07/02/2026, 06:44:44 PM UTC",freeform,objectClass:vehicle BLACK TRUCK HAULING YELLOW JEEP,allow
9e33ca8e-5571-4a32-975f-f6709fe56d9b,William Foutz,Lee's Summit MO PD,2,"06/17/2026, 02:00:00 PM UTC
06/17/2026, 10:00:00 PM UTC",REDACTED ,Stolen Property Offenses - SUSP VEH ID,REDACTED ,,"07/02/2026, 06:39:25 PM UTC",freeform,objectClass:vehicle BLACK CHEVROLET TRUCK WITH TRAILER AND LEAVES,allow
097bc8d5-f9cc-4305-95a4-88039a0d8732,William Foutz,Lee's Summit MO PD,2,"06/17/2026, 02:00:00 PM UTC
06/17/2026, 10:00:00 PM UTC",REDACTED ,Stolen Property Offenses - SUSP VEH ID,REDACTED ,,"07/02/2026, 06:37:39 PM UTC",freeform,objectClass:vehicle BLACK CHEVROLET TRUCK WITH TRAILER,allow
33923735-6102-407c-a7c5-19aec351ae6e,William Foutz,Lee's Summit MO PD,1,"06/17/2026, 03:00:00 PM UTC
06/17/2026, 03:30:00 PM UTC",REDACTED ,Stolen Property Offenses - SUSP VEH ID,REDACTED ,,"07/02/2026, 06:31:45 PM UTC",search,,
fac60857-bd47-47fd-bc04-4e9e5793610d,Jacob Aguayo,Lee's Summit MO PD,1,"07/02/2026, 05:00:00 PM UTC
07/02/2026, 05:30:00 PM UTC",REDACTED ,Stolen Property Offenses,REDACTED ,white,"07/02/2026, 06:06:55 PM UTC",search,,
106d08c0-8b17-480a-85ce-de38373a994d,Jacob Aguayo,Lee's Summit MO PD,1,"07/02/2026, 05:00:00 PM UTC
07/02/2026, 05:30:00 PM UTC",REDACTED ,Stolen Property Offenses,REDACTED ,white,"07/02/2026, 06:04:06 PM UTC",search,,
c378b00e-b3db-48a1-9421-5c3172f24227,Jacob Aguayo,Lee's Summit MO PD,1,"07/02/2026, 05:30:00 PM UTC
07/02/2026, 06:00:00 PM UTC",REDACTED ,Stolen Property Offenses,REDACTED ,white,"07/02/2026, 06:03:19 PM UTC",search,,
88079da2-7deb-442a-87eb-9eb75bc98dd1,Jacob Aguayo,Lee's Summit MO PD,1,"07/02/2026, 05:30:00 PM UTC
07/02/2026, 06:00:00 PM UTC",REDACTED ,Stolen Property Offenses,REDACTED ,,"07/02/2026, 06:02:52 PM UTC",search,,
e41e1986-6812-428b-a347-3ccb68ccff2e,Jacob Aguayo,Lee's Summit MO PD,1080,"06/25/2026, 05:30:57 PM UTC
07/02/2026, 05:30:57 PM UTC",REDACTED ,Stolen Property Offenses,REDACTED ,,"07/02/2026, 05:10:59 PM UTC",lookup,,
cd7eb59b-4b6b-4ad3-8ecc-20b94b2d468a,Jacob Aguayo,Lee's Summit MO PD,1080,"07/01/2026, 05:30:52 PM UTC
07/02/2026, 05:30:52 PM UTC",REDACTED ,Stolen Property Offenses,REDACTED ,,"07/02/2026, 05:10:53 PM UTC",lookup,,
d9df7091-3665-442c-90ec-f74b40e037c8,Bryan Gilbert,Lee's Summit MO PD,1081,"07/01/2026, 01:15:00 PM UTC
07/02/2026, 12:55:00 AM UTC",REDACTED ,Larceny/Theft Offenses ,REDACTED ,"Lincoln, black","07/02/2026, 04:19:33 PM UTC",search,,
0b02195d-4ae7-4002-b8d1-671de836777c,Bryan Gilbert,Lee's Summit MO PD,1081,"07/01/2026, 01:15:00 PM UTC
07/02/2026, 12:55:00 AM UTC",REDACTED ,Larceny/Theft Offenses ,REDACTED ,Lincoln,"07/02/2026, 04:19:07 PM UTC",search,,
1370688d-fa36-4cfa-b1b2-ced4f00665f3,Brent Evans,Lee's Summit MO PD,6257,"06/02/2026, 04:30:32 PM UTC
07/02/2026, 04:30:32 PM UTC",REDACTED ,Wanted Person (Arrest Warrant/Fugitive) - ,REDACTED ,,"07/02/2026, 04:16:34 PM UTC",lookup,,
b0cfa1e2-f804-4274-9e13-403b1fe54dce,Brent Evans,Lee's Summit MO PD,6257,"07/02/2026, 02:30:20 PM UTC
07/02/2026, 04:30:20 PM UTC",REDACTED ,Wanted Person (Arrest Warrant/Fugitive) - ,REDACTED ,,"07/02/2026, 04:16:30 PM UTC",lookup,,
17610ed2-a2b9-4c62-ba7f-db92e8c934c9,Brent Evans,Lee's Summit MO PD,2,"06/02/2026, 04:30:59 PM UTC
07/02/2026, 04:30:59 PM UTC",REDACTED ,Wanted Person (Arrest Warrant/Fugitive) - ,REDACTED ,,"07/02/2026, 04:15:01 PM UTC",lookup,,
507f034d-6b0b-4e43-8da6-63b5240c3061,Brent Evans,Lee's Summit MO PD,2,"07/02/2026, 02:30:51 PM UTC
07/02/2026, 04:30:51 PM UTC",REDACTED ,Wanted Person (Arrest Warrant/Fugitive) - ,REDACTED ,,"07/02/2026, 04:14:57 PM UTC",lookup,,
ae943d7e-c611-4cd8-bc2d-e4d76893c0a1,Brent Evans,Lee's Summit MO PD,6257,"06/02/2026, 04:30:52 PM UTC
07/02/2026, 04:30:52 PM UTC",REDACTED ,Sex Offenses - The Charles ,REDACTED ,,"07/02/2026, 04:13:58 PM UTC",lookup,,
875a43ea-e03a-4506-bc6a-c4338700b0e4,Brent Evans,Lee's Summit MO PD,6257,"07/02/2026, 02:30:41 PM UTC
07/02/2026, 04:30:41 PM UTC",REDACTED ,Sex Offenses - The Charles ,REDACTED ,,"07/02/2026, 04:13:49 PM UTC",lookup,,
54d96274-b7d7-4ac9-adb4-4c02cb2fef08,Bryan Gilbert,Lee's Summit MO PD,1081,"07/01/2026, 04:15:00 PM UTC
07/01/2026, 04:55:00 PM UTC",REDACTED ,Larceny/Theft Offenses - ,REDACTED ,"SUV, black","07/02/2026, 04:11:33 PM UTC",search,,
cd429728-d2ce-4bf1-a010-659bed8c9b5f,Brent Evans,Lee's Summit MO PD,6257,"06/02/2026, 04:30:04 PM UTC
07/02/2026, 04:30:04 PM UTC",REDACTED ,Drugs/Narcotics -,REDACTED ,,"07/02/2026, 04:10:10 PM UTC",lookup,,
d78d5302-22b5-4adb-842c-f3e8930d4eec,Brent Evans,Lee's Summit MO PD,6257,"07/02/2026, 02:30:37 PM UTC
07/02/2026, 04:30:37 PM UTC",REDACTED ,Drugs/Narcotics - ,REDACTED ,,"07/02/2026, 04:10:01 PM UTC",lookup,,
40364565-bf9f-4953-9a05-2bdc7cbc73c9,Bryan Gilbert,Lee's Summit MO PD,1081,"07/01/2026, 04:15:00 PM UTC
07/01/2026, 04:55:00 PM UTC",REDACTED ,Larceny/Theft Offenses -,REDACTED ,Lincoln,"07/02/2026, 04:09:15 PM UTC",search,,
00245c80-e7e2-4874-8330-9154f914084a,Bryan Gilbert,Lee's Summit MO PD,1081,"07/01/2026, 04:15:00 PM UTC
07/01/2026, 04:55:00 PM UTC",REDACTED ,Larceny/Theft Offenses - ,REDACTED ,,"07/02/2026, 04:08:58 PM UTC",search,,
eace494b-a2b1-48e2-af62-c26691b284c2,Brett Sinclair,Lee's Summit MO PD,2,"06/19/2026, 02:30:00 PM UTC
07/02/2026, 04:30:00 PM UTC",REDACTED ,Destruction/Damage/Vandalism of Property - Suspect Vehicle,REDACTED ,kansas,"07/02/2026, 04:07:38 PM UTC",lookup,,
8a16b925-1301-4f40-b188-582e2b29ba63,Bryan Gilbert,Lee's Summit MO PD,1081,"07/01/2026, 04:15:00 PM UTC
07/01/2026, 04:55:00 PM UTC",REDACTED ,Larceny/Theft Offenses - ,REDACTED ,"SUV, black","07/02/2026, 04:06:54 PM UTC",search,,
fd0c3099-918e-4978-901b-6e3107436698,Bryan Gilbert,Lee's Summit MO PD,1081,"07/01/2026, 04:15:00 PM UTC
07/01/2026, 04:55:00 PM UTC",REDACTED ,Larceny/Theft Offenses - ,REDACTED ,Lincoln,"07/02/2026, 04:06:33 PM UTC",search,,
f10b4ea6-dc47-4391-86c6-3bbf388c0a3f,Bryan Gilbert,Lee's Summit MO PD,1081,"07/01/2026, 04:15:00 PM UTC
07/01/2026, 04:55:00 PM UTC",REDACTED ,Larceny/Theft Offenses - ,REDACTED ,,"07/02/2026, 04:05:54 PM UTC",search,,
57523f0c-8d09-4860-b014-096844d7254a,Bryan Gilbert,Lee's Summit MO PD,1081,"04/26/2026, 11:10:00 PM UTC
04/26/2026, 11:20:00 PM UTC",REDACTED ,Larceny/Theft Offenses - Stole at Target,REDACTED ,,"07/02/2026, 04:04:09 PM UTC",search,,
8c1a6a8d-2dad-464f-9fc6-94bdc4fcf513,David Arnold,Lee's Summit MO PD,7,"06/25/2026, 09:22:00 PM UTC
06/26/2026, 01:37:00 AM UTC",REDACTED ,Larceny/Theft Offenses,REDACTED ,,"07/02/2026, 03:40:53 PM UTC",visual,,
a0844a9a-3aaa-4a38-8189-f9569a9d50fc,David Arnold,Lee's Summit MO PD,1,"06/25/2026, 08:00:00 PM UTC
06/25/2026, 09:30:00 PM UTC",REDACTED ,Larceny/Theft Offenses,REDACTED ,"Pickup, black","07/02/2026, 03:35:12 PM UTC",search,,
dcbc455b-cca0-4197-b6a2-7e0a61351ee3,David Arnold,Lee's Summit MO PD,1,"06/25/2026, 08:00:00 PM UTC
06/25/2026, 09:30:00 PM UTC",REDACTED ,Larceny/Theft Offenses,REDACTED ,"Pickup, black","07/02/2026, 03:35:01 PM UTC",search,,
46e290cd-9502-44c2-8bbc-dfec6741d854,David Arnold,Lee's Summit MO PD,1081,"06/25/2026, 08:30:00 PM UTC
06/25/2026, 09:30:00 PM UTC",REDACTED ,Larceny/Theft Offenses,REDACTED ,"Pickup, black","07/02/2026, 03:29:56 PM UTC",search,,
3873fb0a-c2b3-4a16-94ad-3fd8b2a7eb0c,David Arnold,Lee's Summit MO PD,1081,"06/25/2026, 08:30:00 PM UTC
06/25/2026, 09:30:00 PM UTC",REDACTED ,Larceny/Theft Offenses,REDACTED ,"Pickup, Dodge, black","07/02/2026, 03:29:24 PM UTC",search,,
a2b90d17-4bcc-4f27-bb41-2c2882ab1701,David Arnold,Lee's Summit MO PD,1081,"06/25/2026, 08:30:00 PM UTC
06/25/2026, 09:30:00 PM UTC",REDACTED ,Larceny/Theft Offenses,REDACTED ,"Pickup, black","07/02/2026, 03:29:06 PM UTC",search,,
f6f08c10-ad44-40eb-961f-d9e8aeea6307,Jacob Aguayo,Lee's Summit MO PD,2,"06/30/2026, 05:30:00 PM UTC
06/30/2026, 07:30:00 PM UTC",REDACTED ,Stolen Property Offenses,REDACTED ,"Sedan, Nissan, silver_grey","07/02/2026, 01:18:05 PM UTC",search,,
8f17181b-03af-4aa4-a7c3-03c007194008,Jacob Aguayo,Lee's Summit MO PD,2,"06/30/2026, 05:30:00 PM UTC
06/30/2026, 07:30:00 PM UTC",REDACTED ,Stolen Property Offenses,REDACTED ,"Sedan, Nissan, silver_grey","07/02/2026, 01:17:49 PM UTC",search,,
9de51cd6-1fb0-4228-b350-4e80ebf8ef9c,Jacob Aguayo,Lee's Summit MO PD,2,"06/30/2026, 06:00:00 PM UTC
06/30/2026, 07:00:00 PM UTC",REDACTED ,Stolen Property Offenses,REDACTED ,"Sedan, Nissan, silver_grey","07/02/2026, 01:10:14 PM UTC",search,,
ce8d31ab-ddb3-4e61-9bfb-918df0983deb,Jacob Aguayo,Lee's Summit MO PD,2,"06/30/2026, 06:00:00 PM UTC
06/30/2026, 07:00:00 PM UTC",REDACTED ,Stolen Property Offenses,REDACTED ,"Sedan, Nissan, silver_grey, J","07/02/2026, 01:04:35 PM UTC",search,,
99ad07e2-22ea-474a-bb3c-564c4a69df32,Courtney Bakken,Lee's Summit MO PD,1080,"06/25/2026, 01:00:35 PM UTC
07/02/2026, 01:00:35 PM UTC",REDACTED ,Stolen Property Offenses - STOLEN AUTO,REDACTED ,,"07/02/2026, 12:54:37 PM UTC",lookup,,
d5e2599d-fd68-49a5-aefd-1251118f9408,Courtney Bakken,Lee's Summit MO PD,1080,"07/01/2026, 01:00:00 AM UTC
07/02/2026, 01:00:00 PM UTC",REDACTED ,Stolen Property Offenses - STOLEN AUTO,REDACTED ,,"07/02/2026, 12:54:28 PM UTC",lookup,,
9e013527-ea84-4320-8174-633f5d016e7a,Courtney Bakken,Lee's Summit MO PD,1080,"07/01/2026, 01:00:00 AM UTC
07/02/2026, 01:00:00 PM UTC",REDACTED ,Stolen Property Offenses - STOLEN AUTO,REDACTED ,Chevrolet,"07/02/2026, 12:54:25 PM UTC",lookup,,
aec9e74e-5d48-4798-b590-408ca90c9be7,Courtney Bakken,Lee's Summit MO PD,1080,"07/01/2026, 01:00:00 AM UTC
07/02/2026, 01:00:00 PM UTC",REDACTED ,Stolen Property Offenses - STOLEN AUTO,REDACTED ,"Chevrolet, missouri","07/02/2026, 12:54:06 PM UTC",lookup,,
0256b73e-a114-49dd-a03d-459d0a2da79e,Clayton Majors,Lee's Summit MO PD,1080,"07/01/2026, 10:00:16 AM UTC
07/02/2026, 10:00:16 AM UTC",REDACTED ,Drugs/Narcotics - investigation,REDACTED ,missouri,"07/02/2026, 09:38:18 AM UTC",lookup,,
86db8ed5-2979-4c51-b971-37689a4f3602,Clayton Majors,Lee's Summit MO PD,1080,"07/01/2026, 05:30:18 AM UTC
07/02/2026, 05:30:18 AM UTC",REDACTED ,Drugs/Narcotics - investigation,REDACTED ,missouri,"07/02/2026, 05:19:20 AM UTC",lookup,,
458ffc78-c3b6-4f8b-af65-110159eb3aa3,Clayton Majors,Lee's Summit MO PD,1080,"07/01/2026, 12:00:00 AM UTC
07/02/2026, 04:30:00 AM UTC",REDACTED ,Drugs/Narcotics - investigation,REDACTED ,missouri,"07/02/2026, 05:19:03 AM UTC",lookup,,
61d9627a-e39b-49b9-8366-0458c336b19a,Austin Prindle,Lee's Summit MO PD,1080,"07/01/2026, 05:00:29 AM UTC
07/02/2026, 05:00:29 AM UTC",REDACTED ,Curfew/Loitering/Vagrancy Violations,REDACTED ,,"07/02/2026, 04:41:31 AM UTC",lookup,,
0bb8fd64-20e7-4b7e-b796-2bbfe39f1fe6,Clayton Majors,Lee's Summit MO PD,2,"07/01/2026, 12:00:00 AM UTC
07/02/2026, 04:30:00 AM UTC",REDACTED ,Drugs/Narcotics - investigation,REDACTED ,missouri,"07/02/2026, 04:13:17 AM UTC",lookup,,
d25fa2bc-9127-44e2-9b38-a96685f27b07,Clayton Majors,Lee's Summit MO PD,2,"07/01/2026, 12:00:00 AM UTC
07/02/2026, 04:00:00 AM UTC",REDACTED ,Drugs/Narcotics - investigation,REDACTED ,missouri,"07/02/2026, 03:20:05 AM UTC",lookup,,
27c17e42-a156-4bfe-8c36-c9761b2afa77,Clayton Majors,Lee's Summit MO PD,2,"07/01/2026, 12:00:00 AM UTC
07/02/2026, 03:00:00 AM UTC",REDACTED ,Drugs/Narcotics - investigation,REDACTED ,missouri,"07/02/2026, 12:54:36 AM UTC",lookup,,
e6118bf4-56b4-4ba8-a74a-168b1ce3eab2,Clayton Majors,Lee's Summit MO PD,1080,"07/01/2026, 12:00:00 AM UTC
07/02/2026, 03:00:00 AM UTC",REDACTED ,Drugs/Narcotics - investigation,REDACTED ,missouri,"07/02/2026, 12:54:25 AM UTC",lookup,,
d390f6e2-4fd8-4d98-a36e-484fa1fba589,Clayton Majors,Lee's Summit MO PD,1080,"07/01/2026, 12:00:00 AM UTC
07/02/2026, 03:00:00 AM UTC",REDACTED ,Drugs/Narcotics - investigation,REDACTED ,missouri,"07/02/2026, 12:54:09 AM UTC",lookup,,
b11e33c2-c340-43a0-bd07-2ace8eb8bd05,Clayton Majors,Lee's Summit MO PD,1080,"07/01/2026, 12:00:00 AM UTC
07/02/2026, 03:00:00 AM UTC",REDACTED ,Drugs/Narcotics - investigation,REDACTED ,missouri,"07/02/2026, 12:53:02 AM UTC",lookup,,
ad55b284-c778-4b34-be6b-5304203eeb41,Clayton Majors,Lee's Summit MO PD,1080,"07/01/2026, 12:00:00 AM UTC
07/02/2026, 03:00:00 AM UTC",REDACTED ,Drugs/Narcotics - investigation,REDACTED ,missouri,"07/02/2026, 12:50:06 AM UTC",lookup,,
ab5da19b-d740-46f3-aea9-972fa58bd0f2,Clayton Majors,Lee's Summit MO PD,1080,"07/01/2026, 12:00:00 AM UTC
07/02/2026, 03:00:00 AM UTC",REDACTED ,Drugs/Narcotics - investigation,REDACTED ,missouri,"07/02/2026, 12:40:52 AM UTC",lookup,,
6919cfd9-9e15-4e3f-9623-16b7dd4da78c,Martin Blahut,Lee's Summit MO PD,2,"07/01/2026, 12:30:38 AM UTC
07/02/2026, 12:30:38 AM UTC",REDACTED ,Drugs/Narcotics,REDACTED ,,"07/02/2026, 12:17:58 AM UTC",lookup,,
8cfae5ef-6ae1-488e-8b00-0de9187bcac3,Clayton Majors,Lee's Summit MO PD,1080,"07/01/2026, 12:00:02 AM UTC
07/02/2026, 12:00:02 AM UTC",REDACTED ,Drugs/Narcotics - investigation,REDACTED ,missouri,"07/02/2026, 12:13:35 AM UTC",lookup,,
c0020fbc-1f5c-40d1-9961-ec71a99520e2,Clayton Majors,Lee's Summit MO PD,1080,"07/01/2026, 12:00:02 AM UTC
07/02/2026, 12:00:02 AM UTC",REDACTED ,Drugs/Narcotics - investigation,REDACTED ,missouri,"07/02/2026, 12:07:58 AM UTC",lookup,,
968195e8-ba37-48b4-8e0a-0219ffc96bf4,Clayton Majors,Lee's Summit MO PD,1080,"07/01/2026, 12:00:02 AM UTC
07/02/2026, 12:00:02 AM UTC",REDACTED ,Drugs/Narcotics - investigation,REDACTED ,missouri,"07/01/2026, 11:56:14 PM UTC",lookup,,
2d7c3a8d-626e-4ccc-9d23-4ef67e0cba97,Darcy Boorem,Lee's Summit MO PD,2,"06/28/2026, 09:30:00 PM UTC
06/28/2026, 10:05:00 PM UTC",REDACTED ,Hit and Run/Car Accident - aoa oppd,REDACTED ,,"07/01/2026, 08:50:15 PM UTC",freeform,objectClass:vehicle dark silver acura tl ,allow
31a4de13-04d3-4534-a709-36526784b592,Darcy Boorem,Lee's Summit MO PD,2,"06/28/2026, 09:30:00 PM UTC
06/29/2026, 12:30:00 AM UTC",REDACTED ,Hit and Run/Car Accident - aoa oppd,REDACTED ,,"07/01/2026, 08:49:29 PM UTC",freeform,objectClass:vehicle dark silver acura tl ,allow
f9a92958-d564-4cb8-a6e9-2da13120739e,Darcy Boorem,Lee's Summit MO PD,73,"06/28/2026, 09:30:00 PM UTC
06/29/2026, 12:30:00 AM UTC",REDACTED ,Hit and Run/Car Accident - aoa oppd,REDACTED ,,"07/01/2026, 08:49:16 PM UTC",freeform,objectClass:vehicle dark silver acura tl ,allow
82850e29-7507-4818-930e-c1ebb3d5ba30,Darcy Boorem,Lee's Summit MO PD,73,"06/28/2026, 09:30:00 PM UTC
06/29/2026, 12:30:00 AM UTC",REDACTED ,Hit and Run/Car Accident - aoa oppd,REDACTED ,,"07/01/2026, 08:48:14 PM UTC",freeform,objectClass:vehicle dark silver acura tl ,allow
549157fb-0d4e-4601-8f3f-be672e3edf7f,Darcy Boorem,Lee's Summit MO PD,1082,"06/01/2026, 09:00:01 PM UTC
07/01/2026, 09:00:01 PM UTC",REDACTED ,Hit and Run/Car Accident - aoa oppd,REDACTED ,,"07/01/2026, 08:42:03 PM UTC",lookup,,
64848787-c7d3-4c4d-8adf-9632ea7ece2c,Jennifer Maynard,Lee's Summit MO PD,1059,"06/17/2026, 08:33:53 PM UTC
07/01/2026, 08:33:53 PM UTC",REDACTED ,Drugs/Narcotics,REDACTED ,,"07/01/2026, 08:33:59 PM UTC",lookup - Mobile,,
79864205-693d-43d0-b698-a574859bde87,Jennifer Maynard,Lee's Summit MO PD,1059,"06/21/2026, 05:00:00 AM UTC
06/30/2026, 04:59:59 AM UTC",REDACTED ,Drugs/Narcotics,REDACTED ,,"07/01/2026, 08:27:59 PM UTC",lookup - Mobile,,
58287a84-ac46-40ac-9b53-6957473f68ae,Jennifer Maynard,Lee's Summit MO PD,1059,"06/24/2026, 08:27:02 PM UTC
07/01/2026, 08:27:02 PM UTC",REDACTED ,Drugs/Narcotics,REDACTED ,,"07/01/2026, 08:27:10 PM UTC",lookup - Mobile,,
c5bdc879-7e02-46cb-b9ef-e734f2696df6,Jennifer Maynard,Lee's Summit MO PD,1059,"06/30/2026, 08:27:00 PM UTC
07/01/2026, 08:27:00 PM UTC",REDACTED ,Drugs/Narcotics,REDACTED ,,"07/01/2026, 08:27:01 PM UTC",lookup - Mobile,,
183a4c53-1114-4b1c-9788-c604d9383331,Jennifer Maynard,Lee's Summit MO PD,1059,"06/24/2026, 08:15:28 PM UTC
07/01/2026, 08:15:28 PM UTC",REDACTED ,Drugs/Narcotics,REDACTED ,,"07/01/2026, 08:15:45 PM UTC",lookup - Mobile,,
13317612-7393-439e-8b88-5582b2f9051d,Jennifer Maynard,Lee's Summit MO PD,1059,"06/30/2026, 08:15:25 PM UTC
07/01/2026, 08:15:25 PM UTC",REDACTED ,Drugs/Narcotics,REDACTED ,,"07/01/2026, 08:15:26 PM UTC",lookup - Mobile,,
4e0fe6a5-7e90-4428-afd0-81a7633df896,Elisha Knapp,Lee's Summit MO PD,1082,"06/01/2026, 08:00:55 PM UTC
07/01/2026, 08:00:55 PM UTC",REDACTED ,Larceny/Theft Offenses - assist agency attempt to identify,REDACTED ,california,"07/01/2026, 07:43:57 PM UTC",lookup,,
24cfcc0b-05ff-40e3-8595-b3a150059a36,Ashley Spring,Lee's Summit MO PD,1082,"06/01/2026, 04:00:35 PM UTC
07/01/2026, 04:00:35 PM UTC",REDACTED ,Larceny/Theft Offenses - Investigation,REDACTED ,oklahoma,"07/01/2026, 04:11:25 PM UTC",lookup,,
fc498cad-c776-4d3d-bdeb-91faa87dd567,Ashley Spring,Lee's Summit MO PD,1082,"06/01/2026, 04:00:35 PM UTC
07/01/2026, 04:00:35 PM UTC",REDACTED ,Larceny/Theft Offenses - Investigation,REDACTED ,,"07/01/2026, 03:53:59 PM UTC",search,,
ce8a2b05-1dc8-4732-bac6-f9eff57f2fde,Andrew Ewing,Lee's Summit MO PD,2,"06/30/2026, 02:30:31 PM UTC
07/01/2026, 02:30:31 PM UTC",REDACTED ,Drugs/Narcotics,REDACTED ,???G7S,"07/01/2026, 03:53:33 PM UTC",search,,
33d87b13-02ac-4464-b8d1-92eba83f8e44,Nick Kost,Lee's Summit MO PD,1081,"07/01/2026, 01:30:36 PM UTC
07/01/2026, 03:30:36 PM UTC",REDACTED ,Assault/Battery Offenses - locate vehicle,REDACTED ,,"07/01/2026, 03:37:17 PM UTC",lookup,,
8553f93b-0d38-40f1-8812-706824ccf0cc,Nick Kost,Lee's Summit MO PD,1081,"07/01/2026, 01:30:36 PM UTC
07/01/2026, 03:30:36 PM UTC",REDACTED ,Assault/Battery Offenses - locate vehicle,REDACTED ,,"07/01/2026, 03:26:24 PM UTC",lookup,,
8e448967-a92b-4fad-ab58-943a6f183b8a,Michael Partin,Lee's Summit MO PD,1081,"07/01/2026, 01:30:32 PM UTC
07/01/2026, 03:30:32 PM UTC",REDACTED ,Assault/Battery Offenses,REDACTED ,,"07/01/2026, 03:25:44 PM UTC",lookup,,
a2a16cf8-95eb-4956-8699-0c7ac92d4bc6,David Arnold,Lee's Summit MO PD,1082,"06/01/2026, 03:00:00 PM UTC
07/01/2026, 03:00:00 PM UTC",REDACTED ,Larceny/Theft Offenses,REDACTED ,,"07/01/2026, 03:23:52 PM UTC",lookup,,
21e20d5b-9cdc-425c-968e-8ecc6e9f7110,David Arnold,Lee's Summit MO PD,1082,"06/01/2026, 03:00:00 PM UTC
07/01/2026, 03:00:00 PM UTC",REDACTED ,Larceny/Theft Offenses,REDACTED ,,"07/01/2026, 03:19:37 PM UTC",lookup,,
d1f91654-c41f-4fd5-aac8-8c04b1261bae,Michael Partin,Lee's Summit MO PD,1081,"07/01/2026, 01:30:32 PM UTC
07/01/2026, 03:30:32 PM UTC",REDACTED ,Assault/Battery Offenses,REDACTED ,,"07/01/2026, 03:07:48 PM UTC",lookup,,
4995f09c-7585-449c-808e-33b76d0b81b0,David Arnold,Lee's Summit MO PD,1082,"06/01/2026, 03:00:00 PM UTC
07/01/2026, 03:00:00 PM UTC",REDACTED ,Larceny/Theft Offenses,REDACTED ,,"07/01/2026, 02:56:22 PM UTC",lookup,,
7a2dbf71-b070-4d3f-8818-ba14d422de39,David Arnold,Lee's Summit MO PD,1082,"06/01/2026, 03:00:00 PM UTC
07/01/2026, 03:00:00 PM UTC",REDACTED ,Larceny/Theft Offenses,REDACTED ,,"07/01/2026, 02:45:02 PM UTC",lookup,,
87392ea4-4c0f-405a-aaeb-3c567fe74ba4,Andrew Ewing,Lee's Summit MO PD,2,"06/30/2026, 02:30:31 PM UTC
07/01/2026, 02:30:31 PM UTC",REDACTED ,Motor Vehicle Theft/Stolen,REDACTED ,"Pickup, Chevrolet, brown","07/01/2026, 02:11:32 PM UTC",search,,
b2ab1f79-30e8-485f-adc0-414bbc94d57e,Andrew Ewing,Lee's Summit MO PD,2,"07/01/2026, 12:30:20 PM UTC
07/01/2026, 02:30:20 PM UTC",REDACTED ,Motor Vehicle Theft/Stolen,REDACTED ,"Pickup, Chevrolet, brown","07/01/2026, 02:11:23 PM UTC",search,,
36f6609b-8481-4e03-8267-2f9d23d26798,Andrew Ewing,Lee's Summit MO PD,1082,"06/30/2026, 02:30:34 PM UTC
07/01/2026, 02:30:34 PM UTC",REDACTED ,Motor Vehicle Theft/Stolen,REDACTED ,,"07/01/2026, 02:09:42 PM UTC",lookup,,
35e82889-d236-4d0b-ae9b-169cb9c210e6,Andrew Ewing,Lee's Summit MO PD,2,"06/30/2026, 01:00:41 PM UTC
07/01/2026, 01:00:41 PM UTC",REDACTED ,Drugs/Narcotics,REDACTED ,,"07/01/2026, 12:55:44 PM UTC",lookup,,
ae71e2b3-81b6-497a-8859-a0eee13f41b3,David Arnold,Lee's Summit MO PD,1082,"06/01/2026, 01:00:54 PM UTC
07/01/2026, 01:00:54 PM UTC",REDACTED ,Larceny/Theft Offenses,REDACTED ,,"07/01/2026, 12:34:57 PM UTC",lookup,,
c630beab-a885-47c8-b033-2ab6d825d516,David Arnold,Lee's Summit MO PD,1082,"06/30/2026, 03:00:51 PM UTC
06/30/2026, 05:00:51 PM UTC",REDACTED ,Larceny/Theft Offenses,REDACTED ,,"07/01/2026, 12:34:49 PM UTC",lookup,,
a7935410-8e72-439d-af4a-c5c85ccd038f,Andrew Ewing,Lee's Summit MO PD,2,"06/24/2026, 12:30:17 PM UTC
07/01/2026, 12:30:17 PM UTC",REDACTED ,Wanted Person (Arrest Warrant/Fugitive),REDACTED ,,"07/01/2026, 12:08:18 PM UTC",lookup,,
44febcc9-6b8a-4b65-b5db-96d8a0a60ec4,Andrew Ewing,Lee's Summit MO PD,2,"06/30/2026, 12:30:00 PM UTC
07/01/2026, 12:30:00 PM UTC",REDACTED ,Wanted Person (Arrest Warrant/Fugitive),REDACTED ,,"07/01/2026, 12:08:11 PM UTC",lookup,,
9bbb758f-8f62-418e-bb72-01b7cc436011,Ryan Snider,Lee's Summit MO PD,349,"06/30/2026, 04:30:16 AM UTC
07/01/2026, 04:30:16 AM UTC",REDACTED ,Trespass - SUICIDAL SUBJECT -  ,REDACTED ,,"07/01/2026, 04:01:26 AM UTC",lookup,,
31245d7f-9a7f-4af9-9326-567a2aa15da0,Ryan Snider,Lee's Summit MO PD,349,"06/30/2026, 04:30:16 AM UTC
07/01/2026, 04:30:16 AM UTC",REDACTED ,Trespass - SUICIDAL SUBJECT - ,REDACTED ,,"07/01/2026, 04:01:19 AM UTC",lookup,,
075de002-7014-437e-a62e-b1c5cd8963ca,Ryan Snider,Lee's Summit MO PD,349,"06/24/2026, 04:00:20 AM UTC
07/01/2026, 04:00:20 AM UTC",REDACTED ,Trespass - SUICIDAL SUBJECT - ,REDACTED ,,"07/01/2026, 03:43:28 AM UTC",lookup,,
4a4b00a6-917a-422f-9994-97e0b3246997,Ryan Snider,Lee's Summit MO PD,349,"06/24/2026, 04:00:20 AM UTC
07/01/2026, 04:00:20 AM UTC",REDACTED ,Trespass - SUICIDAL SUBJECT - ,REDACTED ,,"07/01/2026, 03:43:22 AM UTC",lookup,,
13d4873c-b7ce-45ac-8f93-6dabe2a7ff13,Ryan Snider,Lee's Summit MO PD,349,"06/30/2026, 04:00:21 AM UTC
07/01/2026, 04:00:21 AM UTC",REDACTED ,Trespass - SUICIDAL SUBJECT - ,REDACTED ,,"07/01/2026, 03:42:49 AM UTC",lookup,,
d7018969-5567-406c-9fdb-30e182d0375b,Ryan Snider,Lee's Summit MO PD,349,"06/30/2026, 04:00:21 AM UTC
07/01/2026, 04:00:21 AM UTC",REDACTED ,Trespass - SUICIDAL SUBJECT - ,REDACTED ,,"07/01/2026, 03:41:33 AM UTC",lookup,,
7cfd8f29-a0af-4106-b17b-679de2b936e3,Jackson Welch,Lee's Summit MO PD,1,"06/30/2026, 03:30:51 AM UTC
07/01/2026, 03:30:51 AM UTC",REDACTED ,Trespass - suicidal,REDACTED ,missouri,"07/01/2026, 03:31:26 AM UTC",lookup,,
33bb8b5a-5d6a-46df-bb04-969d4d98aac5,Jackson Welch,Lee's Summit MO PD,1,"06/30/2026, 03:30:51 AM UTC
07/01/2026, 03:30:51 AM UTC",REDACTED ,Trespass - suicidal,REDACTED ,missouri,"07/01/2026, 03:31:11 AM UTC",lookup,,
9391e4f8-9489-4cd6-8e52-5c25ce420428,Jackson Welch,Lee's Summit MO PD,1,"06/30/2026, 03:30:51 AM UTC
07/01/2026, 03:30:51 AM UTC",REDACTED ,Trespass - suicidal,REDACTED ,missouri,"07/01/2026, 03:30:06 AM UTC",lookup,,
28e30ed8-f4e7-4a94-a53f-9357301da8bd,Jackson Welch,Lee's Summit MO PD,1081,"06/30/2026, 03:30:51 AM UTC
07/01/2026, 03:30:51 AM UTC",REDACTED ,Trespass - suicidal,REDACTED ,missouri,"07/01/2026, 03:29:54 AM UTC",lookup,,
1f012b7f-f866-49ed-bb92-3ba2534938ac,Jackson Welch,Lee's Summit MO PD,1081,"07/01/2026, 01:30:42 AM UTC
07/01/2026, 03:30:42 AM UTC",REDACTED ,Trespass - suicidal,REDACTED ,missouri,"07/01/2026, 03:29:32 AM UTC",lookup,,
372b4740-a776-487a-80ea-d3b27877044c,Andrew Ewing,Lee's Summit MO PD,2,"06/30/2026, 03:30:46 AM UTC
07/01/2026, 03:30:46 AM UTC",REDACTED ,Trespass,REDACTED ,REDACTED ,"07/01/2026, 03:06:48 AM UTC",search,,
6bf26102-2eae-4b89-888b-e8cd98ffc260,Andrew Ewing,Lee's Summit MO PD,2,"07/01/2026, 01:30:43 AM UTC
07/01/2026, 03:30:43 AM UTC",REDACTED ,Trespass,REDACTED ,REDACTED ,"07/01/2026, 03:06:45 AM UTC",search,,
bcedb460-2ce2-4c55-9c8b-670a6d40f25e,Azlen Metscher,Lee's Summit MO PD,349,"06/01/2026, 12:30:51 AM UTC
07/01/2026, 12:30:51 AM UTC",REDACTED ,Assault/Battery Offenses,REDACTED ,missouri,"07/01/2026, 12:25:52 AM UTC",lookup,,
8e133a73-4591-4391-9aea-fb53a8da006c,Azlen Metscher,Lee's Summit MO PD,349,"06/01/2026, 12:30:51 AM UTC
07/01/2026, 12:30:51 AM UTC",REDACTED ,Assault/Battery Offenses,REDACTED ,missouri,"07/01/2026, 12:21:11 AM UTC",lookup,,
f15620b1-46f3-4c73-ac98-95467b04c3a9,Azlen Metscher,Lee's Summit MO PD,1081,"06/30/2026, 10:00:02 PM UTC
07/01/2026, 12:00:02 AM UTC",REDACTED ,Assault/Battery Offenses,REDACTED ,missouri,"07/01/2026, 12:20:47 AM UTC",lookup,,
35440687-e235-4b85-80fa-344823f3d3a4,Andrew Ewing,Lee's Summit MO PD,2,"06/30/2026, 12:30:10 AM UTC
07/01/2026, 12:30:10 AM UTC",REDACTED ,Larceny/Theft Offenses - HOME DEPOT SHINGLE THIEVES,REDACTED ,,"07/01/2026, 12:10:18 AM UTC",visual,,
268fe326-fc84-4110-a7b5-fda265b23af8,Andrew Ewing,Lee's Summit MO PD,1082,"06/01/2026, 12:30:32 AM UTC
07/01/2026, 12:30:32 AM UTC",REDACTED ,Larceny/Theft Offenses,REDACTED ,,"07/01/2026, 12:08:35 AM UTC",lookup,,
efc4142b-02af-43a1-a0bf-967e9722c475,Andrew Ewing,Lee's Summit MO PD,1082,"06/24/2026, 12:30:20 AM UTC
07/01/2026, 12:30:20 AM UTC",REDACTED ,Larceny/Theft Offenses,REDACTED ,,"07/01/2026, 12:07:22 AM UTC",lookup,,
4e113083-8ee6-4af6-84c6-e99ab9e2af41,Joshua Wilson,Lee's Summit MO PD,1,"06/30/2026, 05:00:00 PM UTC
06/30/2026, 05:35:00 PM UTC",REDACTED ,Hit and Run/Car Accident,REDACTED ,"SUV, Buick","06/30/2026, 11:14:03 PM UTC",search,,
6c647492-320a-44ae-b04a-c3526efc5c2b,Michael Reese,Lee's Summit MO PD,2,"06/18/2026, 01:10:00 AM UTC
06/18/2026, 01:30:00 AM UTC",REDACTED ,Counterfeiting/Forgery - Suspect Vehicle,REDACTED ,"Sedan, silver_grey","06/30/2026, 10:09:59 PM UTC",search,,
362a7b8a-c2ae-49d0-a008-597c47550f5b,Michael Reese,Lee's Summit MO PD,2,"06/18/2026, 01:10:00 AM UTC
06/18/2026, 01:30:00 AM UTC",REDACTED ,Counterfeiting/Forgery - Suspect Vehicle,REDACTED ,"Sedan, silver_grey","06/30/2026, 10:09:45 PM UTC",search,,
e7e98205-c285-46b4-b6ab-129fc2901fe2,Michael Reese,Lee's Summit MO PD,2,"06/18/2026, 01:10:00 AM UTC
06/18/2026, 01:30:00 AM UTC",REDACTED ,Counterfeiting/Forgery - Suspect Vehicle,REDACTED ,"Sedan, silver_grey","06/30/2026, 10:06:16 PM UTC",search,,
f55e8087-5a5d-4164-8627-b8fa527503c5,Michael Reese,Lee's Summit MO PD,2,"06/18/2026, 01:20:00 AM UTC
06/18/2026, 01:30:00 AM UTC",REDACTED ,Counterfeiting/Forgery - Suspect Vehicle,REDACTED ,"Sedan, silver_grey","06/30/2026, 09:59:58 PM UTC",search,,
78c04be7-5724-4b53-8ffd-c433a9065d85,Michael Reese,Lee's Summit MO PD,2,"06/18/2026, 01:20:00 AM UTC
06/18/2026, 01:30:00 AM UTC",REDACTED ,Counterfeiting/Forgery - Suspect Vehicle,REDACTED ,"Sedan, silver_grey","06/30/2026, 09:55:13 PM UTC",search,,
2acc92b1-56bd-4b90-b6e1-aa614efb7765,Jacob White,Lee's Summit MO PD,1081,"06/23/2026, 10:00:29 PM UTC
06/30/2026, 10:00:29 PM UTC",REDACTED ,Wanted Person (Arrest Warrant/Fugitive),REDACTED ,,"06/30/2026, 09:42:31 PM UTC",lookup,,
f860003c-7181-49c6-9c12-ca4eece0e518,Jacob White,Lee's Summit MO PD,1081,"06/29/2026, 10:00:24 PM UTC
06/30/2026, 10:00:24 PM UTC",REDACTED ,Wanted Person (Arrest Warrant/Fugitive),REDACTED ,,"06/30/2026, 09:42:26 PM UTC",lookup,,
0cdd0c39-98b1-42aa-9d12-4c6e5fd47d3c,Michael Reese,Lee's Summit MO PD,2,"05/19/2026, 01:20:00 AM UTC
06/18/2026, 01:25:00 AM UTC",REDACTED ,Counterfeiting/Forgery - Suspect Vehicle,REDACTED ,,"06/30/2026, 09:40:46 PM UTC",lookup,,
bf48ba0c-0d0c-471b-b6d5-5b48d1833036,Michael Reese,Lee's Summit MO PD,2,"06/18/2026, 01:20:00 AM UTC
06/18/2026, 01:25:00 AM UTC",REDACTED ,Counterfeiting/Forgery - Suspect Vehicle,REDACTED ,"Sedan, Nissan, silver_grey","06/30/2026, 09:39:35 PM UTC",search,,
25d7d157-b610-4fe3-8596-e4beea998599,Ryan Small,Lee's Summit MO PD,1082,"06/23/2026, 09:30:11 PM UTC
06/30/2026, 09:30:11 PM UTC",REDACTED ,Larceny/Theft Offenses,REDACTED ,missouri,"06/30/2026, 09:27:13 PM UTC",lookup,,
e657cf63-a1e4-494a-b4ff-6fe3427ee78f,Ryan Small,Lee's Summit MO PD,1082,"06/29/2026, 09:30:03 PM UTC
06/30/2026, 09:30:03 PM UTC",REDACTED ,Larceny/Theft Offenses,REDACTED ,missouri,"06/30/2026, 09:27:07 PM UTC",lookup,,
dd8e9605-a67a-47a7-9ce7-01ec6f07d62b,Darcy Boorem,Lee's Summit MO PD,1082,"05/31/2026, 08:30:32 PM UTC
06/30/2026, 08:30:32 PM UTC",REDACTED ,Drugs/Narcotics - AOA Olathe,REDACTED ,,"06/30/2026, 08:30:24 PM UTC",lookup,,
1231400d-22c4-4f88-902f-ce02b1aec439,Darcy Boorem,Lee's Summit MO PD,1082,"05/31/2026, 08:30:32 PM UTC
06/30/2026, 08:30:32 PM UTC",REDACTED ,Drugs/Narcotics - AOA Olathe,REDACTED ,,"06/30/2026, 08:11:35 PM UTC",lookup,,
b6d9d80e-c8cb-42b2-9093-3f0bd32706e8,Ashley Spring,Lee's Summit MO PD,2,"05/31/2026, 08:30:43 PM UTC
06/30/2026, 08:30:43 PM UTC",REDACTED ,Larceny/Theft Offenses - Investigation,REDACTED ,,"06/30/2026, 08:02:17 PM UTC",freeform,objectClass:vehicle black Jeep Cherokee with no small window decal on rear windshield,allow
1dc04636-3cb6-40a3-b966-4cd913a927c9,Chloe Crowdes,Lee's Summit MO PD,6260,"06/30/2026, 06:00:04 PM UTC
06/30/2026, 08:00:04 PM UTC",REDACTED ,Motor Vehicle Theft/Stolen,REDACTED ,,"06/30/2026, 07:41:14 PM UTC",lookup,,
a606a806-8ab0-4d3f-8031-bc1ae452f701,Ashley Spring,Lee's Summit MO PD,1082,"05/31/2026, 07:00:20 PM UTC
06/30/2026, 07:00:20 PM UTC",REDACTED ,Larceny/Theft Offenses - Investigation,REDACTED ,,"06/30/2026, 06:55:33 PM UTC",lookup,,
c6482a84-9c64-4b26-9587-72255f47a740,Ashley Spring,Lee's Summit MO PD,1082,"05/31/2026, 07:00:24 PM UTC
06/30/2026, 07:00:24 PM UTC",REDACTED ,Larceny/Theft Offenses - Investigation,REDACTED ,,"06/30/2026, 06:31:50 PM UTC",lookup,,
cb4e1c97-0f32-4723-b721-cc16c978d406,Emilio Saenz,Lee's Summit MO PD,2,"06/30/2026, 05:15:00 PM UTC
06/30/2026, 05:45:00 PM UTC",REDACTED ,Hit and Run/Car Accident,REDACTED ,"SUV, blue","06/30/2026, 06:02:15 PM UTC",search,,
0c415792-99d1-4b4e-8a06-41e52cf2ef14,Emilio Saenz,Lee's Summit MO PD,2,"06/30/2026, 05:15:00 PM UTC
06/30/2026, 06:01:00 PM UTC",REDACTED ,Hit and Run/Car Accident,REDACTED ,"SUV, blue","06/30/2026, 06:01:40 PM UTC",search,,
578a06dd-5e19-4181-ba09-1be7c355ccd2,Chloe Crowdes,Lee's Summit MO PD,2,"06/30/2026, 05:20:31 PM UTC
06/30/2026, 05:35:31 PM UTC",REDACTED ,Hit and Run/Car Accident - hit and run,REDACTED ,"SUV, Buick, blue, black","06/30/2026, 05:58:52 PM UTC",search,,
d779058a-999b-43ca-913d-8a77421fd0b8,Chloe Crowdes,Lee's Summit MO PD,2,"06/30/2026, 05:20:31 PM UTC
06/30/2026, 05:35:31 PM UTC",REDACTED ,Hit and Run/Car Accident - hit and run,REDACTED ,"SUV, Buick, blue","06/30/2026, 05:58:36 PM UTC",search,,
de936ebf-eaea-4dbc-88eb-8160c2954af7,Emilio Saenz,Lee's Summit MO PD,2,"06/30/2026, 04:00:35 PM UTC
06/30/2026, 06:00:35 PM UTC",REDACTED ,Hit and Run/Car Accident,REDACTED ,Buick,"06/30/2026, 05:51:37 PM UTC",search,,
2c828c2d-8165-4064-92e7-0ede0ca71eb7,Emilio Saenz,Lee's Summit MO PD,2,"06/29/2026, 06:00:08 PM UTC
06/30/2026, 06:00:08 PM UTC",REDACTED ,Hit and Run/Car Accident,REDACTED ,,"06/30/2026, 05:51:11 PM UTC",lookup,,
8b4473d2-acf9-4971-9d92-fc56f0382a35,Emilio Saenz,Lee's Summit MO PD,2,"06/30/2026, 05:24:49 PM UTC
06/30/2026, 05:39:49 PM UTC",REDACTED ,Hit and Run/Car Accident,REDACTED ,"Buick, blue","06/30/2026, 05:48:01 PM UTC",search,,
f23bc0e1-8d57-4ab9-93f6-20c848803e79,Emilio Saenz,Lee's Summit MO PD,2,"06/30/2026, 05:24:49 PM UTC
06/30/2026, 05:39:49 PM UTC",REDACTED ,Hit and Run/Car Accident,REDACTED ,"SUV, Buick, blue","06/30/2026, 05:42:22 PM UTC",search,,
5dd72a5f-4333-403b-8a86-e1a1394d95d5,Emilio Saenz,Lee's Summit MO PD,2,"06/30/2026, 05:24:49 PM UTC
06/30/2026, 05:39:49 PM UTC",REDACTED ,Hit and Run/Car Accident,REDACTED ,"SUV, Buick, blue","06/30/2026, 05:39:50 PM UTC",search,,
8544aadd-302e-493c-8556-ba70e25e7868,Emilio Saenz,Lee's Summit MO PD,2,"06/30/2026, 04:00:28 PM UTC
06/30/2026, 06:00:28 PM UTC",REDACTED ,Hit and Run/Car Accident,REDACTED ,"SUV, Buick, blue","06/30/2026, 05:36:29 PM UTC",search,,
fc4117c6-dbd0-45c8-a375-baa6fdd215c5,Emilio Saenz,Lee's Summit MO PD,2,"06/30/2026, 05:20:46 PM UTC
06/30/2026, 05:35:46 PM UTC",REDACTED ,Hit and Run/Car Accident,REDACTED ,"SUV, Buick, blue","06/30/2026, 05:36:00 PM UTC",search,,
b217453e-d52f-4f88-b3a3-1967c549fa43,Chloe Crowdes,Lee's Summit MO PD,2,"06/30/2026, 05:20:31 PM UTC
06/30/2026, 05:35:31 PM UTC",REDACTED ,Hit and Run/Car Accident - hit and run,REDACTED ,"SUV, Buick, blue","06/30/2026, 05:35:58 PM UTC",search,,
1d4c2bd1-6607-4773-8c87-777037cb1db5,Emilio Saenz,Lee's Summit MO PD,1081,"06/30/2026, 05:20:46 PM UTC
06/30/2026, 05:35:46 PM UTC",REDACTED ,Hit and Run/Car Accident,REDACTED ,"SUV, Buick, blue","06/30/2026, 05:35:48 PM UTC",search,,
a95dc8a3-3ee2-4c15-b652-9e191c32ad9d,Joshua Wilson,Lee's Summit MO PD,1082,"05/31/2026, 05:30:15 PM UTC
06/30/2026, 05:30:15 PM UTC",REDACTED ,Hit and Run/Car Accident,REDACTED ,,"06/30/2026, 05:01:17 PM UTC",lookup,,
ed8d40d5-a52f-4836-a960-136868d6273b,Brent Evans,Lee's Summit MO PD,6263,"05/31/2026, 04:22:10 PM UTC
06/30/2026, 04:22:10 PM UTC",REDACTED ,Robbery - Armed robber wants to move to ls,REDACTED ,,"06/30/2026, 04:22:23 PM UTC",lookup,,
c950082d-7a55-4499-b3d7-5dc8135e4723,Brent Evans,Lee's Summit MO PD,1082,"05/31/2026, 04:30:10 PM UTC
06/30/2026, 04:30:10 PM UTC",REDACTED ,Robbery - Armed robber wants to move to ls,REDACTED ,missouri,"06/30/2026, 04:21:13 PM UTC",lookup,,
3d5383b9-f731-4d84-af1a-3c0e086a5ac7,Chloe Crowdes,Lee's Summit MO PD,6265,"06/29/2026, 04:00:18 PM UTC
06/30/2026, 04:00:18 PM UTC",REDACTED ,Criminal Motor Vehicle Offense (incl. Road Rage/Reckless) - road rage,REDACTED ,missouri,"06/30/2026, 03:46:20 PM UTC",lookup,,
e6f485ec-423f-4ec7-bacd-ca78288f53e7,Ryan Small,Lee's Summit MO PD,1082,"05/31/2026, 03:30:06 PM UTC
06/30/2026, 03:30:06 PM UTC",REDACTED ,Larceny/Theft Offenses,REDACTED ,missouri,"06/30/2026, 03:27:09 PM UTC",lookup,,
27600194-0239-4923-b65b-bf881acb52fe,Ryan Small,Lee's Summit MO PD,1082,"06/17/2026, 07:00:00 PM UTC
06/17/2026, 09:30:00 PM UTC",REDACTED ,Larceny/Theft Offenses,REDACTED ,"Sedan, Ford, black","06/30/2026, 03:16:03 PM UTC",search,,
34b73d5e-fbad-4d43-8f7a-fb57f019392a,Ryan Small,Lee's Summit MO PD,1082,"06/17/2026, 07:00:00 PM UTC
06/17/2026, 09:30:00 PM UTC",REDACTED ,Larceny/Theft Offenses,REDACTED ,"Hatchback, Ford, black","06/30/2026, 03:11:09 PM UTC",search,,
73f1c6ec-a416-4a6b-a41c-ef0e86007064,Darcy Boorem,Lee's Summit MO PD,1082,"05/31/2026, 01:30:59 PM UTC
06/30/2026, 01:30:59 PM UTC",REDACTED ,Drugs/Narcotics,REDACTED ,,"06/30/2026, 01:28:01 PM UTC",lookup,,
dff3353c-38e4-4bdf-908c-620ea1ad1c5d,Derrick Liggett,Lee's Summit MO PD,2,"06/23/2026, 01:30:07 PM UTC
06/30/2026, 01:30:07 PM UTC",REDACTED ,Hit and Run/Car Accident,REDACTED ,,"06/30/2026, 01:26:09 PM UTC",lookup,,
a0e9f091-13f4-40e9-a75a-f210aeb9fa44,Derrick Liggett,Lee's Summit MO PD,2,"05/31/2026, 01:30:13 PM UTC
06/30/2026, 01:30:13 PM UTC",REDACTED ,Hit and Run/Car Accident,REDACTED ,,"06/30/2026, 01:22:20 PM UTC",lookup,,
5cbb86e9-4383-4bc7-8045-f4673bedbebb,Johnathon Ketelsen,Lee's Summit MO PD,2,"06/30/2026, 05:30:12 AM UTC
06/30/2026, 07:30:12 AM UTC",REDACTED ,Missing/Endangered Person/Runaway,REDACTED ,"Pickup, kansas","06/30/2026, 07:19:13 AM UTC",search,,
3495befb-19b6-4797-9711-4847e5ce40b7,Johnathon Ketelsen,Lee's Summit MO PD,2,"06/30/2026, 05:30:12 AM UTC
06/30/2026, 07:30:12 AM UTC",REDACTED ,Missing/Endangered Person/Runaway,REDACTED ,kansas,"06/30/2026, 07:18:43 AM UTC",search,,
415d6470-c555-4632-a4c7-503690870818,Johnathon Ketelsen,Lee's Summit MO PD,1081,"06/30/2026, 05:30:12 AM UTC
06/30/2026, 07:30:12 AM UTC",REDACTED ,Missing/Endangered Person/Runaway,REDACTED ,kansas,"06/30/2026, 07:17:51 AM UTC",search,,
ab135ef4-65a9-47d3-b6fa-521fb8eba4a3,Jacob White,Lee's Summit MO PD,1081,"06/29/2026, 12:30:37 AM UTC
06/30/2026, 12:30:37 AM UTC",REDACTED ,Wanted Person (Arrest Warrant/Fugitive),REDACTED ,,"06/30/2026, 01:41:15 AM UTC",lookup,,
25651e80-8c49-4e53-9f3b-c178bfd6fd71,Jacob White,Lee's Summit MO PD,1081,"06/29/2026, 12:30:37 AM UTC
06/30/2026, 12:30:37 AM UTC",REDACTED ,Wanted Person (Arrest Warrant/Fugitive),REDACTED ,,"06/30/2026, 01:28:45 AM UTC",lookup,,
1b2bd6fb-91d5-4dfc-bc19-19bd85f503c8,Jacob White,Lee's Summit MO PD,1081,"06/29/2026, 12:30:37 AM UTC
06/30/2026, 12:30:37 AM UTC",REDACTED ,Wanted Person (Arrest Warrant/Fugitive),REDACTED ,,"06/30/2026, 12:19:30 AM UTC",lookup,,
f59f9764-9661-40ef-9a24-fa070edaa9d3,Jacob White,Lee's Summit MO PD,1081,"06/29/2026, 12:30:37 AM UTC
06/30/2026, 12:30:37 AM UTC",REDACTED ,Wanted Person (Arrest Warrant/Fugitive),REDACTED ,,"06/30/2026, 12:13:59 AM UTC",lookup,,
613f6517-edce-40e6-a1d9-767ae29c555b,Jacob White,Lee's Summit MO PD,1081,"06/29/2026, 12:30:37 AM UTC
06/30/2026, 12:30:37 AM UTC",REDACTED ,Wanted Person (Arrest Warrant/Fugitive),REDACTED ,,"06/30/2026, 12:13:39 AM UTC",lookup,,
633b1502-d6e4-47cf-9ddb-e192917ec6c1,Jordan McWhorter,Lee's Summit MO PD,349,"05/31/2026, 12:30:18 AM UTC
06/30/2026, 12:30:18 AM UTC",REDACTED ,Drugs/Narcotics,REDACTED ,,"06/30/2026, 12:06:21 AM UTC",lookup,,
9f387b77-20fc-47b4-ada4-c0534df3b8bf,Jacob White,Lee's Summit MO PD,1081,"05/31/2026, 12:00:43 AM UTC
06/30/2026, 12:00:43 AM UTC",REDACTED ,Wanted Person (Arrest Warrant/Fugitive),REDACTED ,,"06/29/2026, 11:41:46 PM UTC",lookup,,
47f4922e-7126-4a42-8812-9c8d69f44ced,Jacob White,Lee's Summit MO PD,1081,"06/28/2026, 10:30:27 PM UTC
06/29/2026, 10:30:27 PM UTC",REDACTED ,Hit and Run/Car Accident,REDACTED ,,"06/29/2026, 10:26:29 PM UTC",lookup,,
83e25acd-de02-402c-b4f1-ef09baffe487,Jacob White,Lee's Summit MO PD,1081,"06/22/2026, 10:00:43 PM UTC
06/29/2026, 10:00:43 PM UTC",REDACTED ,Wanted Person (Arrest Warrant/Fugitive),REDACTED ,,"06/29/2026, 10:18:20 PM UTC",lookup,,
c438bb53-8f42-4c93-a5aa-16fe4b146eee,Jacob White,Lee's Summit MO PD,1081,"06/28/2026, 10:30:20 PM UTC
06/29/2026, 10:30:20 PM UTC",REDACTED ,Wanted Person (Arrest Warrant/Fugitive),REDACTED ,,"06/29/2026, 10:10:01 PM UTC",lookup,,
6e39dba2-6f1d-4a45-9e23-874d801f8135,Jacob White,Lee's Summit MO PD,1081,"06/28/2026, 10:30:20 PM UTC
06/29/2026, 10:30:20 PM UTC",REDACTED ,Wanted Person (Arrest Warrant/Fugitive),REDACTED ,,"06/29/2026, 10:02:22 PM UTC",lookup,,
c63928e5-997f-42bd-bee0-81b4a05b2c90,Jacob White,Lee's Summit MO PD,1081,"06/22/2026, 10:00:43 PM UTC
06/29/2026, 10:00:43 PM UTC",REDACTED ,Wanted Person (Arrest Warrant/Fugitive),REDACTED ,,"06/29/2026, 09:47:32 PM UTC",lookup,,
0f97898e-2942-4360-b3c2-75fb98c99601,Jacob White,Lee's Summit MO PD,1081,"05/30/2026, 10:00:24 PM UTC
06/29/2026, 10:00:24 PM UTC",REDACTED ,Wanted Person (Arrest Warrant/Fugitive),REDACTED ,,"06/29/2026, 09:46:11 PM UTC",lookup,,
f4f69bae-1182-4f01-9afd-5739a41fb9ea,Jacob White,Lee's Summit MO PD,1081,"05/30/2026, 10:00:24 PM UTC
06/29/2026, 10:00:24 PM UTC",REDACTED ,Wanted Person (Arrest Warrant/Fugitive),REDACTED ,,"06/29/2026, 09:41:25 PM UTC",lookup,,
93d746be-7f1a-457b-8e08-fffcb495fb5d,Jacob White,Lee's Summit MO PD,1081,"06/22/2026, 10:00:43 PM UTC
06/29/2026, 10:00:43 PM UTC",REDACTED ,Wanted Person (Arrest Warrant/Fugitive),REDACTED ,,"06/29/2026, 09:39:56 PM UTC",lookup,,
5c89b53a-d45c-460b-8b4f-a181effa9a98,Jacob White,Lee's Summit MO PD,1081,"06/29/2026, 08:00:04 PM UTC
06/29/2026, 10:00:04 PM UTC",REDACTED ,Wanted Person (Arrest Warrant/Fugitive),REDACTED ,,"06/29/2026, 09:39:50 PM UTC",lookup,,
101132f8-3f98-4315-8b7e-79dba8812e70,Jacob White,Lee's Summit MO PD,1081,"06/29/2026, 08:00:04 PM UTC
06/29/2026, 10:00:04 PM UTC",REDACTED ,Wanted Person (Arrest Warrant/Fugitive),REDACTED ,,"06/29/2026, 09:39:44 PM UTC",lookup,,
cde7fe12-31a1-4a77-bcd5-e53877e3dd19,Jacob White,Lee's Summit MO PD,1081,"05/30/2026, 10:00:10 PM UTC
06/29/2026, 10:00:10 PM UTC",REDACTED ,Wanted Person (Arrest Warrant/Fugitive),REDACTED ,,"06/29/2026, 09:39:11 PM UTC",lookup,,
b629bbec-37f6-4ccc-8caf-7ca8c16e8cb4,Jacob White,Lee's Summit MO PD,1081,"06/22/2026, 10:00:08 PM UTC
06/29/2026, 10:00:08 PM UTC",REDACTED ,Wanted Person (Arrest Warrant/Fugitive),REDACTED ,,"06/29/2026, 09:39:04 PM UTC",lookup,,
6bbf7193-bb06-46a4-a1c9-7d48a3cf4a90,Jacob White,Lee's Summit MO PD,1081,"06/22/2026, 10:00:08 PM UTC
06/29/2026, 10:00:08 PM UTC",REDACTED ,Wanted Person (Arrest Warrant/Fugitive),REDACTED ,,"06/29/2026, 09:39:00 PM UTC",lookup,,
5a595537-aea7-449a-9774-73bfeb802458,Jacob White,Lee's Summit MO PD,1081,"06/22/2026, 10:00:08 PM UTC
06/29/2026, 10:00:08 PM UTC",REDACTED ,Wanted Person (Arrest Warrant/Fugitive),REDACTED ,,"06/29/2026, 09:38:14 PM UTC",lookup,,
c08d9478-8c2f-4079-9b38-e6ec27eea87e,Jacob White,Lee's Summit MO PD,1081,"06/22/2026, 10:00:08 PM UTC
06/29/2026, 10:00:08 PM UTC",REDACTED ,Wanted Person (Arrest Warrant/Fugitive),REDACTED ,,"06/29/2026, 09:33:10 PM UTC",lookup,,
7536a401-1d2b-46a3-b26e-0f27233e3336,Jacob White,Lee's Summit MO PD,1081,"06/28/2026, 10:00:03 PM UTC
06/29/2026, 10:00:03 PM UTC",REDACTED ,Wanted Person (Arrest Warrant/Fugitive),REDACTED ,,"06/29/2026, 09:33:05 PM UTC",lookup,,
43d8da60-ac25-4fd0-aa1c-97df2334e767,Joshua Wilson,Lee's Summit MO PD,2,"05/30/2026, 07:30:34 PM UTC
06/29/2026, 07:30:34 PM UTC",REDACTED ,Hit and Run/Car Accident,REDACTED ,,"06/29/2026, 09:08:44 PM UTC",lookup,,
59c30a48-2d26-4a2e-b65e-dcd9db1351e9,Joshua Wilson,Lee's Summit MO PD,2,"05/30/2026, 07:30:34 PM UTC
06/29/2026, 07:30:34 PM UTC",REDACTED ,Hit and Run/Car Accident,REDACTED ,silver_grey,"06/29/2026, 07:29:37 PM UTC",search,,
b56bf6ed-b671-4f6a-b9b4-ae6bac85bf2f,Darcy Boorem,Lee's Summit MO PD,6266,"05/30/2026, 07:27:50 PM UTC
06/29/2026, 07:27:50 PM UTC",REDACTED ,Larceny/Theft Offenses - AOA Paola PD,REDACTED ,,"06/29/2026, 07:28:03 PM UTC",lookup,,
67a9a0b7-4433-4d99-88e3-81decd63b9ca,Joshua Wilson,Lee's Summit MO PD,2,"06/27/2026, 07:30:54 PM UTC
06/29/2026, 07:30:54 PM UTC",REDACTED ,Hit and Run/Car Accident,REDACTED ,silver_grey,"06/29/2026, 07:27:57 PM UTC",search,,
d42a301b-7761-486e-9b83-ad1cf3e4e0c7,Darcy Boorem,Lee's Summit MO PD,1,"06/07/2026, 12:44:50 AM UTC
06/07/2026, 12:44:56 AM UTC",REDACTED ,Larceny/Theft Offenses - AOA Paola PD,REDACTED ,,"06/29/2026, 07:27:25 PM UTC",search,,
c22df0c0-14f1-4604-9b60-22cc0b53c6db,Joshua Wilson,Lee's Summit MO PD,2,"06/24/2026, 05:45:00 PM UTC
06/24/2026, 06:30:00 PM UTC",REDACTED ,Hit and Run/Car Accident,REDACTED ,"Sedan, silver_grey","06/29/2026, 07:27:06 PM UTC",search,,
dc240248-9320-45c5-b98f-3e8b301ccd02,Darcy Boorem,Lee's Summit MO PD,73,"05/30/2026, 07:30:34 PM UTC
06/29/2026, 07:30:34 PM UTC",REDACTED ,Larceny/Theft Offenses - AOA Paola PD,REDACTED ,,"06/29/2026, 07:27:02 PM UTC",freeform,objectClass:vehicle older silver ford escape with KC Chiefs sticker on door,allow
446e02eb-ab38-46f5-880e-a8ca9345fcc6,Joshua Wilson,Lee's Summit MO PD,2,"06/24/2026, 05:45:00 PM UTC
06/24/2026, 06:30:00 PM UTC",REDACTED ,Hit and Run/Car Accident,REDACTED ,"Sedan, Ford, silver_grey","06/29/2026, 07:26:10 PM UTC",search,,
0aca71bc-3b40-4c23-ab40-bc3500fe9499,Darcy Boorem,Lee's Summit MO PD,1086,"05/30/2026, 07:00:56 PM UTC
06/29/2026, 07:00:56 PM UTC",REDACTED ,Alcohol Offenses (Non-DUI),REDACTED ,,"06/29/2026, 06:54:58 PM UTC",lookup,,
f0e7622b-ab43-47ab-bfae-4fde13cd55f8,Joshua Wilson,Lee's Summit MO PD,2,"06/24/2026, 05:45:00 PM UTC
06/24/2026, 06:30:00 PM UTC",REDACTED ,Hit and Run/Car Accident,REDACTED ,,"06/29/2026, 06:42:22 PM UTC",search,,
6e1a71c7-ce2d-4b8c-b5d4-f7c239e1ea7a,Joshua Wilson,Lee's Summit MO PD,2,"06/24/2026, 05:45:00 PM UTC
06/24/2026, 06:10:00 PM UTC",REDACTED ,Hit and Run/Car Accident,REDACTED ,,"06/29/2026, 06:42:05 PM UTC",search,,
af93018b-d6f1-4eeb-a579-101aa8cc486d,Joshua Wilson,Lee's Summit MO PD,2,"06/24/2026, 05:45:00 PM UTC
06/24/2026, 06:10:00 PM UTC",REDACTED ,Hit and Run/Car Accident,REDACTED ,Ford,"06/29/2026, 06:41:48 PM UTC",search,,
2bd78aa5-2bfa-4240-be30-37dcc1b91c55,Joshua Wilson,Lee's Summit MO PD,2,"06/24/2026, 05:45:00 PM UTC
06/24/2026, 06:10:00 PM UTC",REDACTED ,Hit and Run/Car Accident,REDACTED ,,"06/29/2026, 06:41:20 PM UTC",search,,
3a754cea-c6ae-4199-bb11-3befc100b7be,Joshua Wilson,Lee's Summit MO PD,1,"06/24/2026, 05:45:00 PM UTC
06/24/2026, 06:10:00 PM UTC",REDACTED ,Hit and Run/Car Accident,REDACTED ,,"06/29/2026, 06:41:07 PM UTC",search,,
c8dad53b-3259-4c1b-97b7-2755febc8f33,Joshua Wilson,Lee's Summit MO PD,1,"06/24/2026, 05:45:00 PM UTC
06/24/2026, 06:10:00 PM UTC",REDACTED ,Hit and Run/Car Accident,REDACTED ,,"06/29/2026, 06:40:29 PM UTC",search,,
dcbf023d-e76d-4039-8d4b-c39bb4d879ec,Joshua Wilson,Lee's Summit MO PD,1,"06/24/2026, 05:45:00 PM UTC
06/24/2026, 06:10:00 PM UTC",REDACTED ,Hit and Run/Car Accident,REDACTED ,,"06/29/2026, 06:40:05 PM UTC",search,,
6a33de3f-a527-42a6-8fba-3e06cbfb6515,Joshua Wilson,Lee's Summit MO PD,1086,"06/24/2026, 05:45:00 PM UTC
06/24/2026, 06:10:00 PM UTC",REDACTED ,Hit and Run/Car Accident,REDACTED ,,"06/29/2026, 06:38:49 PM UTC",search,,
a5352da5-00bd-4165-8d9f-99d342a8d802,Chloe Crowdes,Lee's Summit MO PD,6263,"06/29/2026, 02:30:00 PM UTC
06/29/2026, 05:30:00 PM UTC",REDACTED ,Motor Vehicle Theft/Stolen - stolen vehicle,REDACTED ,,"06/29/2026, 04:44:15 PM UTC",lookup,,
30fb2b81-008c-4e2c-a3ec-c87dab83531e,Chloe Crowdes,Lee's Summit MO PD,6263,"06/29/2026, 02:30:00 PM UTC
06/29/2026, 05:30:00 PM UTC",REDACTED ,Motor Vehicle Theft/Stolen - stolen vehicle,REDACTED ,,"06/29/2026, 04:41:14 PM UTC",lookup,,
9b364bd3-7dd5-4ffd-b085-ec224b252d38,Chloe Crowdes,Lee's Summit MO PD,6263,"06/29/2026, 02:30:00 PM UTC
06/29/2026, 05:30:00 PM UTC",REDACTED ,Motor Vehicle Theft/Stolen - stolen vehicle,REDACTED ,,"06/29/2026, 04:38:59 PM UTC",lookup,,
5d1ef65c-7f50-485f-9d57-1878cd79c1d0,Chloe Crowdes,Lee's Summit MO PD,6263,"06/29/2026, 02:30:00 PM UTC
06/29/2026, 05:30:00 PM UTC",REDACTED ,Motor Vehicle Theft/Stolen - stolen vehicle,REDACTED ,,"06/29/2026, 04:36:28 PM UTC",lookup,,
835f56d0-d1ec-47a0-ae12-4f30b43791bc,Chloe Crowdes,Lee's Summit MO PD,6263,"06/29/2026, 02:30:00 PM UTC
06/29/2026, 05:30:00 PM UTC",REDACTED ,Motor Vehicle Theft/Stolen - stolen vehicle,REDACTED ,,"06/29/2026, 04:35:46 PM UTC",lookup,,
f5db1e75-e023-48ed-b619-a34071f41821,Chloe Crowdes,Lee's Summit MO PD,6263,"06/29/2026, 02:30:00 PM UTC
06/29/2026, 05:30:00 PM UTC",REDACTED ,Motor Vehicle Theft/Stolen - stolen vehicle,REDACTED ,,"06/29/2026, 04:30:59 PM UTC",lookup,,
bcf03b56-b457-40d2-a6d0-1aa9042996aa,Chloe Crowdes,Lee's Summit MO PD,6263,"06/29/2026, 02:30:35 PM UTC
06/29/2026, 04:30:35 PM UTC",REDACTED ,Motor Vehicle Theft/Stolen - stolen vehicle,REDACTED ,,"06/29/2026, 04:27:25 PM UTC",lookup,,
a8e49a5d-93e6-49e2-a5b5-63f9d2c3aab8,Chloe Crowdes,Lee's Summit MO PD,6263,"06/29/2026, 02:30:35 PM UTC
06/29/2026, 04:30:35 PM UTC",REDACTED ,Motor Vehicle Theft/Stolen - stolen vehicle,REDACTED ,,"06/29/2026, 04:19:59 PM UTC",lookup,,
deea5ca1-d177-4984-a6a7-66446541d16e,Michael Reese,Lee's Summit MO PD,1,"06/17/2026, 11:15:00 PM UTC
06/17/2026, 11:17:00 PM UTC",REDACTED ,Counterfeiting/Forgery - Suspect Vehicle,REDACTED ,Sedan,"06/29/2026, 03:34:14 PM UTC",search,,
0f09f262-1510-4325-b845-1f1c2d6fab96,Michael Reese,Lee's Summit MO PD,1,"06/17/2026, 11:15:00 PM UTC
06/17/2026, 11:17:00 PM UTC",REDACTED ,Counterfeiting/Forgery - Suspect Vehicle,REDACTED ,Sedan,"06/29/2026, 03:34:04 PM UTC",search,,
e1d8c195-f11a-4ffb-884d-df92160eb61d,Michael Reese,Lee's Summit MO PD,1,"06/17/2026, 11:15:00 PM UTC
06/17/2026, 11:17:00 PM UTC",REDACTED ,Counterfeiting/Forgery - Suspect Vehicle,REDACTED ,Sedan,"06/29/2026, 03:33:55 PM UTC",search,,
377a1b9f-4bcd-4409-bf73-e0acccb74696,Michael Reese,Lee's Summit MO PD,1,"06/17/2026, 11:15:00 PM UTC
06/17/2026, 11:17:00 PM UTC",REDACTED ,Counterfeiting/Forgery - Suspect Vehicle,REDACTED ,Sedan,"06/29/2026, 03:33:02 PM UTC",search,,
52e46b4e-f586-4fbe-ab54-2b74b6ed4c94,Michael Reese,Lee's Summit MO PD,1,"06/17/2026, 11:05:00 PM UTC
06/17/2026, 11:10:00 PM UTC",REDACTED ,Counterfeiting/Forgery - Suspect Vehicle,REDACTED ,Sedan,"06/29/2026, 03:30:26 PM UTC",search,,
6be7e4bc-c6a6-4d47-ba46-50307fe65114,Scott McMilian,Lee's Summit MO PD,1085,"05/30/2026, 09:30:18 AM UTC
06/29/2026, 09:30:18 AM UTC",REDACTED ,Obstructing the Police (Fleeing/Eluding),REDACTED ,,"06/29/2026, 09:28:20 AM UTC",lookup,,
55a09d55-366a-46c2-91c1-7c5206634bd9,Scott McMilian,Lee's Summit MO PD,1085,"06/22/2026, 09:30:19 AM UTC
06/29/2026, 09:30:19 AM UTC",REDACTED ,Obstructing the Police (Fleeing/Eluding),REDACTED ,,"06/29/2026, 09:27:25 AM UTC",lookup,,
496bfe50-6322-4852-951b-4a1ca5eb565f,Scott McMilian,Lee's Summit MO PD,1085,"06/21/2026, 01:30:08 AM UTC
06/28/2026, 01:30:08 AM UTC",REDACTED ,Robbery,REDACTED ,,"06/29/2026, 09:26:54 AM UTC",lookup,,
19454f75-b64e-478a-a3e8-58fa209841c1,Martin Blahut,Lee's Summit MO PD,2,"06/28/2026, 07:30:47 AM UTC
06/29/2026, 07:30:47 AM UTC",REDACTED ,Drugs/Narcotics,REDACTED ,2SH,"06/29/2026, 07:16:56 AM UTC",search,,
40c7fbba-f558-44e0-82cc-110b24d60fac,Martin Blahut,Lee's Summit MO PD,2,"06/28/2026, 07:30:47 AM UTC
06/29/2026, 07:30:47 AM UTC",REDACTED ,Drugs/Narcotics,REDACTED ,,"06/29/2026, 07:16:49 AM UTC",lookup,,
7c5c0d62-431c-45a8-8989-2fbf3105a304,Clayton Majors,Lee's Summit MO PD,1085,"06/28/2026, 07:30:00 AM UTC
06/29/2026, 11:00:00 AM UTC",REDACTED ,Wanted Person (Arrest Warrant/Fugitive) - investigation,REDACTED ,missouri,"06/29/2026, 06:37:08 AM UTC",lookup,,
b9dcb681-083e-431e-b32f-2f6e0cb786c7,Clayton Majors,Lee's Summit MO PD,1085,"06/28/2026, 07:30:00 AM UTC
06/29/2026, 11:00:00 AM UTC",REDACTED ,Wanted Person (Arrest Warrant/Fugitive) - investigation,REDACTED ,missouri,"06/29/2026, 05:40:46 AM UTC",lookup,,
279265a1-8c75-4902-98e4-1f6293adf573,Clayton Majors,Lee's Summit MO PD,1085,"06/28/2026, 05:30:01 AM UTC
06/29/2026, 05:30:01 AM UTC",REDACTED ,Wanted Person (Arrest Warrant/Fugitive) - investigation,REDACTED ,missouri,"06/29/2026, 05:40:02 AM UTC",lookup,,
615ede19-14db-476f-bd3b-ecc1b02b470e,Clayton Majors,Lee's Summit MO PD,1085,"06/28/2026, 05:30:01 AM UTC
06/29/2026, 05:30:01 AM UTC",REDACTED ,Wanted Person (Arrest Warrant/Fugitive) - investigation,REDACTED ,missouri,"06/29/2026, 05:21:03 AM UTC",lookup,,
25d52771-2bfe-4a4a-829f-0e95437b9299,Dane Wagler,Lee's Summit MO PD,349,"05/30/2026, 05:30:44 AM UTC
06/29/2026, 05:30:44 AM UTC",REDACTED ,Obstructing the Police (Fleeing/Eluding),REDACTED ,,"06/29/2026, 05:16:46 AM UTC",lookup,,
694d895e-6842-4240-af32-f6c184c38047,Dane Wagler,Lee's Summit MO PD,2,"06/29/2026, 03:30:47 AM UTC
06/29/2026, 05:30:47 AM UTC",REDACTED ,Obstructing the Police (Fleeing/Eluding),REDACTED ,,"06/29/2026, 05:16:41 AM UTC",lookup,,
276c7955-d2f6-4d62-83fc-26fddc464f22,Clayton Majors,Lee's Summit MO PD,1085,"06/28/2026, 05:30:20 AM UTC
06/29/2026, 05:30:20 AM UTC",REDACTED ,Wanted Person (Arrest Warrant/Fugitive) - investigation,REDACTED ,missouri,"06/29/2026, 05:08:22 AM UTC",lookup,,
ac3b5850-5699-44a6-a9a4-4b6355294c68,Clayton Majors,Lee's Summit MO PD,1085,"06/28/2026, 04:30:19 AM UTC
06/29/2026, 04:30:19 AM UTC",REDACTED ,Traffic Infraction - investigation,REDACTED ,missouri,"06/29/2026, 05:07:50 AM UTC",lookup,,
2c0e6a33-b76a-4425-9be0-40e46c079508,Clayton Majors,Lee's Summit MO PD,1085,"06/28/2026, 04:30:19 AM UTC
06/29/2026, 04:30:19 AM UTC",REDACTED ,Traffic Infraction - investigation,REDACTED ,missouri,"06/29/2026, 04:38:45 AM UTC",lookup,,
574cf80f-d9aa-47ac-9aa4-7f21706c2795,Clayton Majors,Lee's Summit MO PD,1085,"06/28/2026, 04:30:19 AM UTC
06/29/2026, 04:30:19 AM UTC",REDACTED ,Traffic Infraction - investigation,REDACTED ,missouri,"06/29/2026, 04:11:47 AM UTC",lookup,,
12c49bee-1b0e-4389-8b12-28f95722dfd1,Clayton Majors,Lee's Summit MO PD,1085,"06/28/2026, 04:30:19 AM UTC
06/29/2026, 04:30:19 AM UTC",REDACTED ,Traffic Infraction - investigation,REDACTED ,missouri,"06/29/2026, 04:03:32 AM UTC",lookup,,
582f2a22-ae4f-4dbe-b7f5-cf2f605b6ecb,Martin Blahut,Lee's Summit MO PD,2,"06/29/2026, 02:00:40 AM UTC
06/29/2026, 04:00:40 AM UTC",REDACTED ,Motor Vehicle Theft/Stolen,REDACTED ,,"06/29/2026, 03:47:14 AM UTC",visual,,
313b7a38-bba7-47dd-8925-487b9b11b4e1,Martin Blahut,Lee's Summit MO PD,1,"06/29/2026, 02:00:40 AM UTC
06/29/2026, 04:00:40 AM UTC",REDACTED ,Motor Vehicle Theft/Stolen,REDACTED ,,"06/29/2026, 03:46:41 AM UTC",search,,
91731b1c-7a1c-4fce-983c-126835c723dd,Martin Blahut,Lee's Summit MO PD,1,"06/29/2026, 03:30:38 AM UTC
06/29/2026, 03:45:38 AM UTC",REDACTED ,Motor Vehicle Theft/Stolen,REDACTED ,,"06/29/2026, 03:45:41 AM UTC",search,,
fcf39756-21ad-440e-b832-39cc289abf96,Scott McMilian,Lee's Summit MO PD,1085,"05/29/2026, 01:30:22 AM UTC
06/28/2026, 01:30:22 AM UTC",REDACTED ,Robbery,REDACTED ,,"06/29/2026, 02:46:58 AM UTC",lookup,,
5286cc7b-c73d-4ae8-bb78-319ccb3ce5b5,Scott McMilian,Lee's Summit MO PD,6265,"05/30/2026, 02:42:12 AM UTC
06/29/2026, 02:42:12 AM UTC",REDACTED ,Welfare Check,REDACTED ,,"06/29/2026, 02:42:16 AM UTC",lookup,,
3215c16b-c9de-4a7b-b168-50c941f248f5,Scott McMilian,Lee's Summit MO PD,2,"06/29/2026, 01:00:57 AM UTC
06/29/2026, 03:00:57 AM UTC",REDACTED ,Welfare Check,REDACTED ,"Buick, black","06/29/2026, 02:39:59 AM UTC",search,,
40de0295-8bd3-4163-b279-86d8ed7c284f,Dane Wagler,Lee's Summit MO PD,2,"06/29/2026, 12:30:00 AM UTC
06/29/2026, 02:30:00 AM UTC",REDACTED ,Assault/Battery Offenses,REDACTED ,,"06/29/2026, 02:15:13 AM UTC",lookup,,
667b5d01-2b0f-4d47-94cd-9390ee678531,Scott McMilian,Lee's Summit MO PD,1085,"06/21/2026, 02:00:08 AM UTC
06/28/2026, 02:00:08 AM UTC",REDACTED ,Criminal Motor Vehicle Offense (incl. Road Rage/Reckless),REDACTED ,,"06/29/2026, 12:55:33 AM UTC",lookup,,
da825cbe-066b-4e69-85f1-3c76389d2612,Scott McMilian,Lee's Summit MO PD,1085,"06/22/2026, 01:00:07 AM UTC
06/29/2026, 01:00:07 AM UTC",REDACTED ,Welfare Check,REDACTED ,,"06/29/2026, 12:52:11 AM UTC",lookup,,
cbf15f68-eef3-4307-b820-6754c71ed3f9,Scott McMilian,Lee's Summit MO PD,2,"06/27/2026, 04:30:18 AM UTC
06/28/2026, 04:30:18 AM UTC",REDACTED ,Destruction/Damage/Vandalism of Property,REDACTED ,,"06/29/2026, 12:10:56 AM UTC",lookup,,
ea1f8e2e-7a0d-4862-b699-1d95b5429896,Caylie Colombo,Lee's Summit MO PD,1085,"06/22/2026, 12:30:19 AM UTC
06/29/2026, 12:30:19 AM UTC",REDACTED ,Assault/Battery Offenses,REDACTED ,,"06/29/2026, 12:08:22 AM UTC",lookup,,
b39ccddf-7939-4709-8658-eacdda9d7458,Martin Blahut,Lee's Summit MO PD,2,"06/28/2026, 10:30:16 PM UTC
06/29/2026, 12:30:16 AM UTC",REDACTED ,Drugs/Narcotics,REDACTED ,"Sedan, Honda, brown, silver_grey","06/29/2026, 12:08:18 AM UTC",search,,
ef502fec-1a37-4b24-8ab7-6872decbd50a,Caylie Colombo,Lee's Summit MO PD,1085,"06/28/2026, 12:30:55 AM UTC
06/29/2026, 12:30:55 AM UTC",REDACTED ,Assault/Battery Offenses,REDACTED ,,"06/29/2026, 12:07:57 AM UTC",lookup,,
e5640233-2d86-407e-8673-ba8799018bcc,Caylie Colombo,Lee's Summit MO PD,1085,"06/28/2026, 10:30:34 PM UTC
06/29/2026, 12:30:34 AM UTC",REDACTED ,Assault/Battery Offenses,REDACTED ,,"06/29/2026, 12:07:52 AM UTC",lookup,,
b81e6a2b-77e6-4118-9774-8d23c752b944,Martin Blahut,Lee's Summit MO PD,2,"06/28/2026, 10:30:03 PM UTC
06/29/2026, 12:30:03 AM UTC",REDACTED ,Drugs/Narcotics,REDACTED ,"Sedan, Honda, brown, silver_grey","06/29/2026, 12:07:38 AM UTC",search,,
013161b0-ff23-4d12-b6ad-fad669472474,Martin Blahut,Lee's Summit MO PD,2,"06/28/2026, 10:30:03 PM UTC
06/29/2026, 12:30:03 AM UTC",REDACTED ,Drugs/Narcotics,REDACTED ,"Honda, yellow","06/29/2026, 12:06:54 AM UTC",search,,
1aa934da-5f0e-4c38-b34d-a38bb1e4d33d,Martin Blahut,Lee's Summit MO PD,1,"06/28/2026, 11:46:21 PM UTC
06/29/2026, 12:01:21 AM UTC",REDACTED ,Drugs/Narcotics,REDACTED ,,"06/29/2026, 12:05:20 AM UTC",search,,
8cf1677d-6ff7-4ba5-8394-a375f9c69ab4,Martin Blahut,Lee's Summit MO PD,1,"06/28/2026, 11:46:21 PM UTC
06/29/2026, 12:01:21 AM UTC",REDACTED ,Drugs/Narcotics,REDACTED ,,"06/29/2026, 12:01:25 AM UTC",search,,
abf37233-7af9-4f1b-9a16-79dfcd8ebb59,Martin Blahut,Lee's Summit MO PD,1085,"05/30/2026, 12:00:14 AM UTC
06/29/2026, 12:00:14 AM UTC",REDACTED ,Indecent Exposure/Lewd,REDACTED ,,"06/28/2026, 11:37:16 PM UTC",lookup,,
b676603d-e93e-4af6-b8c5-ad0aa1aab3a6,Clayton Majors,Lee's Summit MO PD,1061,"06/21/2026, 11:16:57 PM UTC
06/28/2026, 11:16:57 PM UTC",REDACTED ,Traffic Infraction - investigative,REDACTED ,,"06/28/2026, 11:16:59 PM UTC",lookup - Mobile,,
466d4dd4-0148-48fd-a4c2-14f069d9d408,Christy Griffin,Lee's Summit MO PD,2,"06/28/2026, 10:30:00 AM UTC
06/28/2026, 08:00:00 PM UTC",REDACTED ,Welfare Check - MENTAL HEALTH,REDACTED ,,"06/28/2026, 08:10:02 PM UTC",lookup,,
1c0dd8bf-c364-4bc5-b934-d987624ced4b,Christy Griffin,Lee's Summit MO PD,2,"06/28/2026, 10:30:00 AM UTC
06/28/2026, 08:00:00 PM UTC",REDACTED ,Welfare Check - MENTAL HEALTH,REDACTED ,,"06/28/2026, 07:32:32 PM UTC",lookup,,
991788b2-a24f-4e2c-9f67-22c45e23cec8,Christy Griffin,Lee's Summit MO PD,2,"06/28/2026, 10:30:00 AM UTC
06/28/2026, 06:30:00 PM UTC",REDACTED ,Welfare Check - MENTAL HEALTH,REDACTED ,,"06/28/2026, 06:24:28 PM UTC",lookup,,
e0b89f02-efeb-4d65-a012-d81ed18ace49,Christy Griffin,Lee's Summit MO PD,2,"06/28/2026, 10:30:00 AM UTC
06/28/2026, 05:30:00 PM UTC",REDACTED ,Welfare Check - MENTAL HEALTH,REDACTED ,,"06/28/2026, 04:45:34 PM UTC",lookup,,
b564b52a-2c4f-4a2c-ba04-bf51b5d871d2,Christy Griffin,Lee's Summit MO PD,2,"06/28/2026, 10:30:00 AM UTC
06/28/2026, 04:00:00 PM UTC",REDACTED ,Welfare Check - MENTAL HEALTH,REDACTED ,,"06/28/2026, 04:44:53 PM UTC",lookup,,
ba24bffd-f820-4af4-a1e6-4f5b0031769b,Jeremy Verhulst,Lee's Summit MO PD,349,"06/28/2026, 10:10:40 AM UTC
06/28/2026, 04:10:40 PM UTC",REDACTED ,Welfare Check,REDACTED ,missouri,"06/28/2026, 04:10:42 PM UTC",lookup - Mobile,,
0b386863-0113-4675-bb5b-e2d0667cae34,Jeremy Verhulst,Lee's Summit MO PD,349,"06/28/2026, 09:59:18 AM UTC
06/28/2026, 03:59:18 PM UTC",REDACTED ,Welfare Check,REDACTED ,missouri,"06/28/2026, 03:59:21 PM UTC",lookup - Mobile,,
02123f6e-c0a9-45f7-baf9-f24e5d0bceac,Christy Griffin,Lee's Summit MO PD,2,"06/28/2026, 10:30:00 AM UTC
06/28/2026, 04:00:00 PM UTC",REDACTED ,Welfare Check - MENTAL HEALTH,REDACTED ,,"06/28/2026, 03:58:07 PM UTC",lookup,,
5080d0c8-4572-4568-8857-87384e16d651,Christy Griffin,Lee's Summit MO PD,2,"06/28/2026, 10:30:00 AM UTC
06/28/2026, 04:00:00 PM UTC",REDACTED ,Welfare Check - MENTAL HEALTH,REDACTED ,,"06/28/2026, 03:53:39 PM UTC",lookup,,
d52df9f0-79e5-4d03-9046-23c4ad285598,Christy Griffin,Lee's Summit MO PD,2,"06/28/2026, 10:30:00 AM UTC
06/28/2026, 04:00:00 PM UTC",REDACTED ,Welfare Check - MENTAL HEALTH,REDACTED ,,"06/28/2026, 03:48:09 PM UTC",lookup,,
81832f15-3bbc-4624-9b52-0ab8b4eabcd4,Jeremy Verhulst,Lee's Summit MO PD,349,"06/28/2026, 09:45:59 AM UTC
06/28/2026, 03:45:59 PM UTC",REDACTED ,Welfare Check,REDACTED ,missouri,"06/28/2026, 03:46:00 PM UTC",lookup - Mobile,,
2eecb2ce-bf83-4fd4-aae3-ece21ed9ec7a,Jeremy Verhulst,Lee's Summit MO PD,349,"06/28/2026, 09:44:08 AM UTC
06/28/2026, 03:44:08 PM UTC",REDACTED ,Welfare Check,REDACTED ,missouri,"06/28/2026, 03:44:10 PM UTC",lookup - Mobile,,
134a4dcf-8b27-4416-9cf7-a726ff8640e6,Jeremy Verhulst,Lee's Summit MO PD,349,"06/28/2026, 09:43:08 AM UTC
06/28/2026, 03:43:08 PM UTC",REDACTED ,Welfare Check,REDACTED ,missouri,"06/28/2026, 03:43:09 PM UTC",lookup - Mobile,,
5c5c817f-5d14-4b62-b9a7-ae7dd3add4b1,Jeremy Verhulst,Lee's Summit MO PD,349,"06/28/2026, 09:42:43 AM UTC
06/28/2026, 03:42:43 PM UTC",REDACTED ,Welfare Check,REDACTED ,missouri,"06/28/2026, 03:42:45 PM UTC",lookup - Mobile,,
a56deec2-bcd5-4649-bf87-4d8282150c0d,Brandy Flores,Lee's Summit MO PD,1086,"06/28/2026, 02:00:15 PM UTC
06/28/2026, 04:00:15 PM UTC",REDACTED ,Welfare Check,REDACTED ,,"06/28/2026, 03:42:19 PM UTC",lookup,,
d3813601-89a2-4dcc-abe5-0d05b35d9af1,Jeremy Verhulst,Lee's Summit MO PD,349,"06/28/2026, 09:42:03 AM UTC
06/28/2026, 03:42:03 PM UTC",REDACTED ,Welfare Check,REDACTED ,missouri,"06/28/2026, 03:42:04 PM UTC",lookup - Mobile,,
07236226-eb8a-49ae-9588-83701ff69d71,Christy Griffin,Lee's Summit MO PD,2,"06/28/2026, 10:30:00 AM UTC
06/28/2026, 04:00:00 PM UTC",REDACTED ,Welfare Check - MENTAL HEALTH,REDACTED ,,"06/28/2026, 03:42:01 PM UTC",lookup,,
99ecd4ad-2a0c-4b8c-a901-ecd4df9d047b,Jeremy Verhulst,Lee's Summit MO PD,349,"06/28/2026, 09:41:28 AM UTC
06/28/2026, 03:41:28 PM UTC",REDACTED ,Welfare Check,REDACTED ,missouri,"06/28/2026, 03:41:30 PM UTC",lookup - Mobile,,
63243def-ce0c-49cb-878c-ddbf76a7b284,Jeremy Verhulst,Lee's Summit MO PD,349,"06/28/2026, 09:40:19 AM UTC
06/28/2026, 03:40:19 PM UTC",REDACTED ,Welfare Check,REDACTED ,missouri,"06/28/2026, 03:40:21 PM UTC",lookup - Mobile,,
d553ae1d-ada5-4f4f-9cb2-c957b3c8bed9,Jeremy Verhulst,Lee's Summit MO PD,349,"06/28/2026, 09:39:10 AM UTC
06/28/2026, 03:39:10 PM UTC",REDACTED ,Welfare Check,REDACTED ,missouri,"06/28/2026, 03:39:10 PM UTC",lookup - Mobile,,
5a94861c-92a0-4541-93d8-25de0c80e18c,Jeremy Verhulst,Lee's Summit MO PD,349,"06/28/2026, 09:38:09 AM UTC
06/28/2026, 03:38:09 PM UTC",REDACTED ,Welfare Check,REDACTED ,missouri,"06/28/2026, 03:38:10 PM UTC",lookup - Mobile,,
b7accd4f-a364-4a16-a715-c463b5510425,Christy Griffin,Lee's Summit MO PD,2,"06/28/2026, 10:30:00 AM UTC
06/28/2026, 04:00:00 PM UTC",REDACTED ,Welfare Check - MENTAL HEALTH,REDACTED ,,"06/28/2026, 03:37:50 PM UTC",lookup,,
798e499d-1cb1-4e29-b71f-d41377fa85da,Jeremy Verhulst,Lee's Summit MO PD,349,"06/28/2026, 09:37:45 AM UTC
06/28/2026, 03:37:45 PM UTC",REDACTED ,Welfare Check,REDACTED ,missouri,"06/28/2026, 03:37:48 PM UTC",lookup - Mobile,,
3d76a53e-9721-45ca-a200-7f0113341904,Jeremy Verhulst,Lee's Summit MO PD,349,"06/28/2026, 09:37:16 AM UTC
06/28/2026, 03:37:16 PM UTC",REDACTED ,Welfare Check,REDACTED ,missouri,"06/28/2026, 03:37:16 PM UTC",lookup - Mobile,,
cb2ba01e-89c3-487d-862a-fa0e8f501171,Jeremy Verhulst,Lee's Summit MO PD,349,"06/28/2026, 09:37:03 AM UTC
06/28/2026, 03:37:03 PM UTC",REDACTED ,Welfare Check,REDACTED ,missouri,"06/28/2026, 03:37:04 PM UTC",lookup - Mobile,,
3816d5c5-55f2-4609-9e23-8cc5758cac77,Christy Griffin,Lee's Summit MO PD,2,"06/28/2026, 10:30:00 AM UTC
06/28/2026, 03:30:00 PM UTC",REDACTED ,Welfare Check - MENTAL HEALTH,REDACTED ,,"06/28/2026, 03:36:58 PM UTC",lookup,,
c03dc17f-398d-466b-a761-838200feb9f3,Jeremy Verhulst,Lee's Summit MO PD,349,"06/28/2026, 09:36:15 AM UTC
06/28/2026, 03:36:15 PM UTC",REDACTED ,Welfare Check,REDACTED ,missouri,"06/28/2026, 03:36:17 PM UTC",lookup - Mobile,,
122a34d4-95e9-4725-95b9-8df85d9af929,Jeremy Verhulst,Lee's Summit MO PD,349,"06/28/2026, 09:35:06 AM UTC
06/28/2026, 03:35:06 PM UTC",REDACTED ,Welfare Check,REDACTED ,missouri,"06/28/2026, 03:35:09 PM UTC",lookup - Mobile,,
1e8065d2-34e8-423d-8494-9b6b4386e97a,Brandy Flores,Lee's Summit MO PD,1086,"06/28/2026, 02:00:15 PM UTC
06/28/2026, 04:00:15 PM UTC",REDACTED ,Welfare Check,REDACTED ,,"06/28/2026, 03:33:30 PM UTC",lookup,,
e05794bb-cec9-4ba8-ba23-7bc2ce2d85ea,Christy Griffin,Lee's Summit MO PD,2,"06/28/2026, 10:30:00 AM UTC
06/28/2026, 03:30:00 PM UTC",REDACTED ,Welfare Check - MENTAL HEALTH,REDACTED ,,"06/28/2026, 03:29:44 PM UTC",lookup,,
9e5d5c42-664d-4395-aba7-5d1f98ccd834,Jeremy Verhulst,Lee's Summit MO PD,349,"06/28/2026, 09:09:19 AM UTC
06/28/2026, 03:09:19 PM UTC",REDACTED ,Welfare Check,REDACTED ,missouri,"06/28/2026, 03:09:20 PM UTC",lookup - Mobile,,
f90ecc4d-1833-4b61-a1e8-7ac49d047b51,Jeremy Verhulst,Lee's Summit MO PD,349,"06/28/2026, 09:09:17 AM UTC
06/28/2026, 03:09:17 PM UTC",REDACTED ,Welfare Check,REDACTED ,missouri,"06/28/2026, 03:09:17 PM UTC",lookup - Mobile,,
436eac04-8bf5-4d2b-ad97-3e5a0b7b525c,Jeremy Verhulst,Lee's Summit MO PD,349,"06/28/2026, 09:09:13 AM UTC
06/28/2026, 03:09:13 PM UTC",REDACTED ,Welfare Check,REDACTED ,missouri,"06/28/2026, 03:09:15 PM UTC",lookup - Mobile,,
b3be4f99-4968-4014-a0b7-cf1f311919af,Jeremy Verhulst,Lee's Summit MO PD,349,"06/28/2026, 09:09:04 AM UTC
06/28/2026, 03:09:04 PM UTC",REDACTED ,Welfare Check,REDACTED ,missouri,"06/28/2026, 03:09:05 PM UTC",lookup - Mobile,,
d6a07cb3-ca56-4976-b1b6-1292599d6637,Jeremy Verhulst,Lee's Summit MO PD,349,"06/28/2026, 09:06:26 AM UTC
06/28/2026, 03:06:26 PM UTC",REDACTED ,Welfare Check,REDACTED ,missouri,"06/28/2026, 03:06:28 PM UTC",lookup - Mobile,,
86b48c47-77f8-409f-8d38-31a42bbfe6a7,Jeremy Verhulst,Lee's Summit MO PD,349,"06/28/2026, 09:06:19 AM UTC
06/28/2026, 03:06:19 PM UTC",REDACTED ,Welfare Check,REDACTED ,missouri,"06/28/2026, 03:06:20 PM UTC",lookup - Mobile,,
5208f796-ed55-431c-97dd-ac6fd615a0b6,Jeremy Verhulst,Lee's Summit MO PD,349,"06/28/2026, 09:06:15 AM UTC
06/28/2026, 03:06:15 PM UTC",REDACTED ,Welfare Check,REDACTED ,missouri,"06/28/2026, 03:06:16 PM UTC",lookup - Mobile,,
84cf2227-065c-4a6f-99a5-42619e112527,Jeremy Verhulst,Lee's Summit MO PD,349,"06/28/2026, 09:04:28 AM UTC
06/28/2026, 03:04:28 PM UTC",REDACTED ,Welfare Check,REDACTED ,missouri,"06/28/2026, 03:04:30 PM UTC",lookup - Mobile,,
700e1d1c-2ded-4173-a35d-108b92829b06,Jeremy Verhulst,Lee's Summit MO PD,349,"06/28/2026, 09:04:18 AM UTC
06/28/2026, 03:04:18 PM UTC",REDACTED ,Welfare Check,REDACTED ,missouri,"06/28/2026, 03:04:19 PM UTC",lookup - Mobile,,
89848323-8e6e-4884-aa32-d3a7734a3bde,Brandy Flores,Lee's Summit MO PD,1086,"06/28/2026, 01:30:41 PM UTC
06/28/2026, 03:30:41 PM UTC",REDACTED ,Welfare Check,REDACTED ,,"06/28/2026, 03:04:08 PM UTC",lookup,,
b23eb35e-85c6-4dca-a219-830652ff2df2,Jeremy Verhulst,Lee's Summit MO PD,349,"06/28/2026, 09:01:01 AM UTC
06/28/2026, 03:01:01 PM UTC",REDACTED ,Welfare Check,REDACTED ,missouri,"06/28/2026, 03:01:03 PM UTC",lookup - Mobile,,
a897efc5-15ce-4b7c-bd8d-1cbdd4afb3e0,Jeremy Verhulst,Lee's Summit MO PD,349,"06/28/2026, 09:00:38 AM UTC
06/28/2026, 03:00:38 PM UTC",REDACTED ,Welfare Check,REDACTED ,missouri,"06/28/2026, 03:00:39 PM UTC",lookup - Mobile,,
7c10c069-379a-4678-9f79-128c443ded23,Jeremy Verhulst,Lee's Summit MO PD,349,"06/28/2026, 09:00:16 AM UTC
06/28/2026, 03:00:16 PM UTC",REDACTED ,Welfare Check,REDACTED ,missouri,"06/28/2026, 03:00:16 PM UTC",lookup - Mobile,,
bedd7f4f-fb6b-4c6e-b8e4-059c77b98f76,Jeremy Verhulst,Lee's Summit MO PD,349,"06/28/2026, 08:59:55 AM UTC
06/28/2026, 02:59:55 PM UTC",REDACTED ,Welfare Check,REDACTED ,missouri,"06/28/2026, 02:59:56 PM UTC",lookup - Mobile,,
e371de82-f182-4634-ac8d-a62b7ee32a61,Jeremy Verhulst,Lee's Summit MO PD,349,"06/28/2026, 08:59:29 AM UTC
06/28/2026, 02:59:29 PM UTC",REDACTED ,Welfare Check,REDACTED ,missouri,"06/28/2026, 02:59:30 PM UTC",lookup - Mobile,,
069230ad-3a5f-470f-978f-a5764453c9b0,Jeremy Verhulst,Lee's Summit MO PD,349,"06/28/2026, 08:59:13 AM UTC
06/28/2026, 02:59:13 PM UTC",REDACTED ,Welfare Check,REDACTED ,missouri,"06/28/2026, 02:59:14 PM UTC",lookup - Mobile,,
3121d5a4-4192-40e3-85cb-d65bad7c2ff4,Jeremy Verhulst,Lee's Summit MO PD,349,"06/28/2026, 08:58:51 AM UTC
06/28/2026, 02:58:51 PM UTC",REDACTED ,Welfare Check,REDACTED ,missouri,"06/28/2026, 02:58:54 PM UTC",lookup - Mobile,,
0715d22a-c39b-4748-b2e7-1dc508d02b40,Jeremy Verhulst,Lee's Summit MO PD,349,"06/28/2026, 08:58:38 AM UTC
06/28/2026, 02:58:38 PM UTC",REDACTED ,Welfare Check,REDACTED ,missouri,"06/28/2026, 02:58:38 PM UTC",lookup - Mobile,,
a027e8b8-16d6-40e7-95c7-4a4628067eef,Jeremy Verhulst,Lee's Summit MO PD,349,"06/28/2026, 08:58:19 AM UTC
06/28/2026, 02:58:19 PM UTC",REDACTED ,Welfare Check,REDACTED ,missouri,"06/28/2026, 02:58:20 PM UTC",lookup - Mobile,,
0631e3cd-1536-40a7-b471-82260ca4be19,Jeremy Verhulst,Lee's Summit MO PD,349,"06/28/2026, 08:58:03 AM UTC
06/28/2026, 02:58:03 PM UTC",REDACTED ,Welfare Check,REDACTED ,missouri,"06/28/2026, 02:58:04 PM UTC",lookup - Mobile,,
34fd22b9-65f0-4ec7-8fe4-601ee840021c,Jeremy Verhulst,Lee's Summit MO PD,349,"06/28/2026, 08:57:10 AM UTC
06/28/2026, 02:57:10 PM UTC",REDACTED ,Welfare Check,REDACTED ,missouri,"06/28/2026, 02:57:11 PM UTC",lookup - Mobile,,
0708cbb9-8eb4-4aec-b27e-d1134a004d51,Jeremy Verhulst,Lee's Summit MO PD,349,"06/28/2026, 08:57:03 AM UTC
06/28/2026, 02:57:03 PM UTC",REDACTED ,Welfare Check,REDACTED ,missouri,"06/28/2026, 02:57:05 PM UTC",lookup - Mobile,,
28ea6ba5-23de-44cb-ae97-40df1e754c6e,Jeremy Verhulst,Lee's Summit MO PD,349,"06/28/2026, 08:56:10 AM UTC
06/28/2026, 02:56:10 PM UTC",REDACTED ,Welfare Check,REDACTED ,missouri,"06/28/2026, 02:56:11 PM UTC",lookup - Mobile,,
6316afb9-4014-413b-8946-4f608fba1761,Jeremy Verhulst,Lee's Summit MO PD,349,"06/28/2026, 08:55:28 AM UTC
06/28/2026, 02:55:28 PM UTC",REDACTED ,Welfare Check,REDACTED ,missouri,"06/28/2026, 02:55:29 PM UTC",lookup - Mobile,,
f3b87214-4da3-4e7b-b0a1-7f252fdc7354,Christy Griffin,Lee's Summit MO PD,2,"06/28/2026, 10:30:00 AM UTC
06/28/2026, 03:30:00 PM UTC",REDACTED ,Welfare Check - MENTAL HEALTH,REDACTED ,,"06/28/2026, 02:55:02 PM UTC",lookup,,
67546432-f993-48ba-9c5f-135a31bad05f,Jeremy Verhulst,Lee's Summit MO PD,349,"06/28/2026, 08:54:28 AM UTC
06/28/2026, 02:54:28 PM UTC",REDACTED ,Welfare Check,REDACTED ,missouri,"06/28/2026, 02:54:29 PM UTC",lookup - Mobile,,
d996249e-6d2d-4dac-83c1-16e5b134c46a,Jeremy Verhulst,Lee's Summit MO PD,349,"06/28/2026, 08:54:14 AM UTC
06/28/2026, 02:54:14 PM UTC",REDACTED ,Welfare Check,REDACTED ,missouri,"06/28/2026, 02:54:15 PM UTC",lookup - Mobile,,
f25adfe9-cbeb-4acb-9f9d-f1d4b54161ac,Jeremy Verhulst,Lee's Summit MO PD,349,"06/28/2026, 08:54:01 AM UTC
06/28/2026, 02:54:01 PM UTC",REDACTED ,Welfare Check,REDACTED ,missouri,"06/28/2026, 02:54:02 PM UTC",lookup - Mobile,,
afd2261e-5f52-4bec-9f1e-e8144ce9b688,Jeremy Verhulst,Lee's Summit MO PD,349,"06/28/2026, 08:53:44 AM UTC
06/28/2026, 02:53:44 PM UTC",REDACTED ,Welfare Check,REDACTED ,missouri,"06/28/2026, 02:53:46 PM UTC",lookup - Mobile,,
5a1a5494-ac71-4f46-8e1a-dd3a03f2812f,Jeremy Verhulst,Lee's Summit MO PD,349,"06/28/2026, 08:53:30 AM UTC
06/28/2026, 02:53:30 PM UTC",REDACTED ,Welfare Check,REDACTED ,missouri,"06/28/2026, 02:53:31 PM UTC",lookup - Mobile,,
8879d320-12a4-4b28-aa3b-d770218fe981,Jeremy Verhulst,Lee's Summit MO PD,349,"06/28/2026, 08:53:10 AM UTC
06/28/2026, 02:53:10 PM UTC",REDACTED ,Welfare Check,REDACTED ,missouri,"06/28/2026, 02:53:13 PM UTC",lookup - Mobile,,
edda95cf-8e7b-4942-ad4e-21ef1e7551ac,Christy Griffin,Lee's Summit MO PD,2,"06/28/2026, 10:30:00 AM UTC
06/28/2026, 03:30:00 PM UTC",REDACTED ,Welfare Check - MENTAL HEALTH,REDACTED ,,"06/28/2026, 02:50:28 PM UTC",lookup,,
7025f56e-8229-4415-9def-edc92d87d5db,Jacob Aguayo,Lee's Summit MO PD,1085,"06/28/2026, 11:00:44 AM UTC
06/28/2026, 01:00:44 PM UTC",REDACTED ,Stolen Property Offenses,REDACTED ,,"06/28/2026, 12:30:58 PM UTC",lookup,,
496151de-6e5b-4bb6-8d15-17cc02f39787,Clayton Majors,Lee's Summit MO PD,1061,"06/21/2026, 11:36:39 AM UTC
06/28/2026, 11:36:39 AM UTC",REDACTED ,Traffic Infraction - investigative,REDACTED ,missouri,"06/28/2026, 11:36:42 AM UTC",lookup - Mobile,,
f51339d3-fcbd-491e-8036-1e8eec75efdd,Clayton Majors,Lee's Summit MO PD,1061,"06/27/2026, 11:34:58 AM UTC
06/28/2026, 11:34:58 AM UTC",REDACTED ,Traffic Infraction - investigative,REDACTED ,missouri,"06/28/2026, 11:35:01 AM UTC",lookup - Mobile,,
85dca593-5f53-422b-b87f-ee6d944df55f,Dane Wagler,Lee's Summit MO PD,2,"05/29/2026, 12:00:22 PM UTC
06/28/2026, 12:00:22 PM UTC",REDACTED ,Traffic Infraction,REDACTED ,SUV,"06/28/2026, 11:34:24 AM UTC",lookup,,
28bc64df-ca0f-46fc-af40-3c80632c17af,Dane Wagler,Lee's Summit MO PD,2,"06/14/2026, 12:00:31 PM UTC
06/28/2026, 12:00:31 PM UTC",REDACTED ,Traffic Infraction,REDACTED ,SUV,"06/28/2026, 11:32:32 AM UTC",lookup,,
150a69ac-46f8-4e42-b07c-781af4380d43,Dane Wagler,Lee's Summit MO PD,2,"06/28/2026, 11:15:42 AM UTC
06/28/2026, 11:30:42 AM UTC",REDACTED ,Traffic Infraction,REDACTED ,SUV,"06/28/2026, 11:32:25 AM UTC",lookup,,
80f06713-f04f-4da2-9915-180a82bf7e63,Dane Wagler,Lee's Summit MO PD,2,"06/28/2026, 11:15:42 AM UTC
06/28/2026, 11:30:42 AM UTC",REDACTED ,Traffic Infraction,REDACTED ,SUV,"06/28/2026, 11:30:52 AM UTC",search,,
0001ca37-2ad1-44bf-8e19-5166fb66a73c,Dane Wagler,Lee's Summit MO PD,1085,"06/28/2026, 11:15:42 AM UTC
06/28/2026, 11:30:42 AM UTC",REDACTED ,Traffic Infraction,REDACTED ,SUV,"06/28/2026, 11:30:44 AM UTC",search,,
439aa6a0-155c-4a18-9493-ece008e8c9f2,Dane Wagler,Lee's Summit MO PD,2,"06/28/2026, 11:15:10 AM UTC
06/28/2026, 11:30:10 AM UTC",REDACTED ,Traffic Infraction,REDACTED ,,"06/28/2026, 11:30:16 AM UTC",freeform,objectClass:vehicle suv with black wheels,allow
616c6b1c-ff48-45c8-b8fc-f2405cbe9798,Dane Wagler,Lee's Summit MO PD,2,"06/28/2026, 11:15:10 AM UTC
06/28/2026, 11:30:10 AM UTC",REDACTED ,Traffic Infraction,REDACTED ,,"06/28/2026, 11:30:12 AM UTC",freeform,objectClass:vehicle suv with black wheels,allow
b6b22115-b934-42bf-8736-8a0afc524227,Dane Wagler,Lee's Summit MO PD,2,"06/27/2026, 11:30:25 AM UTC
06/28/2026, 11:30:25 AM UTC",REDACTED ,Traffic Infraction,REDACTED ,,"06/28/2026, 11:29:54 AM UTC",freeform,objectClass:vehicle suv with black wheels,allow
211b9810-ce67-42c0-a1c5-d0b795e6773f,Dane Wagler,Lee's Summit MO PD,2,"06/28/2026, 11:13:16 AM UTC
06/28/2026, 11:28:16 AM UTC",REDACTED ,Traffic Infraction,REDACTED ,Chevrolet,"06/28/2026, 11:28:36 AM UTC",search,,
184841f9-3a95-445e-9009-e3aa3b97f4a4,Dane Wagler,Lee's Summit MO PD,1085,"06/28/2026, 11:13:16 AM UTC
06/28/2026, 11:28:16 AM UTC",REDACTED ,Traffic Infraction,REDACTED ,Chevrolet,"06/28/2026, 11:28:20 AM UTC",search,,
8754110d-74de-4ca5-8c95-f59e644749dd,Dane Wagler,Lee's Summit MO PD,1085,"06/28/2026, 04:00:00 AM UTC
06/28/2026, 11:00:00 AM UTC",REDACTED ,Driving Under the Influence (DUI/DWI/OWI/OVI),REDACTED ,,"06/28/2026, 10:39:05 AM UTC",lookup,,
060b21c0-d79f-4f28-a5a1-d3a8573cc3ba,Dane Wagler,Lee's Summit MO PD,1085,"06/28/2026, 09:00:08 AM UTC
06/28/2026, 11:00:08 AM UTC",REDACTED ,Driving Under the Influence (DUI/DWI/OWI/OVI),REDACTED ,,"06/28/2026, 10:38:42 AM UTC",lookup,,
0b0cab1f-d858-4e04-96f5-54e8f5579784,Scott McMilian,Lee's Summit MO PD,1,"06/28/2026, 01:54:20 AM UTC
06/28/2026, 01:54:26 AM UTC",REDACTED ,Destruction/Damage/Vandalism of Property,REDACTED ,,"06/28/2026, 09:36:51 AM UTC",search,,
53bb6d28-cf01-4faf-b548-cc3906fb4a82,Scott McMilian,Lee's Summit MO PD,2,"06/27/2026, 04:30:18 AM UTC
06/28/2026, 04:30:18 AM UTC",REDACTED ,Destruction/Damage/Vandalism of Property,REDACTED ,,"06/28/2026, 04:32:45 AM UTC",lookup,,
d037fce3-2cec-4d8a-8ae0-3ad7d37209b0,Scott McMilian,Lee's Summit MO PD,2,"06/27/2026, 04:30:18 AM UTC
06/28/2026, 04:30:18 AM UTC",REDACTED ,Destruction/Damage/Vandalism of Property,REDACTED ,south_dakota,"06/28/2026, 04:20:20 AM UTC",search,,
88de2093-f19a-4fa0-b1ae-8d6e74431f93,Scott McMilian,Lee's Summit MO PD,1085,"06/21/2026, 04:30:52 AM UTC
06/28/2026, 04:30:52 AM UTC",REDACTED ,Destruction/Damage/Vandalism of Property,REDACTED ,,"06/28/2026, 04:18:54 AM UTC",lookup,,
add3f5ba-321e-42de-a025-37a45714c1a2,Scott McMilian,Lee's Summit MO PD,1,"06/28/2026, 12:52:12 AM UTC
06/28/2026, 12:52:18 AM UTC",REDACTED ,Destruction/Damage/Vandalism of Property,REDACTED ,,"06/28/2026, 04:16:24 AM UTC",search,,
da78679e-4123-4451-b058-890f6a28e328,Scott McMilian,Lee's Summit MO PD,1,"06/28/2026, 12:58:40 AM UTC
06/28/2026, 12:58:46 AM UTC",REDACTED ,Destruction/Damage/Vandalism of Property,REDACTED ,,"06/28/2026, 04:16:07 AM UTC",search,,
e12d51fa-f3e0-4524-b9e2-894c1cfc0a44,Scott McMilian,Lee's Summit MO PD,1085,"06/27/2026, 04:30:42 AM UTC
06/28/2026, 04:30:42 AM UTC",REDACTED ,Destruction/Damage/Vandalism of Property,REDACTED ,,"06/28/2026, 04:15:46 AM UTC",lookup,,
67636f06-04b6-4351-b3f6-66a362822777,Scott McMilian,Lee's Summit MO PD,2,"06/28/2026, 12:30:00 AM UTC
06/28/2026, 02:30:00 AM UTC",REDACTED ,Destruction/Damage/Vandalism of Property,REDACTED ,,"06/28/2026, 03:56:19 AM UTC",freeform,objectClass:vehicle white ford pickup with PRE on back window,allow
3a4e1dcf-23d5-44ce-8e83-d924b20cea3a,Scott McMilian,Lee's Summit MO PD,2,"06/28/2026, 12:30:00 AM UTC
06/28/2026, 02:30:00 AM UTC",REDACTED ,Destruction/Damage/Vandalism of Property,REDACTED ,,"06/28/2026, 03:53:20 AM UTC",freeform,objectClass:vehicle white ford pickup with stickers on back window,allow
ee474ac3-65e3-427f-a9e5-cb59b1a8901f,Scott McMilian,Lee's Summit MO PD,1,"06/28/2026, 12:22:50 AM UTC
06/28/2026, 12:22:56 AM UTC",REDACTED ,Robbery,REDACTED ,,"06/28/2026, 03:30:24 AM UTC",search,,
36bff257-8b49-49f8-8141-dedb8e473df7,Madison Madden,Lee's Summit MO PD,2,"06/27/2026, 01:30:00 AM UTC
06/28/2026, 03:30:00 AM UTC",REDACTED ,Larceny/Theft Offenses,REDACTED ,missouri,"06/28/2026, 03:04:41 AM UTC",lookup,,
e3c04fdc-dac0-4732-b987-dd2af6b02eee,Clayton Majors,Lee's Summit MO PD,1085,"06/21/2026, 03:30:17 AM UTC
06/28/2026, 03:30:17 AM UTC",REDACTED ,Traffic Infraction - Investigation for Stolen Plate,REDACTED ,missouri,"06/28/2026, 03:00:27 AM UTC",lookup,,
641fac0d-8c06-42f1-9277-b67a24def582,Clayton Majors,Lee's Summit MO PD,1085,"06/21/2026, 03:30:17 AM UTC
06/28/2026, 03:30:17 AM UTC",REDACTED ,Traffic Infraction - Investigation for Stolen Plate,REDACTED ,missouri,"06/28/2026, 03:00:19 AM UTC",lookup,,
c815e4dd-2a2f-40ba-bcb8-82fdfd9db6a5,Scott McMilian,Lee's Summit MO PD,2,"06/28/2026, 12:30:20 AM UTC
06/28/2026, 02:30:20 AM UTC",REDACTED ,Destruction/Damage/Vandalism of Property,REDACTED ,"Pickup, Ford, white","06/28/2026, 02:36:46 AM UTC",search,,
4c753ade-42f5-419d-96d2-02edb5b4c8e0,Scott McMilian,Lee's Summit MO PD,2,"06/28/2026, 12:30:20 AM UTC
06/28/2026, 02:30:20 AM UTC",REDACTED ,Destruction/Damage/Vandalism of Property,REDACTED ,"Pickup, Ford, white","06/28/2026, 02:21:29 AM UTC",search,,
1116bc05-d60c-41a5-a6ff-bce45fde22f4,Scott McMilian,Lee's Summit MO PD,1085,"06/28/2026, 12:30:20 AM UTC
06/28/2026, 02:30:20 AM UTC",REDACTED ,Destruction/Damage/Vandalism of Property,REDACTED ,"Pickup, Ford, white","06/28/2026, 02:20:30 AM UTC",search,,
5202308d-8c00-4d92-86e5-b513e65a01e4,Bailey Miller,Lee's Summit MO PD,1086,"06/27/2026, 02:00:29 AM UTC
06/28/2026, 02:00:29 AM UTC",REDACTED ,Traffic Infraction,REDACTED ,,"06/28/2026, 01:39:31 AM UTC",lookup,,
ef8ced95-9e0d-49f6-ba66-0022f364ffa2,Dane Wagler,Lee's Summit MO PD,2,"06/28/2026, 12:00:02 AM UTC
06/28/2026, 02:00:02 AM UTC",REDACTED ,Destruction/Damage/Vandalism of Property,REDACTED ,,"06/28/2026, 01:37:22 AM UTC",lookup,,
5df5e574-8123-41cb-ab70-2d4996690683,Scott McMilian,Lee's Summit MO PD,1085,"06/21/2026, 02:00:08 AM UTC
06/28/2026, 02:00:08 AM UTC",REDACTED ,Criminal Motor Vehicle Offense (incl. Road Rage/Reckless),REDACTED ,,"06/28/2026, 01:37:10 AM UTC",lookup,,
1554b7b6-6b70-4739-b8ac-be71f85ce786,Caylie Colombo,Lee's Summit MO PD,2,"06/28/2026, 12:00:44 AM UTC
06/28/2026, 02:00:44 AM UTC",REDACTED ,Disorderly Conduct/Disturbance,REDACTED ,"Pontiac, red","06/28/2026, 01:36:37 AM UTC",search,,
4b9ec91d-474a-4c64-934c-5d1948b740a6,Caylie Colombo,Lee's Summit MO PD,1085,"06/28/2026, 12:00:44 AM UTC
06/28/2026, 02:00:44 AM UTC",REDACTED ,Disorderly Conduct/Disturbance,REDACTED ,"Pontiac, red","06/28/2026, 01:36:29 AM UTC",search,,
4766b89a-3f4b-4471-b742-d7d132b7a6d2,Scott McMilian,Lee's Summit MO PD,1085,"06/28/2026, 01:16:59 AM UTC
06/28/2026, 01:31:59 AM UTC",REDACTED ,Criminal Motor Vehicle Offense (incl. Road Rage/Reckless),REDACTED ,"Pontiac, red","06/28/2026, 01:34:12 AM UTC",search,,
162f8a14-79cc-4e29-9e01-991f05f1d363,Scott McMilian,Lee's Summit MO PD,1085,"06/28/2026, 01:16:59 AM UTC
06/28/2026, 01:31:59 AM UTC",REDACTED ,Criminal Motor Vehicle Offense (incl. Road Rage/Reckless),REDACTED ,,"06/28/2026, 01:34:00 AM UTC",search,,
96fc45a7-9743-4fb3-9719-b173795de17e,Scott McMilian,Lee's Summit MO PD,1085,"06/28/2026, 01:16:59 AM UTC
06/28/2026, 01:31:59 AM UTC",REDACTED ,Criminal Motor Vehicle Offense (incl. Road Rage/Reckless),REDACTED ,,"06/28/2026, 01:33:21 AM UTC",search,,
6b3290cf-8795-45b6-82f8-a587660e1324,Scott McMilian,Lee's Summit MO PD,2,"06/28/2026, 01:16:59 AM UTC
06/28/2026, 01:31:59 AM UTC",REDACTED ,Criminal Motor Vehicle Offense (incl. Road Rage/Reckless),REDACTED ,,"06/28/2026, 01:32:04 AM UTC",search,,
3283986c-8081-4e9b-ba8c-50275edbbcb7,Scott McMilian,Lee's Summit MO PD,1085,"06/27/2026, 06:21:07 AM UTC
06/27/2026, 06:36:07 AM UTC",REDACTED ,Hit and Run/Car Accident,REDACTED ,SUV,"06/28/2026, 01:26:43 AM UTC",search,,
a5949cf6-df13-4072-a034-beecbb53a852,Scott McMilian,Lee's Summit MO PD,1,"06/28/2026, 01:03:22 AM UTC
06/28/2026, 01:03:28 AM UTC",REDACTED ,Robbery,REDACTED ,,"06/28/2026, 01:17:34 AM UTC",search,,
dfc47dbd-6a72-4dc1-a52d-43128d30b5e2,Scott McMilian,Lee's Summit MO PD,1085,"05/29/2026, 01:30:22 AM UTC
06/28/2026, 01:30:22 AM UTC",REDACTED ,Robbery,REDACTED ,,"06/28/2026, 01:11:24 AM UTC",lookup,,
2b847d7d-9e82-475e-8e61-ad9711051dd0,Scott McMilian,Lee's Summit MO PD,1085,"06/14/2026, 01:30:16 AM UTC
06/28/2026, 01:30:16 AM UTC",REDACTED ,Robbery,REDACTED ,,"06/28/2026, 01:11:18 AM UTC",lookup,,
bde4252c-8774-4fc8-a422-44a4553100e7,Scott McMilian,Lee's Summit MO PD,1,"06/28/2026, 12:55:33 AM UTC
06/28/2026, 12:55:39 AM UTC",REDACTED ,Robbery,REDACTED ,,"06/28/2026, 01:07:41 AM UTC",search,,
a3ed3f1e-43c4-4248-99b6-9906cf3181f2,Scott McMilian,Lee's Summit MO PD,2,"06/27/2026, 10:30:38 PM UTC
06/28/2026, 12:30:38 AM UTC",REDACTED ,Robbery,REDACTED ,"BMW, white","06/28/2026, 01:06:02 AM UTC",search,,
40e21214-6594-4a1e-8fe0-8f9cca11ca48,Zach Wittman,Lee's Summit MO PD,1085,"06/27/2026, 01:30:49 AM UTC
06/28/2026, 01:30:49 AM UTC",REDACTED ,Motor Vehicle Theft/Stolen,REDACTED ,"Jeep, missouri","06/28/2026, 01:05:40 AM UTC",lookup,,
f4cc7fba-0d5b-4e56-87d6-94dbd72a8c8a,Dane Wagler,Lee's Summit MO PD,2,"06/27/2026, 11:30:11 PM UTC
06/28/2026, 01:30:11 AM UTC",REDACTED ,Motor Vehicle Theft/Stolen,REDACTED ,,"06/28/2026, 01:05:28 AM UTC",lookup,,
9b089238-cbbe-4908-8e3c-7080811ed5f2,Scott McMilian,Lee's Summit MO PD,2,"06/27/2026, 10:30:38 PM UTC
06/28/2026, 12:30:38 AM UTC",REDACTED ,Robbery,REDACTED ,"BMW, white","06/28/2026, 01:05:20 AM UTC",search,,
3d1a611b-2ccd-434a-8b6f-47d1098ebb91,Dane Wagler,Lee's Summit MO PD,2,"06/27/2026, 11:30:11 PM UTC
06/28/2026, 01:30:11 AM UTC",REDACTED ,Motor Vehicle Theft/Stolen,REDACTED ,"BMW, white","06/28/2026, 01:04:50 AM UTC",search,,
ef7e4b16-2639-405c-b80d-b26e9bb4a55f,Scott McMilian,Lee's Summit MO PD,1085,"06/21/2026, 01:30:08 AM UTC
06/28/2026, 01:30:08 AM UTC",REDACTED ,Robbery,REDACTED ,,"06/28/2026, 01:03:58 AM UTC",lookup,,
c8ce2dd4-2b08-42d1-b61d-ac07ed414442,Zach Wittman,Lee's Summit MO PD,1085,"06/27/2026, 01:30:49 AM UTC
06/28/2026, 01:30:49 AM UTC",REDACTED ,Motor Vehicle Theft/Stolen,REDACTED ,"Jeep, missouri","06/28/2026, 01:03:39 AM UTC",lookup,,
a90bef11-d4e5-4628-b630-1f79e7e94558,Zach Wittman,Lee's Summit MO PD,1085,"06/27/2026, 01:30:49 AM UTC
06/28/2026, 01:30:49 AM UTC",REDACTED ,Motor Vehicle Theft/Stolen,REDACTED ,,"06/28/2026, 01:02:52 AM UTC",lookup,,
8c614b12-7d67-4e28-9616-fd138c8422b3,Addison Smith,Lee's Summit MO PD,1086,"06/27/2026, 11:00:12 PM UTC
06/28/2026, 01:00:12 AM UTC",REDACTED ,Motor Vehicle Theft/Stolen,REDACTED ,,"06/28/2026, 01:02:42 AM UTC",lookup,,
70087867-f354-46c0-9648-9d83709ca491,Scott McMilian,Lee's Summit MO PD,1085,"06/21/2026, 01:30:08 AM UTC
06/28/2026, 01:30:08 AM UTC",REDACTED ,Robbery,REDACTED ,,"06/28/2026, 01:02:10 AM UTC",lookup,,
84f6ced0-0547-4e2d-a2e9-143585e23413,Addison Smith,Lee's Summit MO PD,1086,"06/27/2026, 11:00:12 PM UTC
06/28/2026, 01:00:12 AM UTC",REDACTED ,Motor Vehicle Theft/Stolen,REDACTED ,,"06/28/2026, 01:02:09 AM UTC",lookup,,
0333f4c5-8626-45b7-bc9c-dcdec62f2c37,Scott McMilian,Lee's Summit MO PD,1085,"06/21/2026, 01:30:08 AM UTC
06/28/2026, 01:30:08 AM UTC",REDACTED ,Robbery,REDACTED ,kansas,"06/28/2026, 01:02:05 AM UTC",lookup,,
1db4c10f-af99-413a-b542-1a5bfc56973c,Scott McMilian,Lee's Summit MO PD,1085,"06/21/2026, 01:30:08 AM UTC
06/28/2026, 01:30:08 AM UTC",REDACTED ,Robbery,REDACTED ,kansas,"06/28/2026, 01:01:45 AM UTC",lookup,,
34231855-ed07-4592-83e4-d9eff458492a,Scott McMilian,Lee's Summit MO PD,1085,"06/21/2026, 01:30:08 AM UTC
06/28/2026, 01:30:08 AM UTC",REDACTED ,Robbery,REDACTED ,kansas,"06/28/2026, 01:01:11 AM UTC",lookup,,
720edcdd-f1c1-4620-8983-cd1fd79b52e4,Scott McMilian,Lee's Summit MO PD,2,"06/27/2026, 02:30:40 AM UTC
06/27/2026, 04:30:40 AM UTC",REDACTED ,Welfare Check,REDACTED ,kansas,"06/28/2026, 01:00:42 AM UTC",search,,
3d926952-6f2e-4e1c-a2d0-00e56717cd83,Addison Smith,Lee's Summit MO PD,1086,"06/27/2026, 11:00:12 PM UTC
06/28/2026, 01:00:12 AM UTC",REDACTED ,Motor Vehicle Theft/Stolen,REDACTED ,,"06/28/2026, 01:00:13 AM UTC",lookup,,
00663768-01e7-4ecf-8a13-c756ba270ebd,Addison Smith,Lee's Summit MO PD,1086,"06/27/2026, 11:00:12 PM UTC
06/28/2026, 01:00:12 AM UTC",REDACTED ,Motor Vehicle Theft/Stolen,REDACTED ,,"06/28/2026, 12:58:33 AM UTC",lookup,,
ec286f00-f4f9-4e5a-8ccb-2c95045ed434,Nicolet Dyer,Lee's Summit MO PD,1086,"06/20/2026, 02:00:30 PM UTC
06/27/2026, 02:00:30 PM UTC",REDACTED ,Motor Vehicle Theft/Stolen,REDACTED ,,"06/27/2026, 01:57:31 PM UTC",lookup,,
1be22608-155f-4b3a-89a4-530c9c55c6d1,Nicolet Dyer,Lee's Summit MO PD,1086,"06/27/2026, 12:00:19 PM UTC
06/27/2026, 02:00:19 PM UTC",REDACTED ,Motor Vehicle Theft/Stolen,REDACTED ,,"06/27/2026, 01:57:28 PM UTC",lookup,,
7885bfbc-c441-4cff-be8d-e9778a701db1,Jacob Aguayo,Lee's Summit MO PD,1085,"06/20/2026, 02:00:23 PM UTC
06/27/2026, 02:00:23 PM UTC",REDACTED ,Motor Vehicle Theft/Stolen,REDACTED ,,"06/27/2026, 01:57:24 PM UTC",lookup,,
a1575d9e-5d4a-49b8-9abc-002c711a77bb,Jacob Aguayo,Lee's Summit MO PD,1085,"06/26/2026, 02:00:13 PM UTC
06/27/2026, 02:00:13 PM UTC",REDACTED ,Motor Vehicle Theft/Stolen,REDACTED ,,"06/27/2026, 01:57:14 PM UTC",lookup,,
e8b68410-bc27-4af3-91f5-a52cf7ef1a06,Jacob Aguayo,Lee's Summit MO PD,1085,"06/27/2026, 12:00:55 PM UTC
06/27/2026, 02:00:55 PM UTC",REDACTED ,Motor Vehicle Theft/Stolen,REDACTED ,,"06/27/2026, 01:57:08 PM UTC",lookup,,
2f1eae5c-dc78-43ad-b842-bd94923e86bb,Grace DiStefano,Lee's Summit MO PD,2,"06/26/2026, 10:30:01 AM UTC
06/27/2026, 10:30:01 AM UTC",REDACTED ,Missing/Endangered Person/Runaway - missing,REDACTED ,,"06/27/2026, 10:18:16 AM UTC",freeform,objectClass:vehicle light gray or blue with wooden bed gate truck,allow
b945931b-1356-4410-8823-51f4c70482ae,Grace DiStefano,Lee's Summit MO PD,2,"06/26/2026, 10:30:01 AM UTC
06/27/2026, 10:30:01 AM UTC",REDACTED ,Missing/Endangered Person/Runaway - missing,REDACTED ,,"06/27/2026, 10:16:57 AM UTC",freeform,objectClass:vehicle light gray or blue with wooden gate truck,allow
3f5eabf1-fa02-43f2-800b-db05f4107b96,Clayton Majors,Lee's Summit MO PD,1085,"06/20/2026, 08:30:30 AM UTC
06/27/2026, 08:30:30 AM UTC",REDACTED ,Drugs/Narcotics - Investigation,REDACTED ,iowa,"06/27/2026, 08:39:51 AM UTC",lookup,,
e8ef4ff9-7581-4551-a956-43eab3b2ee0e,Clayton Majors,Lee's Summit MO PD,1085,"06/20/2026, 08:30:30 AM UTC
06/27/2026, 08:30:30 AM UTC",REDACTED ,Drugs/Narcotics - Investigation,REDACTED ,iowa,"06/27/2026, 08:39:40 AM UTC",lookup,,
72d089b3-9c33-429f-9531-576a0bcc494d,Clayton Majors,Lee's Summit MO PD,1085,"06/20/2026, 08:30:30 AM UTC
06/27/2026, 08:30:30 AM UTC",REDACTED ,Drugs/Narcotics - Investigation,REDACTED ,iowa,"06/27/2026, 08:39:30 AM UTC",lookup,,
3d329bf7-2df6-48d6-b90a-0af7a889f7f8,Clayton Majors,Lee's Summit MO PD,1085,"06/20/2026, 08:30:30 AM UTC
06/27/2026, 08:30:30 AM UTC",REDACTED ,Drugs/Narcotics - Investigation,REDACTED ,iowa,"06/27/2026, 08:13:59 AM UTC",lookup,,
97cdeb2e-8681-4895-b13b-38023f6ccc52,Clayton Majors,Lee's Summit MO PD,1085,"06/20/2026, 08:30:30 AM UTC
06/27/2026, 08:30:30 AM UTC",REDACTED ,Drugs/Narcotics - Investigation,REDACTED ,"Chevrolet, iowa","06/27/2026, 08:13:52 AM UTC",lookup,,
83067dbc-a57c-46c0-9799-d45123a628d3,Clayton Majors,Lee's Summit MO PD,1085,"06/20/2026, 08:30:30 AM UTC
06/27/2026, 08:30:30 AM UTC",REDACTED ,Drugs/Narcotics - Investigation,REDACTED ,"Chevrolet, iowa","06/27/2026, 08:13:32 AM UTC",lookup,,
f7a10feb-7fe4-4a8d-9148-fca79ea403cb,Clayton Majors,Lee's Summit MO PD,1085,"06/13/2026, 02:30:25 AM UTC
06/27/2026, 02:30:25 AM UTC",REDACTED ,Drugs/Narcotics - Investigation,REDACTED ,iowa,"06/27/2026, 08:13:07 AM UTC",lookup,,
7cff05e9-25a0-40eb-bd2a-a4372a55393f,Clayton Majors,Lee's Summit MO PD,1085,"06/13/2026, 02:30:25 AM UTC
06/27/2026, 02:30:25 AM UTC",REDACTED ,Drugs/Narcotics - Investigation,REDACTED ,iowa,"06/27/2026, 08:12:52 AM UTC",lookup,,
beb4b4a0-23fe-4e55-904a-490a3acebdec,Clayton Majors,Lee's Summit MO PD,1085,"06/13/2026, 02:30:25 AM UTC
06/27/2026, 02:30:25 AM UTC",REDACTED ,Drugs/Narcotics - Investigation,REDACTED ,iowa,"06/27/2026, 08:12:34 AM UTC",lookup,,
eb18133c-3ffa-4bfa-bcc8-b98d0ab6e647,Clayton Majors,Lee's Summit MO PD,1085,"06/13/2026, 02:30:25 AM UTC
06/27/2026, 02:30:25 AM UTC",REDACTED ,Drugs/Narcotics - Investigation,REDACTED ,iowa,"06/27/2026, 08:02:04 AM UTC",lookup,,
ea602d1a-387f-4de2-abca-87e764d8b5e9,Clayton Majors,Lee's Summit MO PD,1085,"06/13/2026, 02:30:25 AM UTC
06/27/2026, 02:30:25 AM UTC",REDACTED ,Drugs/Narcotics - Investigation,REDACTED ,iowa,"06/27/2026, 07:57:10 AM UTC",lookup,,
de2ea504-d34e-487b-89ba-3201920fff88,Clayton Majors,Lee's Summit MO PD,1085,"06/13/2026, 02:30:25 AM UTC
06/27/2026, 02:30:25 AM UTC",REDACTED ,Drugs/Narcotics - Investigation,REDACTED ,iowa,"06/27/2026, 07:56:44 AM UTC",lookup,,
70848966-cf9f-401f-bb0c-ae9eccc03ed8,Scott McMilian,Lee's Summit MO PD,1085,"06/27/2026, 06:21:07 AM UTC
06/27/2026, 06:36:07 AM UTC",REDACTED ,Hit and Run/Car Accident,REDACTED ,SUV,"06/27/2026, 06:38:09 AM UTC",search,,
6e9414b4-54c6-4296-9ff9-f96420e1a1c6,Scott McMilian,Lee's Summit MO PD,1085,"06/27/2026, 06:21:07 AM UTC
06/27/2026, 06:36:07 AM UTC",REDACTED ,Hit and Run/Car Accident,REDACTED ,SUV,"06/27/2026, 06:37:38 AM UTC",search,,
d5c05e9d-8e46-4be1-9ad1-13f99e47f987,Austin Prindle,Lee's Summit MO PD,1085,"06/27/2026, 05:00:47 AM UTC
06/27/2026, 07:00:47 AM UTC",REDACTED ,Curfew/Loitering/Vagrancy Violations,REDACTED ,,"06/27/2026, 06:36:20 AM UTC",lookup,,
f9258226-e8d9-46d4-881c-68222bede142,Scott McMilian,Lee's Summit MO PD,2,"06/27/2026, 06:21:07 AM UTC
06/27/2026, 06:36:07 AM UTC",REDACTED ,Hit and Run/Car Accident,REDACTED ,SUV,"06/27/2026, 06:36:08 AM UTC",search,,
7c10c965-4cdd-4430-b9a3-c7537380d5ae,Scott McMilian,Lee's Summit MO PD,2,"06/27/2026, 05:00:48 AM UTC
06/27/2026, 07:00:48 AM UTC",REDACTED ,Hit and Run/Car Accident,REDACTED ,"SUV, red","06/27/2026, 06:35:50 AM UTC",search,,
